o 
v 22.468767166137695 11.329436302185059 0
v 22.520015716552734 10.629400253295898 0
v 22.537099838256836 9.90429973602295 0
v 22.26376724243164 12.654311180114746 0
v 22.383350372314453 12.004405975341797 0
v 22.468767166137695 11.329436302185059 0
v 21.922100067138672 13.878925323486328 0
v 22.110015869140625 13.27915096282959 0
v 22.26376724243164 12.654311180114746 0
v 21.443767547607422 15.003277778625488 0
v 21.700016021728516 14.453634262084961 0
v 21.922100067138672 13.878925323486328 0
v 20.828765869140625 16.027368545532227 0
v 21.153350830078125 15.52785587310791 0
v 21.443767547607422 15.003277778625488 0
v 20.07710075378418 16.951200485229492 0
v 20.470016479492188 16.50181770324707 0
v 20.828765869140625 16.027368545532227 0
v 19.209089279174805 17.752092361450195 0
v 19.655105590820312 17.369848251342773 0
v 20.07710075378418 16.951200485229492 0
v 18.2449893951416 18.407365798950195 0
v 18.739049911499023 18.097930908203125 0
v 19.209089279174805 17.752092361450195 0
v 17.184799194335938 18.917024612426758 0
v 17.726905822753906 18.680397033691406 0
v 18.2449893951416 18.407365798950195 0
v 16.028522491455078 19.28106689453125 0
v 16.618671417236328 19.11724853515625 0
v 17.184799194335938 18.917024612426758 0
v 14.776155471801758 19.49949073791504 0
v 15.414349555969238 19.40848159790039 0
v 16.028522491455078 19.28106689453125 0
v 13.42770004272461 19.57229995727539 0
v 14.11393928527832 19.55409812927246 0
v 14.776155471801758 19.49949073791504 0
v 12.619650840759277 19.54395294189453 0
v 13.019796371459961 19.56521224975586 0
v 13.42770004272461 19.57229995727539 0
v 11.842635154724121 19.458911895751953 0
v 12.227263450622559 19.50851821899414 0
v 12.619650840759277 19.54395294189453 0
v 11.096654891967773 19.317174911499023 0
v 11.465765953063965 19.395130157470703 0
v 11.842635154724121 19.458911895751953 0
v 10.381709098815918 19.118743896484375 0
v 10.735302925109863 19.225046157836914 0
v 11.096654891967773 19.317174911499023 0
v 9.697796821594238 18.863618850708008 0
v 10.035873413085938 18.998268127441406 0
v 10.381709098815918 19.118743896484375 0
v 9.044919967651367 18.551799774169922 0
v 9.36747932434082 18.71479606628418 0
v 9.697796821594238 18.863618850708008 0
v 8.431421279907227 18.185644149780273 0
v 8.732202529907227 18.375211715698242 0
v 9.044919967651367 18.551799774169922 0
v 7.86566686630249 17.767578125 0
v 8.142576217651367 17.98310089111328 0
v 8.431421279907227 18.185644149780273 0
v 7.347654819488525 17.29759979248047 0
v 7.6006927490234375 17.539077758789062 0
v 7.86566686630249 17.767578125 0
v 6.877386569976807 16.775711059570312 0
v 7.106553077697754 17.04314422607422 0
v 7.347654819488525 17.29759979248047 0
v 6.454861640930176 16.20191192626953 0
v 6.66015625 16.49530029296875 0
v 6.877386569976807 16.775711059570312 0
v 6.080080032348633 15.576199531555176 0
v 6.261502742767334 15.895544052124023 0
v 6.454861640930176 16.20191192626953 0
v 21.699199676513672 24.55660057067871 0
v 18.0039005279541 23.890600204467773 0
v 17.798603057861328 24.48082160949707 0
v 21.370088577270508 25.538328170776367 0
v 21.543521881103516 25.05805778503418 0
v 21.699199676513672 24.55660057067871 0
v 20.969955444335938 26.43531036376953 0
v 21.17889976501465 25.997411727905273 0
v 21.370088577270508 25.538328170776367 0
v 20.49880027770996 27.247549057006836 0
v 20.743255615234375 26.85202407836914 0
v 20.969955444335938 26.43531036376953 0
v 19.956623077392578 27.97504425048828 0
v 20.236589431762695 27.621891021728516 0
v 20.49880027770996 27.247549057006836 0
v 19.343421936035156 28.617794036865234 0
v 19.658899307250977 28.3070125579834 0
v 19.956623077392578 27.97504425048828 0
v 18.65920066833496 29.175800323486328 0
v 19.010189056396484 28.907390594482422 0
v 19.343421936035156 28.617794036865234 0
v 17.903959274291992 29.64846420288086 0
v 18.290456771850586 29.422874450683594 0
v 18.65920066833496 29.175800323486328 0
v 17.077699661254883 30.035188674926758 0
v 17.499706268310547 29.852569580078125 0
v 17.903959274291992 29.64846420288086 0
v 16.1804256439209 30.335975646972656 0
v 16.637939453125 30.19632339477539 0
v 17.077699661254883 30.035188674926758 0
v 15.212133407592773 30.55082130432129 0
v 15.705156326293945 30.45414161682129 0
v 16.1804256439209 30.335975646972656 0
v 14.17282485961914 30.679731369018555 0
v 14.701355934143066 30.626018524169922 0
v 15.212133407592773 30.55082130432129 0
v 13.0625 30.722700119018555 0
v 13.62653923034668 30.711957931518555 0
v 14.17282485961914 30.679731369018555 0
v 11.395669937133789 30.605728149414062 0
v 12.2125244140625 30.693456649780273 0
v 13.0625 30.722700119018555 0
v 9.861328125 30.254810333251953 0
v 10.6119384765625 30.45951271057129 0
v 11.395669937133789 30.605728149414062 0
v 8.45947265625 29.669950485229492 0
v 9.143838882446289 29.991622924804688 0
v 9.861328125 30.254810333251953 0
v 7.1901044845581055 28.851144790649414 0
v 7.8082275390625 29.289791107177734 0
v 8.45947265625 29.669950485229492 0
v 6.053223609924316 27.79839515686035 0
v 6.605103015899658 28.354013442993164 0
v 7.1901044845581055 28.851144790649414 0
v 5.048830032348633 26.511699676513672 0
v 5.534465789794922 27.184289932250977 0
v 6.053223609924316 27.79839515686035 0
v 4.188858985900879 25.006610870361328 0
v 4.599299907684326 25.78451919555664 0
v 5.048830032348633 26.511699676513672 0
v 3.4852466583251953 23.29861068725586 0
v 3.8175082206726074 24.177974700927734 0
v 4.188858985900879 25.006610870361328 0
v 2.937992572784424 21.387699127197266 0
v 3.192074775695801 22.368518829345703 0
v 3.4852466583251953 23.29861068725586 0
v 2.5470967292785645 19.27387809753418 0
v 2.7229998111724854 20.35615348815918 0
v 2.937992572784424 21.387699127197266 0
v 2.312559127807617 16.957143783569336 0
v 2.410283088684082 18.1408748626709 0
v 2.5470967292785645 19.27387809753418 0
v 2.234380006790161 14.4375 0
v 2.25392484664917 15.722685813903809 0
v 2.312559127807617 16.957143783569336 0
v 2.309575319290161 12.113009452819824 0
v 2.253178834915161 13.25123405456543 0
v 2.234380006790161 14.4375 0
v 6.466800212860107 10.656200408935547 0
v 2.403569459915161 11.0228271484375 0
v 2.309575319290161 12.113009452819824 0
v 2.403569459915161 11.0228271484375 0
v 6.466800212860107 10.656200408935547 0
v 6.472320079803467 10.273070335388184 0
v 2.704350471496582 8.98658561706543 0
v 2.535161018371582 9.980685234069824 0
v 2.403569459915161 11.0228271484375 0
v 3.155522108078003 7.142510890960693 0
v 2.911137580871582 8.04052734375 0
v 2.704350471496582 8.98658561706543 0
v 3.757084369659424 5.490602016448975 0
v 3.437504529953003 6.292535781860352 0
v 3.155522108078003 7.142510890960693 0
v 4.509037017822266 4.030858993530273 0
v 4.114262104034424 4.7367095947265625 0
v 3.757084369659424 5.490602016448975 0
v 5.409291744232178 2.7656681537628174 0
v 4.941410064697266 3.3730499744415283 0
v 4.509037017822266 4.030858993530273 0
v 6.445314407348633 1.7093521356582642 0
v 5.910593032836914 2.211102247238159 0
v 5.409291744232178 2.7656681537628174 0
v 7.615016460418701 0.8642992377281189 0
v 7.013455390930176 1.2604178190231323 0
v 6.445314407348633 1.7093521356582642 0
v 8.918397903442383 0.23050956428050995 0
v 8.24999713897705 0.5209965109825134 0
v 7.615016460418701 0.8642992377281189 0
v 10.355459213256836 -0.1920168697834015 0
v 9.620219230651855 -0.0071615553461015224 0
v 8.918397903442383 0.23050956428050995 0
v 11.926199913024902 -0.403280109167099 0
v 11.124119758605957 -0.32405638694763184 0
v 10.355459213256836 -0.1920168697834015 0
v 13.510673522949219 -0.4104415476322174 0
v 12.761699676513672 -0.4296880066394806 0
v 11.926199913024902 -0.403280109167099 0
v 14.926262855529785 -0.2564699947834015 0
v 14.232194900512695 -0.35270223021507263 0
v 13.510673522949219 -0.4104415476322174 0
v 16.232040405273438 0.05147311091423035 0
v 15.592877388000488 -0.12174488604068756 0
v 14.926262855529785 -0.2564699947834015 0
v 17.428007125854492 0.5133877992630005 0
v 16.84375 0.2631840109825134 0
v 16.232040405273438 0.05147311091423035 0
v 18.514162063598633 1.1292740106582642 0
v 17.984811782836914 0.8020844459533691 0
v 17.428007125854492 0.5133877992630005 0
v 19.490507125854492 1.8991317749023438 0
v 19.016061782836914 1.4949564933776855 0
v 18.514162063598633 1.1292740106582642 0
v 20.35271453857422 2.8177378177642822 0
v 19.9375 2.3417999744415283 0
v 19.490507125854492 1.8991317749023438 0
v 21.074825286865234 3.8537611961364746 0
v 20.731822967529297 3.3217248916625977 0
v 20.35271453857422 2.8177378177642822 0
v 21.65251350402832 5.001981258392334 0
v 21.38172149658203 4.413846492767334 0
v 21.074825286865234 3.8537611961364746 0
v 22.08578109741211 6.262397766113281 0
v 21.88719940185547 5.618165016174316 0
v 21.65251350402832 5.001981258392334 0
v 22.374624252319336 7.635011196136475 0
v 22.248254776000977 6.934679985046387 0
v 22.08578109741211 6.262397766113281 0
v 22.519046783447266 9.119821548461914 0
v 22.464889526367188 8.363391876220703 0
v 22.374624252319336 7.635011196136475 0
v 22.468767166137695 11.329436302185059 0
v 22.537099838256836 9.90429973602295 0
v 22.519046783447266 9.119821548461914 0
v 21.922100067138672 13.878925323486328 0
v 22.26376724243164 12.654311180114746 0
v 22.468767166137695 11.329436302185059 0
v 20.828765869140625 16.027368545532227 0
v 21.443767547607422 15.003277778625488 0
v 21.922100067138672 13.878925323486328 0
v 19.209089279174805 17.752092361450195 0
v 20.07710075378418 16.951200485229492 0
v 20.828765869140625 16.027368545532227 0
v 17.184799194335938 18.917024612426758 0
v 18.2449893951416 18.407365798950195 0
v 19.209089279174805 17.752092361450195 0
v 14.776155471801758 19.49949073791504 0
v 16.028522491455078 19.28106689453125 0
v 17.184799194335938 18.917024612426758 0
v 12.619650840759277 19.54395294189453 0
v 13.42770004272461 19.57229995727539 0
v 14.776155471801758 19.49949073791504 0
v 11.096654891967773 19.317174911499023 0
v 11.842635154724121 19.458911895751953 0
v 12.619650840759277 19.54395294189453 0
v 9.697796821594238 18.863618850708008 0
v 10.381709098815918 19.118743896484375 0
v 11.096654891967773 19.317174911499023 0
v 8.431421279907227 18.185644149780273 0
v 9.044919967651367 18.551799774169922 0
v 9.697796821594238 18.863618850708008 0
v 7.347654819488525 17.29759979248047 0
v 7.86566686630249 17.767578125 0
v 8.431421279907227 18.185644149780273 0
v 6.454861640930176 16.20191192626953 0
v 6.877386569976807 16.775711059570312 0
v 7.347654819488525 17.29759979248047 0
v 21.699199676513672 24.55660057067871 0
v 17.798603057861328 24.48082160949707 0
v 17.555110931396484 25.01972007751465 0
v 20.969955444335938 26.43531036376953 0
v 21.370088577270508 25.538328170776367 0
v 21.699199676513672 24.55660057067871 0
v 19.956623077392578 27.97504425048828 0
v 20.49880027770996 27.247549057006836 0
v 20.969955444335938 26.43531036376953 0
v 18.65920066833496 29.175800323486328 0
v 19.343421936035156 28.617794036865234 0
v 19.956623077392578 27.97504425048828 0
v 17.077699661254883 30.035188674926758 0
v 17.903959274291992 29.64846420288086 0
v 18.65920066833496 29.175800323486328 0
v 15.212133407592773 30.55082130432129 0
v 16.1804256439209 30.335975646972656 0
v 17.077699661254883 30.035188674926758 0
v 13.0625 30.722700119018555 0
v 14.17282485961914 30.679731369018555 0
v 15.212133407592773 30.55082130432129 0
v 9.861328125 30.254810333251953 0
v 11.395669937133789 30.605728149414062 0
v 13.0625 30.722700119018555 0
v 7.1901044845581055 28.851144790649414 0
v 8.45947265625 29.669950485229492 0
v 9.861328125 30.254810333251953 0
v 5.048830032348633 26.511699676513672 0
v 6.053223609924316 27.79839515686035 0
v 7.1901044845581055 28.851144790649414 0
v 3.4852466583251953 23.29861068725586 0
v 4.188858985900879 25.006610870361328 0
v 5.048830032348633 26.511699676513672 0
v 2.5470967292785645 19.27387809753418 0
v 2.937992572784424 21.387699127197266 0
v 3.4852466583251953 23.29861068725586 0
v 2.234380006790161 14.4375 0
v 2.312559127807617 16.957143783569336 0
v 2.5470967292785645 19.27387809753418 0
v 6.466800212860107 10.656200408935547 0
v 2.309575319290161 12.113009452819824 0
v 2.234380006790161 14.4375 0
v 2.403569459915161 11.0228271484375 0
v 6.472320079803467 10.273070335388184 0
v 6.4888811111450195 9.897101402282715 0
v 3.155522108078003 7.142510890960693 0
v 2.704350471496582 8.98658561706543 0
v 2.403569459915161 11.0228271484375 0
v 4.509037017822266 4.030858993530273 0
v 3.757084369659424 5.490602016448975 0
v 3.155522108078003 7.142510890960693 0
v 6.445314407348633 1.7093521356582642 0
v 5.409291744232178 2.7656681537628174 0
v 4.509037017822266 4.030858993530273 0
v 8.918397903442383 0.23050956428050995 0
v 7.615016460418701 0.8642992377281189 0
v 6.445314407348633 1.7093521356582642 0
v 11.926199913024902 -0.403280109167099 0
v 10.355459213256836 -0.1920168697834015 0
v 8.918397903442383 0.23050956428050995 0
v 14.926262855529785 -0.2564699947834015 0
v 13.510673522949219 -0.4104415476322174 0
v 11.926199913024902 -0.403280109167099 0
v 17.428007125854492 0.5133877992630005 0
v 16.232040405273438 0.05147311091423035 0
v 14.926262855529785 -0.2564699947834015 0
v 19.490507125854492 1.8991317749023438 0
v 18.514162063598633 1.1292740106582642 0
v 17.428007125854492 0.5133877992630005 0
v 21.074825286865234 3.8537611961364746 0
v 20.35271453857422 2.8177378177642822 0
v 19.490507125854492 1.8991317749023438 0
v 22.08578109741211 6.262397766113281 0
v 21.65251350402832 5.001981258392334 0
v 21.074825286865234 3.8537611961364746 0
v 22.519046783447266 9.119821548461914 0
v 22.374624252319336 7.635011196136475 0
v 22.08578109741211 6.262397766113281 0
v 21.922100067138672 13.878925323486328 0
v 22.468767166137695 11.329436302185059 0
v 22.519046783447266 9.119821548461914 0
v 19.209089279174805 17.752092361450195 0
v 20.828765869140625 16.027368545532227 0
v 21.922100067138672 13.878925323486328 0
v 14.776155471801758 19.49949073791504 0
v 17.184799194335938 18.917024612426758 0
v 19.209089279174805 17.752092361450195 0
v 11.096654891967773 19.317174911499023 0
v 12.619650840759277 19.54395294189453 0
v 14.776155471801758 19.49949073791504 0
v 8.431421279907227 18.185644149780273 0
v 9.697796821594238 18.863618850708008 0
v 11.096654891967773 19.317174911499023 0
v 6.454861640930176 16.20191192626953 0
v 7.347654819488525 17.29759979248047 0
v 8.431421279907227 18.185644149780273 0
v 21.699199676513672 24.55660057067871 0
v 17.555110931396484 25.01972007751465 0
v 17.27342414855957 25.507293701171875 0
v 19.956623077392578 27.97504425048828 0
v 20.969955444335938 26.43531036376953 0
v 21.699199676513672 24.55660057067871 0
v 17.077699661254883 30.035188674926758 0
v 18.65920066833496 29.175800323486328 0
v 19.956623077392578 27.97504425048828 0
v 13.0625 30.722700119018555 0
v 15.212133407592773 30.55082130432129 0
v 17.077699661254883 30.035188674926758 0
v 7.1901044845581055 28.851144790649414 0
v 9.861328125 30.254810333251953 0
v 13.0625 30.722700119018555 0
v 3.4852466583251953 23.29861068725586 0
v 5.048830032348633 26.511699676513672 0
v 7.1901044845581055 28.851144790649414 0
v 2.234380006790161 14.4375 0
v 2.5470967292785645 19.27387809753418 0
v 3.4852466583251953 23.29861068725586 0
v 6.478362560272217 11.10983657836914 0
v 6.466800212860107 10.656200408935547 0
v 2.234380006790161 14.4375 0
v 2.403569459915161 11.0228271484375 0
v 6.4888811111450195 9.897101402282715 0
v 6.516482353210449 9.528292655944824 0
v 4.509037017822266 4.030858993530273 0
v 3.155522108078003 7.142510890960693 0
v 2.403569459915161 11.0228271484375 0
v 8.918397903442383 0.23050956428050995 0
v 6.445314407348633 1.7093521356582642 0
v 4.509037017822266 4.030858993530273 0
v 14.926262855529785 -0.2564699947834015 0
v 11.926199913024902 -0.403280109167099 0
v 8.918397903442383 0.23050956428050995 0
v 19.490507125854492 1.8991317749023438 0
v 17.428007125854492 0.5133877992630005 0
v 14.926262855529785 -0.2564699947834015 0
v 22.08578109741211 6.262397766113281 0
v 21.074825286865234 3.8537611961364746 0
v 19.490507125854492 1.8991317749023438 0
v 21.922100067138672 13.878925323486328 0
v 22.519046783447266 9.119821548461914 0
v 22.08578109741211 6.262397766113281 0
v 14.776155471801758 19.49949073791504 0
v 19.209089279174805 17.752092361450195 0
v 21.922100067138672 13.878925323486328 0
v 8.431421279907227 18.185644149780273 0
v 11.096654891967773 19.317174911499023 0
v 14.776155471801758 19.49949073791504 0
v 6.080080032348633 15.576199531555176 0
v 6.454861640930176 16.20191192626953 0
v 8.431421279907227 18.185644149780273 0
v 21.699199676513672 24.55660057067871 0
v 17.27342414855957 25.507293701171875 0
v 16.95354461669922 25.943544387817383 0
v 17.077699661254883 30.035188674926758 0
v 19.956623077392578 27.97504425048828 0
v 21.699199676513672 24.55660057067871 0
v 7.1901044845581055 28.851144790649414 0
v 13.0625 30.722700119018555 0
v 17.077699661254883 30.035188674926758 0
v 2.234380006790161 14.4375 0
v 3.4852466583251953 23.29861068725586 0
v 7.1901044845581055 28.851144790649414 0
v 6.5130510330200195 11.546911239624023 0
v 6.478362560272217 11.10983657836914 0
v 2.234380006790161 14.4375 0
v 2.403569459915161 11.0228271484375 0
v 6.516482353210449 9.528292655944824 0
v 6.555124282836914 9.166646003723145 0
v 8.918397903442383 0.23050956428050995 0
v 4.509037017822266 4.030858993530273 0
v 2.403569459915161 11.0228271484375 0
v 19.490507125854492 1.8991317749023438 0
v 14.926262855529785 -0.2564699947834015 0
v 8.918397903442383 0.23050956428050995 0
v 21.922100067138672 13.878925323486328 0
v 22.08578109741211 6.262397766113281 0
v 19.490507125854492 1.8991317749023438 0
v 6.080080032348633 15.576199531555176 0
v 8.431421279907227 18.185644149780273 0
v 14.776155471801758 19.49949073791504 0
v 21.699199676513672 24.55660057067871 0
v 16.95354461669922 25.943544387817383 0
v 16.595468521118164 26.328472137451172 0
v 6.570865154266357 11.967425346374512 0
v 6.5130510330200195 11.546911239624023 0
v 2.234380006790161 14.4375 0
v 2.403569459915161 11.0228271484375 0
v 6.555124282836914 9.166646003723145 0
v 6.604806900024414 8.812158584594727 0
v 21.699199676513672 24.55660057067871 0
v 16.595468521118164 26.328472137451172 0
v 16.199199676513672 26.66207504272461 0
v 6.651804447174072 12.371377944946289 0
v 6.570865154266357 11.967425346374512 0
v 2.234380006790161 14.4375 0
v 2.403569459915161 11.0228271484375 0
v 6.604806900024414 8.812158584594727 0
v 6.665530204772949 8.464832305908203 0
v 21.699199676513672 24.55660057067871 0
v 16.199199676513672 26.66207504272461 0
v 15.76473617553711 26.944355010986328 0
v 6.755869388580322 12.758769035339355 0
v 6.651804447174072 12.371377944946289 0
v 2.234380006790161 14.4375 0
v 2.403569459915161 11.0228271484375 0
v 6.665530204772949 8.464832305908203 0
v 6.737293720245361 8.124667167663574 0
v 21.699199676513672 24.55660057067871 0
v 15.76473617553711 26.944355010986328 0
v 15.292078018188477 27.175312042236328 0
v 6.883059978485107 13.129599571228027 0
v 6.755869388580322 12.758769035339355 0
v 2.234380006790161 14.4375 0
v 2.403569459915161 11.0228271484375 0
v 6.737293720245361 8.124667167663574 0
v 6.820097923278809 7.791662216186523 0
v 17.077699661254883 30.035188674926758 0
v 21.699199676513672 24.55660057067871 0
v 15.292078018188477 27.175312042236328 0
v 7.033376216888428 13.483869552612305 0
v 6.883059978485107 13.129599571228027 0
v 2.234380006790161 14.4375 0
v 2.403569459915161 11.0228271484375 0
v 6.820097923278809 7.791662216186523 0
v 6.913942337036133 7.465817928314209 0
v 17.077699661254883 30.035188674926758 0
v 15.292078018188477 27.175312042236328 0
v 14.781225204467773 27.354944229125977 0
v 7.206817626953125 13.821578025817871 0
v 7.033376216888428 13.483869552612305 0
v 2.234380006790161 14.4375 0
v 2.403569459915161 11.0228271484375 0
v 6.913942337036133 7.465817928314209 0
v 7.01882791519165 7.147134780883789 0
v 17.077699661254883 30.035188674926758 0
v 14.781225204467773 27.354944229125977 0
v 14.232177734375 27.483253479003906 0
v 7.403385162353516 14.142724990844727 0
v 7.206817626953125 13.821578025817871 0
v 2.234380006790161 14.4375 0
v 2.403569459915161 11.0228271484375 0
v 7.01882791519165 7.147134780883789 0
v 7.134753704071045 6.835611820220947 0
v 17.077699661254883 30.035188674926758 0
v 14.232177734375 27.483253479003906 0
v 13.644936561584473 27.560237884521484 0
v 7.623077869415283 14.447311401367188 0
v 7.403385162353516 14.142724990844727 0
v 2.234380006790161 14.4375 0
v 2.403569459915161 11.0228271484375 0
v 7.134753704071045 6.835611820220947 0
v 7.261720180511475 6.53125 0
v 17.077699661254883 30.035188674926758 0
v 13.644936561584473 27.560237884521484 0
v 13.019499778747559 27.585899353027344 0
v 7.865896224975586 14.735336303710938 0
v 7.623077869415283 14.447311401367188 0
v 2.234380006790161 14.4375 0
v 2.403569459915161 11.0228271484375 0
v 7.261720180511475 6.53125 0
v 7.398309707641602 6.23591423034668 0
v 17.077699661254883 30.035188674926758 0
v 13.019499778747559 27.585899353027344 0
v 12.478442192077637 27.564489364624023 0
v 8.131839752197266 15.006799697875977 0
v 7.865896224975586 14.735336303710938 0
v 2.234380006790161 14.4375 0
v 2.403569459915161 11.0228271484375 0
v 7.398309707641602 6.23591423034668 0
v 7.543105125427246 5.951469421386719 0
v 17.077699661254883 30.035188674926758 0
v 12.478442192077637 27.564489364624023 0
v 11.958122253417969 27.500261306762695 0
v 8.416583061218262 15.259016990661621 0
v 8.131839752197266 15.006799697875977 0
v 2.234380006790161 14.4375 0
v 2.403569459915161 11.0228271484375 0
v 7.543105125427246 5.951469421386719 0
v 7.696106433868408 5.677916049957275 0
v 17.077699661254883 30.035188674926758 0
v 11.958122253417969 27.500261306762695 0
v 11.458540916442871 27.393213272094727 0
v 8.715797424316406 15.489302635192871 0
v 8.416583061218262 15.259016990661621 0
v 2.234380006790161 14.4375 0
v 2.403569459915161 11.0228271484375 0
v 7.696106433868408 5.677916049957275 0
v 7.85731315612793 5.415254592895508 0
v 17.077699661254883 30.035188674926758 0
v 11.458540916442871 27.393213272094727 0
v 10.979696273803711 27.243345260620117 0
v 9.029483795166016 15.697656631469727 0
v 8.715797424316406 15.489302635192871 0
v 2.234380006790161 14.4375 0
v 2.403569459915161 11.0228271484375 0
v 7.85731315612793 5.415254592895508 0
v 8.026726722717285 5.1634840965271 0
v 17.077699661254883 30.035188674926758 0
v 10.979696273803711 27.243345260620117 0
v 10.521590232849121 27.050657272338867 0
v 9.35764217376709 15.884078025817871 0
v 9.029483795166016 15.697656631469727 0
v 2.234380006790161 14.4375 0
v 2.403569459915161 11.0228271484375 0
v 8.026726722717285 5.1634840965271 0
v 8.204344749450684 4.922605037689209 0
v 7.1901044845581055 28.851144790649414 0
v 17.077699661254883 30.035188674926758 0
v 10.521590232849121 27.050657272338867 0
v 9.700272560119629 16.048566818237305 0
v 9.35764217376709 15.884078025817871 0
v 2.234380006790161 14.4375 0
v 2.403569459915161 11.0228271484375 0
v 8.204344749450684 4.922605037689209 0
v 8.390169143676758 4.692617416381836 0
v 7.1901044845581055 28.851144790649414 0
v 10.521590232849121 27.050657272338867 0
v 10.084222793579102 26.815149307250977 0
v 10.057374954223633 16.191125869750977 0
v 9.700272560119629 16.048566818237305 0
v 2.234380006790161 14.4375 0
v 2.403569459915161 11.0228271484375 0
v 8.390169143676758 4.692617416381836 0
v 8.584199905395508 4.4735212326049805 0
v 7.1901044845581055 28.851144790649414 0
v 10.084222793579102 26.815149307250977 0
v 9.66759204864502 26.536823272705078 0
v 10.428949356079102 16.311750411987305 0
v 10.057374954223633 16.191125869750977 0
v 2.234380006790161 14.4375 0
v 8.918397903442383 0.23050956428050995 0
v 2.403569459915161 11.0228271484375 0
v 8.584199905395508 4.4735212326049805 0
v 7.1901044845581055 28.851144790649414 0
v 9.66759204864502 26.536823272705078 0
v 9.271699905395508 26.21567726135254 0
v 10.814995765686035 16.410444259643555 0
v 10.428949356079102 16.311750411987305 0
v 2.234380006790161 14.4375 0
v 8.918397903442383 0.23050956428050995 0
v 8.584199905395508 4.4735212326049805 0
v 8.786436080932617 4.265316486358643 0
v 7.1901044845581055 28.851144790649414 0
v 9.271699905395508 26.21567726135254 0
v 8.89654541015625 25.851713180541992 0
v 8.918397903442383 0.23050956428050995 0
v 8.786436080932617 4.265316486358643 0
v 8.996878623962402 4.068002700805664 0
v 7.1901044845581055 28.851144790649414 0
v 8.89654541015625 25.851713180541992 0
v 8.542129516601562 25.444927215576172 0
v 8.918397903442383 0.23050956428050995 0
v 8.996878623962402 4.068002700805664 0
v 9.215526580810547 3.8815805912017822 0
v 7.1901044845581055 28.851144790649414 0
v 8.542129516601562 25.444927215576172 0
v 8.208450317382812 24.995323181152344 0
v 8.918397903442383 0.23050956428050995 0
v 9.215526580810547 3.8815805912017822 0
v 9.44237995147705 3.706049919128418 0
v 7.1901044845581055 28.851144790649414 0
v 8.208450317382812 24.995323181152344 0
v 7.895510196685791 24.502899169921875 0
v 8.918397903442383 0.23050956428050995 0
v 9.44237995147705 3.706049919128418 0
v 9.67624282836914 3.543053388595581 0
v 7.1901044845581055 28.851144790649414 0
v 7.895510196685791 24.502899169921875 0
v 7.605545520782471 23.969894409179688 0
v 8.918397903442383 0.23050956428050995 0
v 9.67624282836914 3.543053388595581 0
v 9.915925025939941 3.394230604171753 0
v 7.1901044845581055 28.851144790649414 0
v 7.605545520782471 23.969894409179688 0
v 7.340795040130615 23.398548126220703 0
v 8.918397903442383 0.23050956428050995 0
v 9.915925025939941 3.394230604171753 0
v 10.161426544189453 3.2595813274383545 0
v 7.1901044845581055 28.851144790649414 0
v 7.340795040130615 23.398548126220703 0
v 7.101259231567383 22.788856506347656 0
v 8.918397903442383 0.23050956428050995 0
v 10.161426544189453 3.2595813274383545 0
v 10.41274642944336 3.1391055583953857 0
v 7.1901044845581055 28.851144790649414 0
v 7.101259231567383 22.788856506347656 0
v 6.886937618255615 22.14082145690918 0
v 8.918397903442383 0.23050956428050995 0
v 10.41274642944336 3.1391055583953857 0
v 10.669886589050293 3.032803535461426 0
v 7.1901044845581055 28.851144790649414 0
v 6.886937618255615 22.14082145690918 0
v 6.697830677032471 21.454444885253906 0
v 8.918397903442383 0.23050956428050995 0
v 10.669886589050293 3.032803535461426 0
v 10.932845115661621 2.9406750202178955 0
v 7.1901044845581055 28.851144790649414 0
v 6.697830677032471 21.454444885253906 0
v 6.533937454223633 20.729724884033203 0
v 8.918397903442383 0.23050956428050995 0
v 10.932845115661621 2.9406750202178955 0
v 11.20162296295166 2.862720251083374 0
v 7.1901044845581055 28.851144790649414 0
v 6.533937454223633 20.729724884033203 0
v 6.395258903503418 19.96666145324707 0
v 8.918397903442383 0.23050956428050995 0
v 11.20162296295166 2.862720251083374 0
v 11.47622013092041 2.7989389896392822 0
v 7.1901044845581055 28.851144790649414 0
v 6.395258903503418 19.96666145324707 0
v 6.281794548034668 19.16525650024414 0
v 8.918397903442383 0.23050956428050995 0
v 11.47622013092041 2.7989389896392822 0
v 11.756636619567871 2.74933123588562 0
v 7.1901044845581055 28.851144790649414 0
v 6.281794548034668 19.16525650024414 0
v 6.193544387817383 18.32550621032715 0
v 8.918397903442383 0.23050956428050995 0
v 11.756636619567871 2.74933123588562 0
v 12.042871475219727 2.713897228240967 0
v 2.234380006790161 14.4375 0
v 7.1901044845581055 28.851144790649414 0
v 6.193544387817383 18.32550621032715 0
v 8.918397903442383 0.23050956428050995 0
v 12.042871475219727 2.713897228240967 0
v 12.33492660522461 2.692636728286743 0
v 2.234380006790161 14.4375 0
v 6.193544387817383 18.32550621032715 0
v 6.1305084228515625 17.44741439819336 0
v 8.918397903442383 0.23050956428050995 0
v 12.33492660522461 2.692636728286743 0
v 12.632800102233887 2.6855499744415283 0
v 2.234380006790161 14.4375 0
v 6.1305084228515625 17.44741439819336 0
v 6.092687129974365 16.53097915649414 0
v 8.918397903442383 0.23050956428050995 0
v 12.632800102233887 2.6855499744415283 0
v 13.089944839477539 2.6986048221588135 0
v 2.234380006790161 14.4375 0
v 6.092687129974365 16.53097915649414 0
v 6.080080032348633 15.576199531555176 0
v 8.918397903442383 0.23050956428050995 0
v 13.089944839477539 2.6986048221588135 0
v 13.530377388000488 2.7377688884735107 0
v 10.814995765686035 16.410444259643555 0
v 2.234380006790161 14.4375 0
v 6.080080032348633 15.576199531555176 0
v 8.918397903442383 0.23050956428050995 0
v 13.530377388000488 2.7377688884735107 0
v 13.954099655151367 2.803042411804199 0
v 10.814995765686035 16.410444259643555 0
v 6.080080032348633 15.576199531555176 0
v 14.776155471801758 19.49949073791504 0
v 8.918397903442383 0.23050956428050995 0
v 13.954099655151367 2.803042411804199 0
v 14.36111068725586 2.894425630569458 0
v 11.215514183044434 16.487205505371094 0
v 10.814995765686035 16.410444259643555 0
v 14.776155471801758 19.49949073791504 0
v 8.918397903442383 0.23050956428050995 0
v 14.36111068725586 2.894425630569458 0
v 14.751411437988281 3.011918067932129 0
v 11.63050365447998 16.542036056518555 0
v 11.215514183044434 16.487205505371094 0
v 14.776155471801758 19.49949073791504 0
v 8.918397903442383 0.23050956428050995 0
v 14.751411437988281 3.011918067932129 0
v 15.125 3.155519962310791 0
v 12.059966087341309 16.574934005737305 0
v 11.63050365447998 16.542036056518555 0
v 14.776155471801758 19.49949073791504 0
v 19.490507125854492 1.8991317749023438 0
v 8.918397903442383 0.23050956428050995 0
v 15.125 3.155519962310791 0
v 12.503899574279785 16.585899353027344 0
v 12.059966087341309 16.574934005737305 0
v 14.776155471801758 19.49949073791504 0
v 19.490507125854492 1.8991317749023438 0
v 15.125 3.155519962310791 0
v 15.481877326965332 3.3252313137054443 0
v 12.974913597106934 16.573516845703125 0
v 12.503899574279785 16.585899353027344 0
v 14.776155471801758 19.49949073791504 0
v 19.490507125854492 1.8991317749023438 0
v 15.481877326965332 3.3252313137054443 0
v 15.822044372558594 3.521052122116089 0
v 13.428321838378906 16.536367416381836 0
v 12.974913597106934 16.573516845703125 0
v 14.776155471801758 19.49949073791504 0
v 19.490507125854492 1.8991317749023438 0
v 15.822044372558594 3.521052122116089 0
v 16.14550018310547 3.7429823875427246 0
v 13.86412525177002 16.474449157714844 0
v 13.428321838378906 16.536367416381836 0
v 14.776155471801758 19.49949073791504 0
v 19.490507125854492 1.8991317749023438 0
v 16.14550018310547 3.7429823875427246 0
v 16.45224380493164 3.9910221099853516 0
v 14.28232192993164 16.387765884399414 0
v 13.86412525177002 16.474449157714844 0
v 14.776155471801758 19.49949073791504 0
v 19.490507125854492 1.8991317749023438 0
v 16.45224380493164 3.9910221099853516 0
v 16.742277145385742 4.265171527862549 0
v 14.682913780212402 16.276317596435547 0
v 14.28232192993164 16.387765884399414 0
v 14.776155471801758 19.49949073791504 0
v 19.490507125854492 1.8991317749023438 0
v 16.742277145385742 4.265171527862549 0
v 17.015600204467773 4.565430164337158 0
v 14.682913780212402 16.276317596435547 0
v 14.776155471801758 19.49949073791504 0
v 21.922100067138672 13.878925323486328 0
v 19.490507125854492 1.8991317749023438 0
v 17.015600204467773 4.565430164337158 0
v 17.269542694091797 4.888515949249268 0
v 15.065899848937988 16.140100479125977 0
v 14.682913780212402 16.276317596435547 0
v 21.922100067138672 13.878925323486328 0
v 19.490507125854492 1.8991317749023438 0
v 17.269542694091797 4.888515949249268 0
v 17.501401901245117 5.231146335601807 0
v 15.431280136108398 15.979116439819336 0
v 15.065899848937988 16.140100479125977 0
v 21.922100067138672 13.878925323486328 0
v 19.490507125854492 1.8991317749023438 0
v 17.501401901245117 5.231146335601807 0
v 17.711181640625 5.593321800231934 0
v 15.77905559539795 15.793366432189941 0
v 15.431280136108398 15.979116439819336 0
v 21.922100067138672 13.878925323486328 0
v 19.490507125854492 1.8991317749023438 0
v 17.711181640625 5.593321800231934 0
v 17.89887809753418 5.975042343139648 0
v 16.109224319458008 15.582850456237793 0
v 15.77905559539795 15.793366432189941 0
v 21.922100067138672 13.878925323486328 0
v 19.490507125854492 1.8991317749023438 0
v 17.89887809753418 5.975042343139648 0
v 18.06449317932129 6.376307487487793 0
v 16.421789169311523 15.347566604614258 0
v 16.109224319458008 15.582850456237793 0
v 21.922100067138672 13.878925323486328 0
v 19.490507125854492 1.8991317749023438 0
v 18.06449317932129 6.376307487487793 0
v 18.208024978637695 6.797117710113525 0
v 16.716747283935547 15.087516784667969 0
v 16.421789169311523 15.347566604614258 0
v 21.922100067138672 13.878925323486328 0
v 19.490507125854492 1.8991317749023438 0
v 18.208024978637695 6.797117710113525 0
v 18.32947540283203 7.2374725341796875 0
v 16.99410057067871 14.80270004272461 0
v 16.716747283935547 15.087516784667969 0
v 21.922100067138672 13.878925323486328 0
v 19.490507125854492 1.8991317749023438 0
v 18.32947540283203 7.2374725341796875 0
v 18.428844451904297 7.6973724365234375 0
v 17.251476287841797 14.49505615234375 0
v 16.99410057067871 14.80270004272461 0
v 21.922100067138672 13.878925323486328 0
v 19.490507125854492 1.8991317749023438 0
v 18.428844451904297 7.6973724365234375 0
v 18.506132125854492 8.176816940307617 0
v 17.486473083496094 14.166525840759277 0
v 17.251476287841797 14.49505615234375 0
v 21.922100067138672 13.878925323486328 0
v 19.490507125854492 1.8991317749023438 0
v 18.506132125854492 8.176816940307617 0
v 18.561336517333984 8.675806045532227 0
v 17.699087142944336 13.817107200622559 0
v 17.486473083496094 14.166525840759277 0
v 21.922100067138672 13.878925323486328 0
v 19.490507125854492 1.8991317749023438 0
v 18.561336517333984 8.675806045532227 0
v 18.594459533691406 9.194340705871582 0
v 17.88932228088379 13.446802139282227 0
v 17.699087142944336 13.817107200622559 0
v 21.922100067138672 13.878925323486328 0
v 19.490507125854492 1.8991317749023438 0
v 18.594459533691406 9.194340705871582 0
v 18.605499267578125 9.732419967651367 0
v 18.05717658996582 13.055609703063965 0
v 17.88932228088379 13.446802139282227 0
v 21.922100067138672 13.878925323486328 0
v 19.490507125854492 1.8991317749023438 0
v 18.605499267578125 9.732419967651367 0
v 18.594308853149414 10.26982307434082 0
v 18.20265007019043 12.643529891967773 0
v 18.05717658996582 13.055609703063965 0
v 21.922100067138672 13.878925323486328 0
v 19.490507125854492 1.8991317749023438 0
v 18.594308853149414 10.26982307434082 0
v 18.560739517211914 10.786338806152344 0
v 18.325742721557617 12.210562705993652 0
v 18.20265007019043 12.643529891967773 0
v 21.922100067138672 13.878925323486328 0
v 21.922100067138672 13.878925323486328 0
v 19.490507125854492 1.8991317749023438 0
v 18.560739517211914 10.786338806152344 0
v 18.426456451416016 11.756709098815918 0
v 18.325742721557617 12.210562705993652 0
v 21.922100067138672 13.878925323486328 0
v 21.922100067138672 13.878925323486328 0
v 18.560739517211914 10.786338806152344 0
v 18.50478744506836 11.281967163085938 0
v 18.50478744506836 11.281967163085938 0
v 18.426456451416016 11.756709098815918 0
v 21.922100067138672 13.878925323486328 0
v 22.537099838256836 9.90429973602295 10
v 22.520015716552734 10.629400253295898 10
v 22.468767166137695 11.329436302185059 10
v 22.468767166137695 11.329436302185059 10
v 22.383350372314453 12.004405975341797 10
v 22.26376724243164 12.654311180114746 10
v 22.26376724243164 12.654311180114746 10
v 22.110015869140625 13.27915096282959 10
v 21.922100067138672 13.878925323486328 10
v 21.922100067138672 13.878925323486328 10
v 21.700016021728516 14.453634262084961 10
v 21.443767547607422 15.003277778625488 10
v 21.443767547607422 15.003277778625488 10
v 21.153350830078125 15.52785587310791 10
v 20.828765869140625 16.027368545532227 10
v 20.828765869140625 16.027368545532227 10
v 20.470016479492188 16.50181770324707 10
v 20.07710075378418 16.951200485229492 10
v 20.07710075378418 16.951200485229492 10
v 19.655105590820312 17.369848251342773 10
v 19.209089279174805 17.752092361450195 10
v 19.209089279174805 17.752092361450195 10
v 18.739049911499023 18.097930908203125 10
v 18.2449893951416 18.407365798950195 10
v 18.2449893951416 18.407365798950195 10
v 17.726905822753906 18.680397033691406 10
v 17.184799194335938 18.917024612426758 10
v 17.184799194335938 18.917024612426758 10
v 16.618671417236328 19.11724853515625 10
v 16.028522491455078 19.28106689453125 10
v 16.028522491455078 19.28106689453125 10
v 15.414349555969238 19.40848159790039 10
v 14.776155471801758 19.49949073791504 10
v 14.776155471801758 19.49949073791504 10
v 14.11393928527832 19.55409812927246 10
v 13.42770004272461 19.57229995727539 10
v 13.42770004272461 19.57229995727539 10
v 13.019796371459961 19.56521224975586 10
v 12.619650840759277 19.54395294189453 10
v 12.619650840759277 19.54395294189453 10
v 12.227263450622559 19.50851821899414 10
v 11.842635154724121 19.458911895751953 10
v 11.842635154724121 19.458911895751953 10
v 11.465765953063965 19.395130157470703 10
v 11.096654891967773 19.317174911499023 10
v 11.096654891967773 19.317174911499023 10
v 10.735302925109863 19.225046157836914 10
v 10.381709098815918 19.118743896484375 10
v 10.381709098815918 19.118743896484375 10
v 10.035873413085938 18.998268127441406 10
v 9.697796821594238 18.863618850708008 10
v 9.697796821594238 18.863618850708008 10
v 9.36747932434082 18.71479606628418 10
v 9.044919967651367 18.551799774169922 10
v 9.044919967651367 18.551799774169922 10
v 8.732202529907227 18.375211715698242 10
v 8.431421279907227 18.185644149780273 10
v 8.431421279907227 18.185644149780273 10
v 8.142576217651367 17.98310089111328 10
v 7.86566686630249 17.767578125 10
v 7.86566686630249 17.767578125 10
v 7.6006927490234375 17.539077758789062 10
v 7.347654819488525 17.29759979248047 10
v 7.347654819488525 17.29759979248047 10
v 7.106553077697754 17.04314422607422 10
v 6.877386569976807 16.775711059570312 10
v 6.877386569976807 16.775711059570312 10
v 6.66015625 16.49530029296875 10
v 6.454861640930176 16.20191192626953 10
v 6.454861640930176 16.20191192626953 10
v 6.261502742767334 15.895544052124023 10
v 6.080080032348633 15.576199531555176 10
v 17.798603057861328 24.48082160949707 10
v 18.0039005279541 23.890600204467773 10
v 21.699199676513672 24.55660057067871 10
v 21.699199676513672 24.55660057067871 10
v 21.543521881103516 25.05805778503418 10
v 21.370088577270508 25.538328170776367 10
v 21.370088577270508 25.538328170776367 10
v 21.17889976501465 25.997411727905273 10
v 20.969955444335938 26.43531036376953 10
v 20.969955444335938 26.43531036376953 10
v 20.743255615234375 26.85202407836914 10
v 20.49880027770996 27.247549057006836 10
v 20.49880027770996 27.247549057006836 10
v 20.236589431762695 27.621891021728516 10
v 19.956623077392578 27.97504425048828 10
v 19.956623077392578 27.97504425048828 10
v 19.658899307250977 28.3070125579834 10
v 19.343421936035156 28.617794036865234 10
v 19.343421936035156 28.617794036865234 10
v 19.010189056396484 28.907390594482422 10
v 18.65920066833496 29.175800323486328 10
v 18.65920066833496 29.175800323486328 10
v 18.290456771850586 29.422874450683594 10
v 17.903959274291992 29.64846420288086 10
v 17.903959274291992 29.64846420288086 10
v 17.499706268310547 29.852569580078125 10
v 17.077699661254883 30.035188674926758 10
v 17.077699661254883 30.035188674926758 10
v 16.637939453125 30.19632339477539 10
v 16.1804256439209 30.335975646972656 10
v 16.1804256439209 30.335975646972656 10
v 15.705156326293945 30.45414161682129 10
v 15.212133407592773 30.55082130432129 10
v 15.212133407592773 30.55082130432129 10
v 14.701355934143066 30.626018524169922 10
v 14.17282485961914 30.679731369018555 10
v 14.17282485961914 30.679731369018555 10
v 13.62653923034668 30.711957931518555 10
v 13.0625 30.722700119018555 10
v 13.0625 30.722700119018555 10
v 12.2125244140625 30.693456649780273 10
v 11.395669937133789 30.605728149414062 10
v 11.395669937133789 30.605728149414062 10
v 10.6119384765625 30.45951271057129 10
v 9.861328125 30.254810333251953 10
v 9.861328125 30.254810333251953 10
v 9.143838882446289 29.991622924804688 10
v 8.45947265625 29.669950485229492 10
v 8.45947265625 29.669950485229492 10
v 7.8082275390625 29.289791107177734 10
v 7.1901044845581055 28.851144790649414 10
v 7.1901044845581055 28.851144790649414 10
v 6.605103015899658 28.354013442993164 10
v 6.053223609924316 27.79839515686035 10
v 6.053223609924316 27.79839515686035 10
v 5.534465789794922 27.184289932250977 10
v 5.048830032348633 26.511699676513672 10
v 5.048830032348633 26.511699676513672 10
v 4.599299907684326 25.78451919555664 10
v 4.188858985900879 25.006610870361328 10
v 4.188858985900879 25.006610870361328 10
v 3.8175082206726074 24.177974700927734 10
v 3.4852466583251953 23.29861068725586 10
v 3.4852466583251953 23.29861068725586 10
v 3.192074775695801 22.368518829345703 10
v 2.937992572784424 21.387699127197266 10
v 2.937992572784424 21.387699127197266 10
v 2.7229998111724854 20.35615348815918 10
v 2.5470967292785645 19.27387809753418 10
v 2.5470967292785645 19.27387809753418 10
v 2.410283088684082 18.1408748626709 10
v 2.312559127807617 16.957143783569336 10
v 2.312559127807617 16.957143783569336 10
v 2.25392484664917 15.722685813903809 10
v 2.234380006790161 14.4375 10
v 2.234380006790161 14.4375 10
v 2.253178834915161 13.25123405456543 10
v 2.309575319290161 12.113009452819824 10
v 2.309575319290161 12.113009452819824 10
v 2.403569459915161 11.0228271484375 10
v 6.466800212860107 10.656200408935547 10
v 6.472320079803467 10.273070335388184 10
v 6.466800212860107 10.656200408935547 10
v 2.403569459915161 11.0228271484375 10
v 2.403569459915161 11.0228271484375 10
v 2.535161018371582 9.980685234069824 10
v 2.704350471496582 8.98658561706543 10
v 2.704350471496582 8.98658561706543 10
v 2.911137580871582 8.04052734375 10
v 3.155522108078003 7.142510890960693 10
v 3.155522108078003 7.142510890960693 10
v 3.437504529953003 6.292535781860352 10
v 3.757084369659424 5.490602016448975 10
v 3.757084369659424 5.490602016448975 10
v 4.114262104034424 4.7367095947265625 10
v 4.509037017822266 4.030858993530273 10
v 4.509037017822266 4.030858993530273 10
v 4.941410064697266 3.3730499744415283 10
v 5.409291744232178 2.7656681537628174 10
v 5.409291744232178 2.7656681537628174 10
v 5.910593032836914 2.211102247238159 10
v 6.445314407348633 1.7093521356582642 10
v 6.445314407348633 1.7093521356582642 10
v 7.013455390930176 1.2604178190231323 10
v 7.615016460418701 0.8642992377281189 10
v 7.615016460418701 0.8642992377281189 10
v 8.24999713897705 0.5209965109825134 10
v 8.918397903442383 0.23050956428050995 10
v 8.918397903442383 0.23050956428050995 10
v 9.620219230651855 -0.0071615553461015224 10
v 10.355459213256836 -0.1920168697834015 10
v 10.355459213256836 -0.1920168697834015 10
v 11.124119758605957 -0.32405638694763184 10
v 11.926199913024902 -0.403280109167099 10
v 11.926199913024902 -0.403280109167099 10
v 12.761699676513672 -0.4296880066394806 10
v 13.510673522949219 -0.4104415476322174 10
v 13.510673522949219 -0.4104415476322174 10
v 14.232194900512695 -0.35270223021507263 10
v 14.926262855529785 -0.2564699947834015 10
v 14.926262855529785 -0.2564699947834015 10
v 15.592877388000488 -0.12174488604068756 10
v 16.232040405273438 0.05147311091423035 10
v 16.232040405273438 0.05147311091423035 10
v 16.84375 0.2631840109825134 10
v 17.428007125854492 0.5133877992630005 10
v 17.428007125854492 0.5133877992630005 10
v 17.984811782836914 0.8020844459533691 10
v 18.514162063598633 1.1292740106582642 10
v 18.514162063598633 1.1292740106582642 10
v 19.016061782836914 1.4949564933776855 10
v 19.490507125854492 1.8991317749023438 10
v 19.490507125854492 1.8991317749023438 10
v 19.9375 2.3417999744415283 10
v 20.35271453857422 2.8177378177642822 10
v 20.35271453857422 2.8177378177642822 10
v 20.731822967529297 3.3217248916625977 10
v 21.074825286865234 3.8537611961364746 10
v 21.074825286865234 3.8537611961364746 10
v 21.38172149658203 4.413846492767334 10
v 21.65251350402832 5.001981258392334 10
v 21.65251350402832 5.001981258392334 10
v 21.88719940185547 5.618165016174316 10
v 22.08578109741211 6.262397766113281 10
v 22.08578109741211 6.262397766113281 10
v 22.248254776000977 6.934679985046387 10
v 22.374624252319336 7.635011196136475 10
v 22.374624252319336 7.635011196136475 10
v 22.464889526367188 8.363391876220703 10
v 22.519046783447266 9.119821548461914 10
v 22.519046783447266 9.119821548461914 10
v 22.537099838256836 9.90429973602295 10
v 22.468767166137695 11.329436302185059 10
v 22.468767166137695 11.329436302185059 10
v 22.26376724243164 12.654311180114746 10
v 21.922100067138672 13.878925323486328 10
v 21.922100067138672 13.878925323486328 10
v 21.443767547607422 15.003277778625488 10
v 20.828765869140625 16.027368545532227 10
v 20.828765869140625 16.027368545532227 10
v 20.07710075378418 16.951200485229492 10
v 19.209089279174805 17.752092361450195 10
v 19.209089279174805 17.752092361450195 10
v 18.2449893951416 18.407365798950195 10
v 17.184799194335938 18.917024612426758 10
v 17.184799194335938 18.917024612426758 10
v 16.028522491455078 19.28106689453125 10
v 14.776155471801758 19.49949073791504 10
v 14.776155471801758 19.49949073791504 10
v 13.42770004272461 19.57229995727539 10
v 12.619650840759277 19.54395294189453 10
v 12.619650840759277 19.54395294189453 10
v 11.842635154724121 19.458911895751953 10
v 11.096654891967773 19.317174911499023 10
v 11.096654891967773 19.317174911499023 10
v 10.381709098815918 19.118743896484375 10
v 9.697796821594238 18.863618850708008 10
v 9.697796821594238 18.863618850708008 10
v 9.044919967651367 18.551799774169922 10
v 8.431421279907227 18.185644149780273 10
v 8.431421279907227 18.185644149780273 10
v 7.86566686630249 17.767578125 10
v 7.347654819488525 17.29759979248047 10
v 7.347654819488525 17.29759979248047 10
v 6.877386569976807 16.775711059570312 10
v 6.454861640930176 16.20191192626953 10
v 17.555110931396484 25.01972007751465 10
v 17.798603057861328 24.48082160949707 10
v 21.699199676513672 24.55660057067871 10
v 21.699199676513672 24.55660057067871 10
v 21.370088577270508 25.538328170776367 10
v 20.969955444335938 26.43531036376953 10
v 20.969955444335938 26.43531036376953 10
v 20.49880027770996 27.247549057006836 10
v 19.956623077392578 27.97504425048828 10
v 19.956623077392578 27.97504425048828 10
v 19.343421936035156 28.617794036865234 10
v 18.65920066833496 29.175800323486328 10
v 18.65920066833496 29.175800323486328 10
v 17.903959274291992 29.64846420288086 10
v 17.077699661254883 30.035188674926758 10
v 17.077699661254883 30.035188674926758 10
v 16.1804256439209 30.335975646972656 10
v 15.212133407592773 30.55082130432129 10
v 15.212133407592773 30.55082130432129 10
v 14.17282485961914 30.679731369018555 10
v 13.0625 30.722700119018555 10
v 13.0625 30.722700119018555 10
v 11.395669937133789 30.605728149414062 10
v 9.861328125 30.254810333251953 10
v 9.861328125 30.254810333251953 10
v 8.45947265625 29.669950485229492 10
v 7.1901044845581055 28.851144790649414 10
v 7.1901044845581055 28.851144790649414 10
v 6.053223609924316 27.79839515686035 10
v 5.048830032348633 26.511699676513672 10
v 5.048830032348633 26.511699676513672 10
v 4.188858985900879 25.006610870361328 10
v 3.4852466583251953 23.29861068725586 10
v 3.4852466583251953 23.29861068725586 10
v 2.937992572784424 21.387699127197266 10
v 2.5470967292785645 19.27387809753418 10
v 2.5470967292785645 19.27387809753418 10
v 2.312559127807617 16.957143783569336 10
v 2.234380006790161 14.4375 10
v 2.234380006790161 14.4375 10
v 2.309575319290161 12.113009452819824 10
v 6.466800212860107 10.656200408935547 10
v 6.4888811111450195 9.897101402282715 10
v 6.472320079803467 10.273070335388184 10
v 2.403569459915161 11.0228271484375 10
v 2.403569459915161 11.0228271484375 10
v 2.704350471496582 8.98658561706543 10
v 3.155522108078003 7.142510890960693 10
v 3.155522108078003 7.142510890960693 10
v 3.757084369659424 5.490602016448975 10
v 4.509037017822266 4.030858993530273 10
v 4.509037017822266 4.030858993530273 10
v 5.409291744232178 2.7656681537628174 10
v 6.445314407348633 1.7093521356582642 10
v 6.445314407348633 1.7093521356582642 10
v 7.615016460418701 0.8642992377281189 10
v 8.918397903442383 0.23050956428050995 10
v 8.918397903442383 0.23050956428050995 10
v 10.355459213256836 -0.1920168697834015 10
v 11.926199913024902 -0.403280109167099 10
v 11.926199913024902 -0.403280109167099 10
v 13.510673522949219 -0.4104415476322174 10
v 14.926262855529785 -0.2564699947834015 10
v 14.926262855529785 -0.2564699947834015 10
v 16.232040405273438 0.05147311091423035 10
v 17.428007125854492 0.5133877992630005 10
v 17.428007125854492 0.5133877992630005 10
v 18.514162063598633 1.1292740106582642 10
v 19.490507125854492 1.8991317749023438 10
v 19.490507125854492 1.8991317749023438 10
v 20.35271453857422 2.8177378177642822 10
v 21.074825286865234 3.8537611961364746 10
v 21.074825286865234 3.8537611961364746 10
v 21.65251350402832 5.001981258392334 10
v 22.08578109741211 6.262397766113281 10
v 22.08578109741211 6.262397766113281 10
v 22.374624252319336 7.635011196136475 10
v 22.519046783447266 9.119821548461914 10
v 22.519046783447266 9.119821548461914 10
v 22.468767166137695 11.329436302185059 10
v 21.922100067138672 13.878925323486328 10
v 21.922100067138672 13.878925323486328 10
v 20.828765869140625 16.027368545532227 10
v 19.209089279174805 17.752092361450195 10
v 19.209089279174805 17.752092361450195 10
v 17.184799194335938 18.917024612426758 10
v 14.776155471801758 19.49949073791504 10
v 14.776155471801758 19.49949073791504 10
v 12.619650840759277 19.54395294189453 10
v 11.096654891967773 19.317174911499023 10
v 11.096654891967773 19.317174911499023 10
v 9.697796821594238 18.863618850708008 10
v 8.431421279907227 18.185644149780273 10
v 8.431421279907227 18.185644149780273 10
v 7.347654819488525 17.29759979248047 10
v 6.454861640930176 16.20191192626953 10
v 17.27342414855957 25.507293701171875 10
v 17.555110931396484 25.01972007751465 10
v 21.699199676513672 24.55660057067871 10
v 21.699199676513672 24.55660057067871 10
v 20.969955444335938 26.43531036376953 10
v 19.956623077392578 27.97504425048828 10
v 19.956623077392578 27.97504425048828 10
v 18.65920066833496 29.175800323486328 10
v 17.077699661254883 30.035188674926758 10
v 17.077699661254883 30.035188674926758 10
v 15.212133407592773 30.55082130432129 10
v 13.0625 30.722700119018555 10
v 13.0625 30.722700119018555 10
v 9.861328125 30.254810333251953 10
v 7.1901044845581055 28.851144790649414 10
v 7.1901044845581055 28.851144790649414 10
v 5.048830032348633 26.511699676513672 10
v 3.4852466583251953 23.29861068725586 10
v 3.4852466583251953 23.29861068725586 10
v 2.5470967292785645 19.27387809753418 10
v 2.234380006790161 14.4375 10
v 2.234380006790161 14.4375 10
v 6.466800212860107 10.656200408935547 10
v 6.478362560272217 11.10983657836914 10
v 6.516482353210449 9.528292655944824 10
v 6.4888811111450195 9.897101402282715 10
v 2.403569459915161 11.0228271484375 10
v 2.403569459915161 11.0228271484375 10
v 3.155522108078003 7.142510890960693 10
v 4.509037017822266 4.030858993530273 10
v 4.509037017822266 4.030858993530273 10
v 6.445314407348633 1.7093521356582642 10
v 8.918397903442383 0.23050956428050995 10
v 8.918397903442383 0.23050956428050995 10
v 11.926199913024902 -0.403280109167099 10
v 14.926262855529785 -0.2564699947834015 10
v 14.926262855529785 -0.2564699947834015 10
v 17.428007125854492 0.5133877992630005 10
v 19.490507125854492 1.8991317749023438 10
v 19.490507125854492 1.8991317749023438 10
v 21.074825286865234 3.8537611961364746 10
v 22.08578109741211 6.262397766113281 10
v 22.08578109741211 6.262397766113281 10
v 22.519046783447266 9.119821548461914 10
v 21.922100067138672 13.878925323486328 10
v 21.922100067138672 13.878925323486328 10
v 19.209089279174805 17.752092361450195 10
v 14.776155471801758 19.49949073791504 10
v 14.776155471801758 19.49949073791504 10
v 11.096654891967773 19.317174911499023 10
v 8.431421279907227 18.185644149780273 10
v 8.431421279907227 18.185644149780273 10
v 6.454861640930176 16.20191192626953 10
v 6.080080032348633 15.576199531555176 10
v 16.95354461669922 25.943544387817383 10
v 17.27342414855957 25.507293701171875 10
v 21.699199676513672 24.55660057067871 10
v 21.699199676513672 24.55660057067871 10
v 19.956623077392578 27.97504425048828 10
v 17.077699661254883 30.035188674926758 10
v 17.077699661254883 30.035188674926758 10
v 13.0625 30.722700119018555 10
v 7.1901044845581055 28.851144790649414 10
v 7.1901044845581055 28.851144790649414 10
v 3.4852466583251953 23.29861068725586 10
v 2.234380006790161 14.4375 10
v 2.234380006790161 14.4375 10
v 6.478362560272217 11.10983657836914 10
v 6.5130510330200195 11.546911239624023 10
v 6.555124282836914 9.166646003723145 10
v 6.516482353210449 9.528292655944824 10
v 2.403569459915161 11.0228271484375 10
v 2.403569459915161 11.0228271484375 10
v 4.509037017822266 4.030858993530273 10
v 8.918397903442383 0.23050956428050995 10
v 8.918397903442383 0.23050956428050995 10
v 14.926262855529785 -0.2564699947834015 10
v 19.490507125854492 1.8991317749023438 10
v 19.490507125854492 1.8991317749023438 10
v 22.08578109741211 6.262397766113281 10
v 21.922100067138672 13.878925323486328 10
v 14.776155471801758 19.49949073791504 10
v 8.431421279907227 18.185644149780273 10
v 6.080080032348633 15.576199531555176 10
v 16.595468521118164 26.328472137451172 10
v 16.95354461669922 25.943544387817383 10
v 21.699199676513672 24.55660057067871 10
v 2.234380006790161 14.4375 10
v 6.5130510330200195 11.546911239624023 10
v 6.570865154266357 11.967425346374512 10
v 6.604806900024414 8.812158584594727 10
v 6.555124282836914 9.166646003723145 10
v 2.403569459915161 11.0228271484375 10
v 16.199199676513672 26.66207504272461 10
v 16.595468521118164 26.328472137451172 10
v 21.699199676513672 24.55660057067871 10
v 2.234380006790161 14.4375 10
v 6.570865154266357 11.967425346374512 10
v 6.651804447174072 12.371377944946289 10
v 6.665530204772949 8.464832305908203 10
v 6.604806900024414 8.812158584594727 10
v 2.403569459915161 11.0228271484375 10
v 15.76473617553711 26.944355010986328 10
v 16.199199676513672 26.66207504272461 10
v 21.699199676513672 24.55660057067871 10
v 2.234380006790161 14.4375 10
v 6.651804447174072 12.371377944946289 10
v 6.755869388580322 12.758769035339355 10
v 6.737293720245361 8.124667167663574 10
v 6.665530204772949 8.464832305908203 10
v 2.403569459915161 11.0228271484375 10
v 15.292078018188477 27.175312042236328 10
v 15.76473617553711 26.944355010986328 10
v 21.699199676513672 24.55660057067871 10
v 2.234380006790161 14.4375 10
v 6.755869388580322 12.758769035339355 10
v 6.883059978485107 13.129599571228027 10
v 6.820097923278809 7.791662216186523 10
v 6.737293720245361 8.124667167663574 10
v 2.403569459915161 11.0228271484375 10
v 15.292078018188477 27.175312042236328 10
v 21.699199676513672 24.55660057067871 10
v 17.077699661254883 30.035188674926758 10
v 2.234380006790161 14.4375 10
v 6.883059978485107 13.129599571228027 10
v 7.033376216888428 13.483869552612305 10
v 6.913942337036133 7.465817928314209 10
v 6.820097923278809 7.791662216186523 10
v 2.403569459915161 11.0228271484375 10
v 14.781225204467773 27.354944229125977 10
v 15.292078018188477 27.175312042236328 10
v 17.077699661254883 30.035188674926758 10
v 2.234380006790161 14.4375 10
v 7.033376216888428 13.483869552612305 10
v 7.206817626953125 13.821578025817871 10
v 7.01882791519165 7.147134780883789 10
v 6.913942337036133 7.465817928314209 10
v 2.403569459915161 11.0228271484375 10
v 14.232177734375 27.483253479003906 10
v 14.781225204467773 27.354944229125977 10
v 17.077699661254883 30.035188674926758 10
v 2.234380006790161 14.4375 10
v 7.206817626953125 13.821578025817871 10
v 7.403385162353516 14.142724990844727 10
v 7.134753704071045 6.835611820220947 10
v 7.01882791519165 7.147134780883789 10
v 2.403569459915161 11.0228271484375 10
v 13.644936561584473 27.560237884521484 10
v 14.232177734375 27.483253479003906 10
v 17.077699661254883 30.035188674926758 10
v 2.234380006790161 14.4375 10
v 7.403385162353516 14.142724990844727 10
v 7.623077869415283 14.447311401367188 10
v 7.261720180511475 6.53125 10
v 7.134753704071045 6.835611820220947 10
v 2.403569459915161 11.0228271484375 10
v 13.019499778747559 27.585899353027344 10
v 13.644936561584473 27.560237884521484 10
v 17.077699661254883 30.035188674926758 10
v 2.234380006790161 14.4375 10
v 7.623077869415283 14.447311401367188 10
v 7.865896224975586 14.735336303710938 10
v 7.398309707641602 6.23591423034668 10
v 7.261720180511475 6.53125 10
v 2.403569459915161 11.0228271484375 10
v 12.478442192077637 27.564489364624023 10
v 13.019499778747559 27.585899353027344 10
v 17.077699661254883 30.035188674926758 10
v 2.234380006790161 14.4375 10
v 7.865896224975586 14.735336303710938 10
v 8.131839752197266 15.006799697875977 10
v 7.543105125427246 5.951469421386719 10
v 7.398309707641602 6.23591423034668 10
v 2.403569459915161 11.0228271484375 10
v 11.958122253417969 27.500261306762695 10
v 12.478442192077637 27.564489364624023 10
v 17.077699661254883 30.035188674926758 10
v 2.234380006790161 14.4375 10
v 8.131839752197266 15.006799697875977 10
v 8.416583061218262 15.259016990661621 10
v 7.696106433868408 5.677916049957275 10
v 7.543105125427246 5.951469421386719 10
v 2.403569459915161 11.0228271484375 10
v 11.458540916442871 27.393213272094727 10
v 11.958122253417969 27.500261306762695 10
v 17.077699661254883 30.035188674926758 10
v 2.234380006790161 14.4375 10
v 8.416583061218262 15.259016990661621 10
v 8.715797424316406 15.489302635192871 10
v 7.85731315612793 5.415254592895508 10
v 7.696106433868408 5.677916049957275 10
v 2.403569459915161 11.0228271484375 10
v 10.979696273803711 27.243345260620117 10
v 11.458540916442871 27.393213272094727 10
v 17.077699661254883 30.035188674926758 10
v 2.234380006790161 14.4375 10
v 8.715797424316406 15.489302635192871 10
v 9.029483795166016 15.697656631469727 10
v 8.026726722717285 5.1634840965271 10
v 7.85731315612793 5.415254592895508 10
v 2.403569459915161 11.0228271484375 10
v 10.521590232849121 27.050657272338867 10
v 10.979696273803711 27.243345260620117 10
v 17.077699661254883 30.035188674926758 10
v 2.234380006790161 14.4375 10
v 9.029483795166016 15.697656631469727 10
v 9.35764217376709 15.884078025817871 10
v 8.204344749450684 4.922605037689209 10
v 8.026726722717285 5.1634840965271 10
v 2.403569459915161 11.0228271484375 10
v 10.521590232849121 27.050657272338867 10
v 17.077699661254883 30.035188674926758 10
v 7.1901044845581055 28.851144790649414 10
v 2.234380006790161 14.4375 10
v 9.35764217376709 15.884078025817871 10
v 9.700272560119629 16.048566818237305 10
v 8.390169143676758 4.692617416381836 10
v 8.204344749450684 4.922605037689209 10
v 2.403569459915161 11.0228271484375 10
v 10.084222793579102 26.815149307250977 10
v 10.521590232849121 27.050657272338867 10
v 7.1901044845581055 28.851144790649414 10
v 2.234380006790161 14.4375 10
v 9.700272560119629 16.048566818237305 10
v 10.057374954223633 16.191125869750977 10
v 8.584199905395508 4.4735212326049805 10
v 8.390169143676758 4.692617416381836 10
v 2.403569459915161 11.0228271484375 10
v 9.66759204864502 26.536823272705078 10
v 10.084222793579102 26.815149307250977 10
v 7.1901044845581055 28.851144790649414 10
v 2.234380006790161 14.4375 10
v 10.057374954223633 16.191125869750977 10
v 10.428949356079102 16.311750411987305 10
v 8.584199905395508 4.4735212326049805 10
v 2.403569459915161 11.0228271484375 10
v 8.918397903442383 0.23050956428050995 10
v 9.271699905395508 26.21567726135254 10
v 9.66759204864502 26.536823272705078 10
v 7.1901044845581055 28.851144790649414 10
v 2.234380006790161 14.4375 10
v 10.428949356079102 16.311750411987305 10
v 10.814995765686035 16.410444259643555 10
v 8.786436080932617 4.265316486358643 10
v 8.584199905395508 4.4735212326049805 10
v 8.918397903442383 0.23050956428050995 10
v 8.89654541015625 25.851713180541992 10
v 9.271699905395508 26.21567726135254 10
v 7.1901044845581055 28.851144790649414 10
v 8.996878623962402 4.068002700805664 10
v 8.786436080932617 4.265316486358643 10
v 8.918397903442383 0.23050956428050995 10
v 8.542129516601562 25.444927215576172 10
v 8.89654541015625 25.851713180541992 10
v 7.1901044845581055 28.851144790649414 10
v 9.215526580810547 3.8815805912017822 10
v 8.996878623962402 4.068002700805664 10
v 8.918397903442383 0.23050956428050995 10
v 8.208450317382812 24.995323181152344 10
v 8.542129516601562 25.444927215576172 10
v 7.1901044845581055 28.851144790649414 10
v 9.44237995147705 3.706049919128418 10
v 9.215526580810547 3.8815805912017822 10
v 8.918397903442383 0.23050956428050995 10
v 7.895510196685791 24.502899169921875 10
v 8.208450317382812 24.995323181152344 10
v 7.1901044845581055 28.851144790649414 10
v 9.67624282836914 3.543053388595581 10
v 9.44237995147705 3.706049919128418 10
v 8.918397903442383 0.23050956428050995 10
v 7.605545520782471 23.969894409179688 10
v 7.895510196685791 24.502899169921875 10
v 7.1901044845581055 28.851144790649414 10
v 9.915925025939941 3.394230604171753 10
v 9.67624282836914 3.543053388595581 10
v 8.918397903442383 0.23050956428050995 10
v 7.340795040130615 23.398548126220703 10
v 7.605545520782471 23.969894409179688 10
v 7.1901044845581055 28.851144790649414 10
v 10.161426544189453 3.2595813274383545 10
v 9.915925025939941 3.394230604171753 10
v 8.918397903442383 0.23050956428050995 10
v 7.101259231567383 22.788856506347656 10
v 7.340795040130615 23.398548126220703 10
v 7.1901044845581055 28.851144790649414 10
v 10.41274642944336 3.1391055583953857 10
v 10.161426544189453 3.2595813274383545 10
v 8.918397903442383 0.23050956428050995 10
v 6.886937618255615 22.14082145690918 10
v 7.101259231567383 22.788856506347656 10
v 7.1901044845581055 28.851144790649414 10
v 10.669886589050293 3.032803535461426 10
v 10.41274642944336 3.1391055583953857 10
v 8.918397903442383 0.23050956428050995 10
v 6.697830677032471 21.454444885253906 10
v 6.886937618255615 22.14082145690918 10
v 7.1901044845581055 28.851144790649414 10
v 10.932845115661621 2.9406750202178955 10
v 10.669886589050293 3.032803535461426 10
v 8.918397903442383 0.23050956428050995 10
v 6.533937454223633 20.729724884033203 10
v 6.697830677032471 21.454444885253906 10
v 7.1901044845581055 28.851144790649414 10
v 11.20162296295166 2.862720251083374 10
v 10.932845115661621 2.9406750202178955 10
v 8.918397903442383 0.23050956428050995 10
v 6.395258903503418 19.96666145324707 10
v 6.533937454223633 20.729724884033203 10
v 7.1901044845581055 28.851144790649414 10
v 11.47622013092041 2.7989389896392822 10
v 11.20162296295166 2.862720251083374 10
v 8.918397903442383 0.23050956428050995 10
v 6.281794548034668 19.16525650024414 10
v 6.395258903503418 19.96666145324707 10
v 7.1901044845581055 28.851144790649414 10
v 11.756636619567871 2.74933123588562 10
v 11.47622013092041 2.7989389896392822 10
v 8.918397903442383 0.23050956428050995 10
v 6.193544387817383 18.32550621032715 10
v 6.281794548034668 19.16525650024414 10
v 7.1901044845581055 28.851144790649414 10
v 12.042871475219727 2.713897228240967 10
v 11.756636619567871 2.74933123588562 10
v 8.918397903442383 0.23050956428050995 10
v 6.193544387817383 18.32550621032715 10
v 7.1901044845581055 28.851144790649414 10
v 2.234380006790161 14.4375 10
v 12.33492660522461 2.692636728286743 10
v 12.042871475219727 2.713897228240967 10
v 8.918397903442383 0.23050956428050995 10
v 6.1305084228515625 17.44741439819336 10
v 6.193544387817383 18.32550621032715 10
v 2.234380006790161 14.4375 10
v 12.632800102233887 2.6855499744415283 10
v 12.33492660522461 2.692636728286743 10
v 8.918397903442383 0.23050956428050995 10
v 6.092687129974365 16.53097915649414 10
v 6.1305084228515625 17.44741439819336 10
v 2.234380006790161 14.4375 10
v 13.089944839477539 2.6986048221588135 10
v 12.632800102233887 2.6855499744415283 10
v 8.918397903442383 0.23050956428050995 10
v 6.080080032348633 15.576199531555176 10
v 6.092687129974365 16.53097915649414 10
v 2.234380006790161 14.4375 10
v 13.530377388000488 2.7377688884735107 10
v 13.089944839477539 2.6986048221588135 10
v 8.918397903442383 0.23050956428050995 10
v 6.080080032348633 15.576199531555176 10
v 2.234380006790161 14.4375 10
v 10.814995765686035 16.410444259643555 10
v 13.954099655151367 2.803042411804199 10
v 13.530377388000488 2.7377688884735107 10
v 8.918397903442383 0.23050956428050995 10
v 14.776155471801758 19.49949073791504 10
v 6.080080032348633 15.576199531555176 10
v 10.814995765686035 16.410444259643555 10
v 14.36111068725586 2.894425630569458 10
v 13.954099655151367 2.803042411804199 10
v 8.918397903442383 0.23050956428050995 10
v 14.776155471801758 19.49949073791504 10
v 10.814995765686035 16.410444259643555 10
v 11.215514183044434 16.487205505371094 10
v 14.751411437988281 3.011918067932129 10
v 14.36111068725586 2.894425630569458 10
v 8.918397903442383 0.23050956428050995 10
v 14.776155471801758 19.49949073791504 10
v 11.215514183044434 16.487205505371094 10
v 11.63050365447998 16.542036056518555 10
v 15.125 3.155519962310791 10
v 14.751411437988281 3.011918067932129 10
v 8.918397903442383 0.23050956428050995 10
v 14.776155471801758 19.49949073791504 10
v 11.63050365447998 16.542036056518555 10
v 12.059966087341309 16.574934005737305 10
v 15.125 3.155519962310791 10
v 8.918397903442383 0.23050956428050995 10
v 19.490507125854492 1.8991317749023438 10
v 14.776155471801758 19.49949073791504 10
v 12.059966087341309 16.574934005737305 10
v 12.503899574279785 16.585899353027344 10
v 15.481877326965332 3.3252313137054443 10
v 15.125 3.155519962310791 10
v 19.490507125854492 1.8991317749023438 10
v 14.776155471801758 19.49949073791504 10
v 12.503899574279785 16.585899353027344 10
v 12.974913597106934 16.573516845703125 10
v 15.822044372558594 3.521052122116089 10
v 15.481877326965332 3.3252313137054443 10
v 19.490507125854492 1.8991317749023438 10
v 14.776155471801758 19.49949073791504 10
v 12.974913597106934 16.573516845703125 10
v 13.428321838378906 16.536367416381836 10
v 16.14550018310547 3.7429823875427246 10
v 15.822044372558594 3.521052122116089 10
v 19.490507125854492 1.8991317749023438 10
v 14.776155471801758 19.49949073791504 10
v 13.428321838378906 16.536367416381836 10
v 13.86412525177002 16.474449157714844 10
v 16.45224380493164 3.9910221099853516 10
v 16.14550018310547 3.7429823875427246 10
v 19.490507125854492 1.8991317749023438 10
v 14.776155471801758 19.49949073791504 10
v 13.86412525177002 16.474449157714844 10
v 14.28232192993164 16.387765884399414 10
v 16.742277145385742 4.265171527862549 10
v 16.45224380493164 3.9910221099853516 10
v 19.490507125854492 1.8991317749023438 10
v 14.776155471801758 19.49949073791504 10
v 14.28232192993164 16.387765884399414 10
v 14.682913780212402 16.276317596435547 10
v 17.015600204467773 4.565430164337158 10
v 16.742277145385742 4.265171527862549 10
v 19.490507125854492 1.8991317749023438 10
v 21.922100067138672 13.878925323486328 10
v 14.776155471801758 19.49949073791504 10
v 14.682913780212402 16.276317596435547 10
v 17.269542694091797 4.888515949249268 10
v 17.015600204467773 4.565430164337158 10
v 19.490507125854492 1.8991317749023438 10
v 21.922100067138672 13.878925323486328 10
v 14.682913780212402 16.276317596435547 10
v 15.065899848937988 16.140100479125977 10
v 17.501401901245117 5.231146335601807 10
v 17.269542694091797 4.888515949249268 10
v 19.490507125854492 1.8991317749023438 10
v 21.922100067138672 13.878925323486328 10
v 15.065899848937988 16.140100479125977 10
v 15.431280136108398 15.979116439819336 10
v 17.711181640625 5.593321800231934 10
v 17.501401901245117 5.231146335601807 10
v 19.490507125854492 1.8991317749023438 10
v 21.922100067138672 13.878925323486328 10
v 15.431280136108398 15.979116439819336 10
v 15.77905559539795 15.793366432189941 10
v 17.89887809753418 5.975042343139648 10
v 17.711181640625 5.593321800231934 10
v 19.490507125854492 1.8991317749023438 10
v 21.922100067138672 13.878925323486328 10
v 15.77905559539795 15.793366432189941 10
v 16.109224319458008 15.582850456237793 10
v 18.06449317932129 6.376307487487793 10
v 17.89887809753418 5.975042343139648 10
v 19.490507125854492 1.8991317749023438 10
v 21.922100067138672 13.878925323486328 10
v 16.109224319458008 15.582850456237793 10
v 16.421789169311523 15.347566604614258 10
v 18.208024978637695 6.797117710113525 10
v 18.06449317932129 6.376307487487793 10
v 19.490507125854492 1.8991317749023438 10
v 21.922100067138672 13.878925323486328 10
v 16.421789169311523 15.347566604614258 10
v 16.716747283935547 15.087516784667969 10
v 18.32947540283203 7.2374725341796875 10
v 18.208024978637695 6.797117710113525 10
v 19.490507125854492 1.8991317749023438 10
v 21.922100067138672 13.878925323486328 10
v 16.716747283935547 15.087516784667969 10
v 16.99410057067871 14.80270004272461 10
v 18.428844451904297 7.6973724365234375 10
v 18.32947540283203 7.2374725341796875 10
v 19.490507125854492 1.8991317749023438 10
v 21.922100067138672 13.878925323486328 10
v 16.99410057067871 14.80270004272461 10
v 17.251476287841797 14.49505615234375 10
v 18.506132125854492 8.176816940307617 10
v 18.428844451904297 7.6973724365234375 10
v 19.490507125854492 1.8991317749023438 10
v 21.922100067138672 13.878925323486328 10
v 17.251476287841797 14.49505615234375 10
v 17.486473083496094 14.166525840759277 10
v 18.561336517333984 8.675806045532227 10
v 18.506132125854492 8.176816940307617 10
v 19.490507125854492 1.8991317749023438 10
v 21.922100067138672 13.878925323486328 10
v 17.486473083496094 14.166525840759277 10
v 17.699087142944336 13.817107200622559 10
v 18.594459533691406 9.194340705871582 10
v 18.561336517333984 8.675806045532227 10
v 19.490507125854492 1.8991317749023438 10
v 21.922100067138672 13.878925323486328 10
v 17.699087142944336 13.817107200622559 10
v 17.88932228088379 13.446802139282227 10
v 18.605499267578125 9.732419967651367 10
v 18.594459533691406 9.194340705871582 10
v 19.490507125854492 1.8991317749023438 10
v 21.922100067138672 13.878925323486328 10
v 17.88932228088379 13.446802139282227 10
v 18.05717658996582 13.055609703063965 10
v 18.594308853149414 10.26982307434082 10
v 18.605499267578125 9.732419967651367 10
v 19.490507125854492 1.8991317749023438 10
v 21.922100067138672 13.878925323486328 10
v 18.05717658996582 13.055609703063965 10
v 18.20265007019043 12.643529891967773 10
v 18.560739517211914 10.786338806152344 10
v 18.594308853149414 10.26982307434082 10
v 19.490507125854492 1.8991317749023438 10
v 21.922100067138672 13.878925323486328 10
v 18.20265007019043 12.643529891967773 10
v 18.325742721557617 12.210562705993652 10
v 18.560739517211914 10.786338806152344 10
v 19.490507125854492 1.8991317749023438 10
v 21.922100067138672 13.878925323486328 10
v 21.922100067138672 13.878925323486328 10
v 18.325742721557617 12.210562705993652 10
v 18.426456451416016 11.756709098815918 10
v 18.50478744506836 11.281967163085938 10
v 18.560739517211914 10.786338806152344 10
v 21.922100067138672 13.878925323486328 10
v 21.922100067138672 13.878925323486328 10
v 18.426456451416016 11.756709098815918 10
v 18.50478744506836 11.281967163085938 10
v 22.520015716552734 10.629400253295898 0
v 22.468767166137695 11.329436302185059 0
v 22.520015716552734 10.629400253295898 10
v 22.468767166137695 11.329436302185059 0
v 22.468767166137695 11.329436302185059 10
v 22.520015716552734 10.629400253295898 10
v 22.468767166137695 11.329436302185059 0
v 22.383350372314453 12.004405975341797 0
v 22.468767166137695 11.329436302185059 10
v 22.383350372314453 12.004405975341797 0
v 22.383350372314453 12.004405975341797 10
v 22.468767166137695 11.329436302185059 10
v 22.383350372314453 12.004405975341797 0
v 22.26376724243164 12.654311180114746 0
v 22.383350372314453 12.004405975341797 10
v 22.26376724243164 12.654311180114746 0
v 22.26376724243164 12.654311180114746 10
v 22.383350372314453 12.004405975341797 10
v 22.26376724243164 12.654311180114746 0
v 22.110015869140625 13.27915096282959 0
v 22.26376724243164 12.654311180114746 10
v 22.110015869140625 13.27915096282959 0
v 22.110015869140625 13.27915096282959 10
v 22.26376724243164 12.654311180114746 10
v 22.110015869140625 13.27915096282959 0
v 21.922100067138672 13.878925323486328 0
v 22.110015869140625 13.27915096282959 10
v 21.922100067138672 13.878925323486328 0
v 21.922100067138672 13.878925323486328 10
v 22.110015869140625 13.27915096282959 10
v 21.922100067138672 13.878925323486328 0
v 21.700016021728516 14.453634262084961 0
v 21.922100067138672 13.878925323486328 10
v 21.700016021728516 14.453634262084961 0
v 21.700016021728516 14.453634262084961 10
v 21.922100067138672 13.878925323486328 10
v 21.700016021728516 14.453634262084961 0
v 21.443767547607422 15.003277778625488 0
v 21.700016021728516 14.453634262084961 10
v 21.443767547607422 15.003277778625488 0
v 21.443767547607422 15.003277778625488 10
v 21.700016021728516 14.453634262084961 10
v 21.443767547607422 15.003277778625488 0
v 21.153350830078125 15.52785587310791 0
v 21.443767547607422 15.003277778625488 10
v 21.153350830078125 15.52785587310791 0
v 21.153350830078125 15.52785587310791 10
v 21.443767547607422 15.003277778625488 10
v 21.153350830078125 15.52785587310791 0
v 20.828765869140625 16.027368545532227 0
v 21.153350830078125 15.52785587310791 10
v 20.828765869140625 16.027368545532227 0
v 20.828765869140625 16.027368545532227 10
v 21.153350830078125 15.52785587310791 10
v 20.828765869140625 16.027368545532227 0
v 20.470016479492188 16.50181770324707 0
v 20.828765869140625 16.027368545532227 10
v 20.470016479492188 16.50181770324707 0
v 20.470016479492188 16.50181770324707 10
v 20.828765869140625 16.027368545532227 10
v 20.470016479492188 16.50181770324707 0
v 20.07710075378418 16.951200485229492 0
v 20.470016479492188 16.50181770324707 10
v 20.07710075378418 16.951200485229492 0
v 20.07710075378418 16.951200485229492 10
v 20.470016479492188 16.50181770324707 10
v 20.07710075378418 16.951200485229492 0
v 19.655105590820312 17.369848251342773 0
v 20.07710075378418 16.951200485229492 10
v 19.655105590820312 17.369848251342773 0
v 19.655105590820312 17.369848251342773 10
v 20.07710075378418 16.951200485229492 10
v 19.655105590820312 17.369848251342773 0
v 19.209089279174805 17.752092361450195 0
v 19.655105590820312 17.369848251342773 10
v 19.209089279174805 17.752092361450195 0
v 19.209089279174805 17.752092361450195 10
v 19.655105590820312 17.369848251342773 10
v 19.209089279174805 17.752092361450195 0
v 18.739049911499023 18.097930908203125 0
v 19.209089279174805 17.752092361450195 10
v 18.739049911499023 18.097930908203125 0
v 18.739049911499023 18.097930908203125 10
v 19.209089279174805 17.752092361450195 10
v 18.739049911499023 18.097930908203125 0
v 18.2449893951416 18.407365798950195 0
v 18.739049911499023 18.097930908203125 10
v 18.2449893951416 18.407365798950195 0
v 18.2449893951416 18.407365798950195 10
v 18.739049911499023 18.097930908203125 10
v 18.2449893951416 18.407365798950195 0
v 17.726905822753906 18.680397033691406 0
v 18.2449893951416 18.407365798950195 10
v 17.726905822753906 18.680397033691406 0
v 17.726905822753906 18.680397033691406 10
v 18.2449893951416 18.407365798950195 10
v 17.726905822753906 18.680397033691406 0
v 17.184799194335938 18.917024612426758 0
v 17.726905822753906 18.680397033691406 10
v 17.184799194335938 18.917024612426758 0
v 17.184799194335938 18.917024612426758 10
v 17.726905822753906 18.680397033691406 10
v 17.184799194335938 18.917024612426758 0
v 16.618671417236328 19.11724853515625 0
v 17.184799194335938 18.917024612426758 10
v 16.618671417236328 19.11724853515625 0
v 16.618671417236328 19.11724853515625 10
v 17.184799194335938 18.917024612426758 10
v 16.618671417236328 19.11724853515625 0
v 16.028522491455078 19.28106689453125 0
v 16.618671417236328 19.11724853515625 10
v 16.028522491455078 19.28106689453125 0
v 16.028522491455078 19.28106689453125 10
v 16.618671417236328 19.11724853515625 10
v 16.028522491455078 19.28106689453125 0
v 15.414349555969238 19.40848159790039 0
v 16.028522491455078 19.28106689453125 10
v 15.414349555969238 19.40848159790039 0
v 15.414349555969238 19.40848159790039 10
v 16.028522491455078 19.28106689453125 10
v 15.414349555969238 19.40848159790039 0
v 14.776155471801758 19.49949073791504 0
v 15.414349555969238 19.40848159790039 10
v 14.776155471801758 19.49949073791504 0
v 14.776155471801758 19.49949073791504 10
v 15.414349555969238 19.40848159790039 10
v 14.776155471801758 19.49949073791504 0
v 14.11393928527832 19.55409812927246 0
v 14.776155471801758 19.49949073791504 10
v 14.11393928527832 19.55409812927246 0
v 14.11393928527832 19.55409812927246 10
v 14.776155471801758 19.49949073791504 10
v 14.11393928527832 19.55409812927246 0
v 13.42770004272461 19.57229995727539 0
v 14.11393928527832 19.55409812927246 10
v 13.42770004272461 19.57229995727539 0
v 13.42770004272461 19.57229995727539 10
v 14.11393928527832 19.55409812927246 10
v 13.42770004272461 19.57229995727539 0
v 13.019796371459961 19.56521224975586 0
v 13.42770004272461 19.57229995727539 10
v 13.019796371459961 19.56521224975586 0
v 13.019796371459961 19.56521224975586 10
v 13.42770004272461 19.57229995727539 10
v 13.019796371459961 19.56521224975586 0
v 12.619650840759277 19.54395294189453 0
v 13.019796371459961 19.56521224975586 10
v 12.619650840759277 19.54395294189453 0
v 12.619650840759277 19.54395294189453 10
v 13.019796371459961 19.56521224975586 10
v 12.619650840759277 19.54395294189453 0
v 12.227263450622559 19.50851821899414 0
v 12.619650840759277 19.54395294189453 10
v 12.227263450622559 19.50851821899414 0
v 12.227263450622559 19.50851821899414 10
v 12.619650840759277 19.54395294189453 10
v 12.227263450622559 19.50851821899414 0
v 11.842635154724121 19.458911895751953 0
v 12.227263450622559 19.50851821899414 10
v 11.842635154724121 19.458911895751953 0
v 11.842635154724121 19.458911895751953 10
v 12.227263450622559 19.50851821899414 10
v 11.842635154724121 19.458911895751953 0
v 11.465765953063965 19.395130157470703 0
v 11.842635154724121 19.458911895751953 10
v 11.465765953063965 19.395130157470703 0
v 11.465765953063965 19.395130157470703 10
v 11.842635154724121 19.458911895751953 10
v 11.465765953063965 19.395130157470703 0
v 11.096654891967773 19.317174911499023 0
v 11.465765953063965 19.395130157470703 10
v 11.096654891967773 19.317174911499023 0
v 11.096654891967773 19.317174911499023 10
v 11.465765953063965 19.395130157470703 10
v 11.096654891967773 19.317174911499023 0
v 10.735302925109863 19.225046157836914 0
v 11.096654891967773 19.317174911499023 10
v 10.735302925109863 19.225046157836914 0
v 10.735302925109863 19.225046157836914 10
v 11.096654891967773 19.317174911499023 10
v 10.735302925109863 19.225046157836914 0
v 10.381709098815918 19.118743896484375 0
v 10.735302925109863 19.225046157836914 10
v 10.381709098815918 19.118743896484375 0
v 10.381709098815918 19.118743896484375 10
v 10.735302925109863 19.225046157836914 10
v 10.381709098815918 19.118743896484375 0
v 10.035873413085938 18.998268127441406 0
v 10.381709098815918 19.118743896484375 10
v 10.035873413085938 18.998268127441406 0
v 10.035873413085938 18.998268127441406 10
v 10.381709098815918 19.118743896484375 10
v 10.035873413085938 18.998268127441406 0
v 9.697796821594238 18.863618850708008 0
v 10.035873413085938 18.998268127441406 10
v 9.697796821594238 18.863618850708008 0
v 9.697796821594238 18.863618850708008 10
v 10.035873413085938 18.998268127441406 10
v 9.697796821594238 18.863618850708008 0
v 9.36747932434082 18.71479606628418 0
v 9.697796821594238 18.863618850708008 10
v 9.36747932434082 18.71479606628418 0
v 9.36747932434082 18.71479606628418 10
v 9.697796821594238 18.863618850708008 10
v 9.36747932434082 18.71479606628418 0
v 9.044919967651367 18.551799774169922 0
v 9.36747932434082 18.71479606628418 10
v 9.044919967651367 18.551799774169922 0
v 9.044919967651367 18.551799774169922 10
v 9.36747932434082 18.71479606628418 10
v 9.044919967651367 18.551799774169922 0
v 8.732202529907227 18.375211715698242 0
v 9.044919967651367 18.551799774169922 10
v 8.732202529907227 18.375211715698242 0
v 8.732202529907227 18.375211715698242 10
v 9.044919967651367 18.551799774169922 10
v 8.732202529907227 18.375211715698242 0
v 8.431421279907227 18.185644149780273 0
v 8.732202529907227 18.375211715698242 10
v 8.431421279907227 18.185644149780273 0
v 8.431421279907227 18.185644149780273 10
v 8.732202529907227 18.375211715698242 10
v 8.431421279907227 18.185644149780273 0
v 8.142576217651367 17.98310089111328 0
v 8.431421279907227 18.185644149780273 10
v 8.142576217651367 17.98310089111328 0
v 8.142576217651367 17.98310089111328 10
v 8.431421279907227 18.185644149780273 10
v 8.142576217651367 17.98310089111328 0
v 7.86566686630249 17.767578125 0
v 8.142576217651367 17.98310089111328 10
v 7.86566686630249 17.767578125 0
v 7.86566686630249 17.767578125 10
v 8.142576217651367 17.98310089111328 10
v 7.86566686630249 17.767578125 0
v 7.6006927490234375 17.539077758789062 0
v 7.86566686630249 17.767578125 10
v 7.6006927490234375 17.539077758789062 0
v 7.6006927490234375 17.539077758789062 10
v 7.86566686630249 17.767578125 10
v 7.6006927490234375 17.539077758789062 0
v 7.347654819488525 17.29759979248047 0
v 7.6006927490234375 17.539077758789062 10
v 7.347654819488525 17.29759979248047 0
v 7.347654819488525 17.29759979248047 10
v 7.6006927490234375 17.539077758789062 10
v 7.347654819488525 17.29759979248047 0
v 7.106553077697754 17.04314422607422 0
v 7.347654819488525 17.29759979248047 10
v 7.106553077697754 17.04314422607422 0
v 7.106553077697754 17.04314422607422 10
v 7.347654819488525 17.29759979248047 10
v 7.106553077697754 17.04314422607422 0
v 6.877386569976807 16.775711059570312 0
v 7.106553077697754 17.04314422607422 10
v 6.877386569976807 16.775711059570312 0
v 6.877386569976807 16.775711059570312 10
v 7.106553077697754 17.04314422607422 10
v 6.877386569976807 16.775711059570312 0
v 6.66015625 16.49530029296875 0
v 6.877386569976807 16.775711059570312 10
v 6.66015625 16.49530029296875 0
v 6.66015625 16.49530029296875 10
v 6.877386569976807 16.775711059570312 10
v 6.66015625 16.49530029296875 0
v 6.454861640930176 16.20191192626953 0
v 6.66015625 16.49530029296875 10
v 6.454861640930176 16.20191192626953 0
v 6.454861640930176 16.20191192626953 10
v 6.66015625 16.49530029296875 10
v 6.454861640930176 16.20191192626953 0
v 6.261502742767334 15.895544052124023 0
v 6.454861640930176 16.20191192626953 10
v 6.261502742767334 15.895544052124023 0
v 6.261502742767334 15.895544052124023 10
v 6.454861640930176 16.20191192626953 10
v 6.261502742767334 15.895544052124023 0
v 6.080080032348633 15.576199531555176 0
v 6.261502742767334 15.895544052124023 10
v 6.080080032348633 15.576199531555176 0
v 6.080080032348633 15.576199531555176 10
v 6.261502742767334 15.895544052124023 10
v 6.080080032348633 15.576199531555176 0
v 6.092687129974365 16.53097915649414 0
v 6.080080032348633 15.576199531555176 10
v 6.092687129974365 16.53097915649414 0
v 6.092687129974365 16.53097915649414 10
v 6.080080032348633 15.576199531555176 10
v 6.092687129974365 16.53097915649414 0
v 6.1305084228515625 17.44741439819336 0
v 6.092687129974365 16.53097915649414 10
v 6.1305084228515625 17.44741439819336 0
v 6.1305084228515625 17.44741439819336 10
v 6.092687129974365 16.53097915649414 10
v 6.1305084228515625 17.44741439819336 0
v 6.193544387817383 18.32550621032715 0
v 6.1305084228515625 17.44741439819336 10
v 6.193544387817383 18.32550621032715 0
v 6.193544387817383 18.32550621032715 10
v 6.1305084228515625 17.44741439819336 10
v 6.193544387817383 18.32550621032715 0
v 6.281794548034668 19.16525650024414 0
v 6.193544387817383 18.32550621032715 10
v 6.281794548034668 19.16525650024414 0
v 6.281794548034668 19.16525650024414 10
v 6.193544387817383 18.32550621032715 10
v 6.281794548034668 19.16525650024414 0
v 6.395258903503418 19.96666145324707 0
v 6.281794548034668 19.16525650024414 10
v 6.395258903503418 19.96666145324707 0
v 6.395258903503418 19.96666145324707 10
v 6.281794548034668 19.16525650024414 10
v 6.395258903503418 19.96666145324707 0
v 6.533937454223633 20.729724884033203 0
v 6.395258903503418 19.96666145324707 10
v 6.533937454223633 20.729724884033203 0
v 6.533937454223633 20.729724884033203 10
v 6.395258903503418 19.96666145324707 10
v 6.533937454223633 20.729724884033203 0
v 6.697830677032471 21.454444885253906 0
v 6.533937454223633 20.729724884033203 10
v 6.697830677032471 21.454444885253906 0
v 6.697830677032471 21.454444885253906 10
v 6.533937454223633 20.729724884033203 10
v 6.697830677032471 21.454444885253906 0
v 6.886937618255615 22.14082145690918 0
v 6.697830677032471 21.454444885253906 10
v 6.886937618255615 22.14082145690918 0
v 6.886937618255615 22.14082145690918 10
v 6.697830677032471 21.454444885253906 10
v 6.886937618255615 22.14082145690918 0
v 7.101259231567383 22.788856506347656 0
v 6.886937618255615 22.14082145690918 10
v 7.101259231567383 22.788856506347656 0
v 7.101259231567383 22.788856506347656 10
v 6.886937618255615 22.14082145690918 10
v 7.101259231567383 22.788856506347656 0
v 7.340795040130615 23.398548126220703 0
v 7.101259231567383 22.788856506347656 10
v 7.340795040130615 23.398548126220703 0
v 7.340795040130615 23.398548126220703 10
v 7.101259231567383 22.788856506347656 10
v 7.340795040130615 23.398548126220703 0
v 7.605545520782471 23.969894409179688 0
v 7.340795040130615 23.398548126220703 10
v 7.605545520782471 23.969894409179688 0
v 7.605545520782471 23.969894409179688 10
v 7.340795040130615 23.398548126220703 10
v 7.605545520782471 23.969894409179688 0
v 7.895510196685791 24.502899169921875 0
v 7.605545520782471 23.969894409179688 10
v 7.895510196685791 24.502899169921875 0
v 7.895510196685791 24.502899169921875 10
v 7.605545520782471 23.969894409179688 10
v 7.895510196685791 24.502899169921875 0
v 8.208450317382812 24.995323181152344 0
v 7.895510196685791 24.502899169921875 10
v 8.208450317382812 24.995323181152344 0
v 8.208450317382812 24.995323181152344 10
v 7.895510196685791 24.502899169921875 10
v 8.208450317382812 24.995323181152344 0
v 8.542129516601562 25.444927215576172 0
v 8.208450317382812 24.995323181152344 10
v 8.542129516601562 25.444927215576172 0
v 8.542129516601562 25.444927215576172 10
v 8.208450317382812 24.995323181152344 10
v 8.542129516601562 25.444927215576172 0
v 8.89654541015625 25.851713180541992 0
v 8.542129516601562 25.444927215576172 10
v 8.89654541015625 25.851713180541992 0
v 8.89654541015625 25.851713180541992 10
v 8.542129516601562 25.444927215576172 10
v 8.89654541015625 25.851713180541992 0
v 9.271699905395508 26.21567726135254 0
v 8.89654541015625 25.851713180541992 10
v 9.271699905395508 26.21567726135254 0
v 9.271699905395508 26.21567726135254 10
v 8.89654541015625 25.851713180541992 10
v 9.271699905395508 26.21567726135254 0
v 9.66759204864502 26.536823272705078 0
v 9.271699905395508 26.21567726135254 10
v 9.66759204864502 26.536823272705078 0
v 9.66759204864502 26.536823272705078 10
v 9.271699905395508 26.21567726135254 10
v 9.66759204864502 26.536823272705078 0
v 10.084222793579102 26.815149307250977 0
v 9.66759204864502 26.536823272705078 10
v 10.084222793579102 26.815149307250977 0
v 10.084222793579102 26.815149307250977 10
v 9.66759204864502 26.536823272705078 10
v 10.084222793579102 26.815149307250977 0
v 10.521590232849121 27.050657272338867 0
v 10.084222793579102 26.815149307250977 10
v 10.521590232849121 27.050657272338867 0
v 10.521590232849121 27.050657272338867 10
v 10.084222793579102 26.815149307250977 10
v 10.521590232849121 27.050657272338867 0
v 10.979696273803711 27.243345260620117 0
v 10.521590232849121 27.050657272338867 10
v 10.979696273803711 27.243345260620117 0
v 10.979696273803711 27.243345260620117 10
v 10.521590232849121 27.050657272338867 10
v 10.979696273803711 27.243345260620117 0
v 11.458540916442871 27.393213272094727 0
v 10.979696273803711 27.243345260620117 10
v 11.458540916442871 27.393213272094727 0
v 11.458540916442871 27.393213272094727 10
v 10.979696273803711 27.243345260620117 10
v 11.458540916442871 27.393213272094727 0
v 11.958122253417969 27.500261306762695 0
v 11.458540916442871 27.393213272094727 10
v 11.958122253417969 27.500261306762695 0
v 11.958122253417969 27.500261306762695 10
v 11.458540916442871 27.393213272094727 10
v 11.958122253417969 27.500261306762695 0
v 12.478442192077637 27.564489364624023 0
v 11.958122253417969 27.500261306762695 10
v 12.478442192077637 27.564489364624023 0
v 12.478442192077637 27.564489364624023 10
v 11.958122253417969 27.500261306762695 10
v 12.478442192077637 27.564489364624023 0
v 13.019499778747559 27.585899353027344 0
v 12.478442192077637 27.564489364624023 10
v 13.019499778747559 27.585899353027344 0
v 13.019499778747559 27.585899353027344 10
v 12.478442192077637 27.564489364624023 10
v 13.019499778747559 27.585899353027344 0
v 13.644936561584473 27.560237884521484 0
v 13.019499778747559 27.585899353027344 10
v 13.644936561584473 27.560237884521484 0
v 13.644936561584473 27.560237884521484 10
v 13.019499778747559 27.585899353027344 10
v 13.644936561584473 27.560237884521484 0
v 14.232177734375 27.483253479003906 0
v 13.644936561584473 27.560237884521484 10
v 14.232177734375 27.483253479003906 0
v 14.232177734375 27.483253479003906 10
v 13.644936561584473 27.560237884521484 10
v 14.232177734375 27.483253479003906 0
v 14.781225204467773 27.354944229125977 0
v 14.232177734375 27.483253479003906 10
v 14.781225204467773 27.354944229125977 0
v 14.781225204467773 27.354944229125977 10
v 14.232177734375 27.483253479003906 10
v 14.781225204467773 27.354944229125977 0
v 15.292078018188477 27.175312042236328 0
v 14.781225204467773 27.354944229125977 10
v 15.292078018188477 27.175312042236328 0
v 15.292078018188477 27.175312042236328 10
v 14.781225204467773 27.354944229125977 10
v 15.292078018188477 27.175312042236328 0
v 15.76473617553711 26.944355010986328 0
v 15.292078018188477 27.175312042236328 10
v 15.76473617553711 26.944355010986328 0
v 15.76473617553711 26.944355010986328 10
v 15.292078018188477 27.175312042236328 10
v 15.76473617553711 26.944355010986328 0
v 16.199199676513672 26.66207504272461 0
v 15.76473617553711 26.944355010986328 10
v 16.199199676513672 26.66207504272461 0
v 16.199199676513672 26.66207504272461 10
v 15.76473617553711 26.944355010986328 10
v 16.199199676513672 26.66207504272461 0
v 16.595468521118164 26.328472137451172 0
v 16.199199676513672 26.66207504272461 10
v 16.595468521118164 26.328472137451172 0
v 16.595468521118164 26.328472137451172 10
v 16.199199676513672 26.66207504272461 10
v 16.595468521118164 26.328472137451172 0
v 16.95354461669922 25.943544387817383 0
v 16.595468521118164 26.328472137451172 10
v 16.95354461669922 25.943544387817383 0
v 16.95354461669922 25.943544387817383 10
v 16.595468521118164 26.328472137451172 10
v 16.95354461669922 25.943544387817383 0
v 17.27342414855957 25.507293701171875 0
v 16.95354461669922 25.943544387817383 10
v 17.27342414855957 25.507293701171875 0
v 17.27342414855957 25.507293701171875 10
v 16.95354461669922 25.943544387817383 10
v 17.27342414855957 25.507293701171875 0
v 17.555110931396484 25.01972007751465 0
v 17.27342414855957 25.507293701171875 10
v 17.555110931396484 25.01972007751465 0
v 17.555110931396484 25.01972007751465 10
v 17.27342414855957 25.507293701171875 10
v 17.555110931396484 25.01972007751465 0
v 17.798603057861328 24.48082160949707 0
v 17.555110931396484 25.01972007751465 10
v 17.798603057861328 24.48082160949707 0
v 17.798603057861328 24.48082160949707 10
v 17.555110931396484 25.01972007751465 10
v 17.798603057861328 24.48082160949707 0
v 18.0039005279541 23.890600204467773 0
v 17.798603057861328 24.48082160949707 10
v 18.0039005279541 23.890600204467773 0
v 18.0039005279541 23.890600204467773 10
v 17.798603057861328 24.48082160949707 10
v 18.0039005279541 23.890600204467773 0
v 21.699199676513672 24.55660057067871 0
v 18.0039005279541 23.890600204467773 10
v 21.699199676513672 24.55660057067871 0
v 21.699199676513672 24.55660057067871 10
v 18.0039005279541 23.890600204467773 10
v 21.699199676513672 24.55660057067871 0
v 21.543521881103516 25.05805778503418 0
v 21.699199676513672 24.55660057067871 10
v 21.543521881103516 25.05805778503418 0
v 21.543521881103516 25.05805778503418 10
v 21.699199676513672 24.55660057067871 10
v 21.543521881103516 25.05805778503418 0
v 21.370088577270508 25.538328170776367 0
v 21.543521881103516 25.05805778503418 10
v 21.370088577270508 25.538328170776367 0
v 21.370088577270508 25.538328170776367 10
v 21.543521881103516 25.05805778503418 10
v 21.370088577270508 25.538328170776367 0
v 21.17889976501465 25.997411727905273 0
v 21.370088577270508 25.538328170776367 10
v 21.17889976501465 25.997411727905273 0
v 21.17889976501465 25.997411727905273 10
v 21.370088577270508 25.538328170776367 10
v 21.17889976501465 25.997411727905273 0
v 20.969955444335938 26.43531036376953 0
v 21.17889976501465 25.997411727905273 10
v 20.969955444335938 26.43531036376953 0
v 20.969955444335938 26.43531036376953 10
v 21.17889976501465 25.997411727905273 10
v 20.969955444335938 26.43531036376953 0
v 20.743255615234375 26.85202407836914 0
v 20.969955444335938 26.43531036376953 10
v 20.743255615234375 26.85202407836914 0
v 20.743255615234375 26.85202407836914 10
v 20.969955444335938 26.43531036376953 10
v 20.743255615234375 26.85202407836914 0
v 20.49880027770996 27.247549057006836 0
v 20.743255615234375 26.85202407836914 10
v 20.49880027770996 27.247549057006836 0
v 20.49880027770996 27.247549057006836 10
v 20.743255615234375 26.85202407836914 10
v 20.49880027770996 27.247549057006836 0
v 20.236589431762695 27.621891021728516 0
v 20.49880027770996 27.247549057006836 10
v 20.236589431762695 27.621891021728516 0
v 20.236589431762695 27.621891021728516 10
v 20.49880027770996 27.247549057006836 10
v 20.236589431762695 27.621891021728516 0
v 19.956623077392578 27.97504425048828 0
v 20.236589431762695 27.621891021728516 10
v 19.956623077392578 27.97504425048828 0
v 19.956623077392578 27.97504425048828 10
v 20.236589431762695 27.621891021728516 10
v 19.956623077392578 27.97504425048828 0
v 19.658899307250977 28.3070125579834 0
v 19.956623077392578 27.97504425048828 10
v 19.658899307250977 28.3070125579834 0
v 19.658899307250977 28.3070125579834 10
v 19.956623077392578 27.97504425048828 10
v 19.658899307250977 28.3070125579834 0
v 19.343421936035156 28.617794036865234 0
v 19.658899307250977 28.3070125579834 10
v 19.343421936035156 28.617794036865234 0
v 19.343421936035156 28.617794036865234 10
v 19.658899307250977 28.3070125579834 10
v 19.343421936035156 28.617794036865234 0
v 19.010189056396484 28.907390594482422 0
v 19.343421936035156 28.617794036865234 10
v 19.010189056396484 28.907390594482422 0
v 19.010189056396484 28.907390594482422 10
v 19.343421936035156 28.617794036865234 10
v 19.010189056396484 28.907390594482422 0
v 18.65920066833496 29.175800323486328 0
v 19.010189056396484 28.907390594482422 10
v 18.65920066833496 29.175800323486328 0
v 18.65920066833496 29.175800323486328 10
v 19.010189056396484 28.907390594482422 10
v 18.65920066833496 29.175800323486328 0
v 18.290456771850586 29.422874450683594 0
v 18.65920066833496 29.175800323486328 10
v 18.290456771850586 29.422874450683594 0
v 18.290456771850586 29.422874450683594 10
v 18.65920066833496 29.175800323486328 10
v 18.290456771850586 29.422874450683594 0
v 17.903959274291992 29.64846420288086 0
v 18.290456771850586 29.422874450683594 10
v 17.903959274291992 29.64846420288086 0
v 17.903959274291992 29.64846420288086 10
v 18.290456771850586 29.422874450683594 10
v 17.903959274291992 29.64846420288086 0
v 17.499706268310547 29.852569580078125 0
v 17.903959274291992 29.64846420288086 10
v 17.499706268310547 29.852569580078125 0
v 17.499706268310547 29.852569580078125 10
v 17.903959274291992 29.64846420288086 10
v 17.499706268310547 29.852569580078125 0
v 17.077699661254883 30.035188674926758 0
v 17.499706268310547 29.852569580078125 10
v 17.077699661254883 30.035188674926758 0
v 17.077699661254883 30.035188674926758 10
v 17.499706268310547 29.852569580078125 10
v 17.077699661254883 30.035188674926758 0
v 16.637939453125 30.19632339477539 0
v 17.077699661254883 30.035188674926758 10
v 16.637939453125 30.19632339477539 0
v 16.637939453125 30.19632339477539 10
v 17.077699661254883 30.035188674926758 10
v 16.637939453125 30.19632339477539 0
v 16.1804256439209 30.335975646972656 0
v 16.637939453125 30.19632339477539 10
v 16.1804256439209 30.335975646972656 0
v 16.1804256439209 30.335975646972656 10
v 16.637939453125 30.19632339477539 10
v 16.1804256439209 30.335975646972656 0
v 15.705156326293945 30.45414161682129 0
v 16.1804256439209 30.335975646972656 10
v 15.705156326293945 30.45414161682129 0
v 15.705156326293945 30.45414161682129 10
v 16.1804256439209 30.335975646972656 10
v 15.705156326293945 30.45414161682129 0
v 15.212133407592773 30.55082130432129 0
v 15.705156326293945 30.45414161682129 10
v 15.212133407592773 30.55082130432129 0
v 15.212133407592773 30.55082130432129 10
v 15.705156326293945 30.45414161682129 10
v 15.212133407592773 30.55082130432129 0
v 14.701355934143066 30.626018524169922 0
v 15.212133407592773 30.55082130432129 10
v 14.701355934143066 30.626018524169922 0
v 14.701355934143066 30.626018524169922 10
v 15.212133407592773 30.55082130432129 10
v 14.701355934143066 30.626018524169922 0
v 14.17282485961914 30.679731369018555 0
v 14.701355934143066 30.626018524169922 10
v 14.17282485961914 30.679731369018555 0
v 14.17282485961914 30.679731369018555 10
v 14.701355934143066 30.626018524169922 10
v 14.17282485961914 30.679731369018555 0
v 13.62653923034668 30.711957931518555 0
v 14.17282485961914 30.679731369018555 10
v 13.62653923034668 30.711957931518555 0
v 13.62653923034668 30.711957931518555 10
v 14.17282485961914 30.679731369018555 10
v 13.62653923034668 30.711957931518555 0
v 13.0625 30.722700119018555 0
v 13.62653923034668 30.711957931518555 10
v 13.0625 30.722700119018555 0
v 13.0625 30.722700119018555 10
v 13.62653923034668 30.711957931518555 10
v 13.0625 30.722700119018555 0
v 12.2125244140625 30.693456649780273 0
v 13.0625 30.722700119018555 10
v 12.2125244140625 30.693456649780273 0
v 12.2125244140625 30.693456649780273 10
v 13.0625 30.722700119018555 10
v 12.2125244140625 30.693456649780273 0
v 11.395669937133789 30.605728149414062 0
v 12.2125244140625 30.693456649780273 10
v 11.395669937133789 30.605728149414062 0
v 11.395669937133789 30.605728149414062 10
v 12.2125244140625 30.693456649780273 10
v 11.395669937133789 30.605728149414062 0
v 10.6119384765625 30.45951271057129 0
v 11.395669937133789 30.605728149414062 10
v 10.6119384765625 30.45951271057129 0
v 10.6119384765625 30.45951271057129 10
v 11.395669937133789 30.605728149414062 10
v 10.6119384765625 30.45951271057129 0
v 9.861328125 30.254810333251953 0
v 10.6119384765625 30.45951271057129 10
v 9.861328125 30.254810333251953 0
v 9.861328125 30.254810333251953 10
v 10.6119384765625 30.45951271057129 10
v 9.861328125 30.254810333251953 0
v 9.143838882446289 29.991622924804688 0
v 9.861328125 30.254810333251953 10
v 9.143838882446289 29.991622924804688 0
v 9.143838882446289 29.991622924804688 10
v 9.861328125 30.254810333251953 10
v 9.143838882446289 29.991622924804688 0
v 8.45947265625 29.669950485229492 0
v 9.143838882446289 29.991622924804688 10
v 8.45947265625 29.669950485229492 0
v 8.45947265625 29.669950485229492 10
v 9.143838882446289 29.991622924804688 10
v 8.45947265625 29.669950485229492 0
v 7.8082275390625 29.289791107177734 0
v 8.45947265625 29.669950485229492 10
v 7.8082275390625 29.289791107177734 0
v 7.8082275390625 29.289791107177734 10
v 8.45947265625 29.669950485229492 10
v 7.8082275390625 29.289791107177734 0
v 7.1901044845581055 28.851144790649414 0
v 7.8082275390625 29.289791107177734 10
v 7.1901044845581055 28.851144790649414 0
v 7.1901044845581055 28.851144790649414 10
v 7.8082275390625 29.289791107177734 10
v 7.1901044845581055 28.851144790649414 0
v 6.605103015899658 28.354013442993164 0
v 7.1901044845581055 28.851144790649414 10
v 6.605103015899658 28.354013442993164 0
v 6.605103015899658 28.354013442993164 10
v 7.1901044845581055 28.851144790649414 10
v 6.605103015899658 28.354013442993164 0
v 6.053223609924316 27.79839515686035 0
v 6.605103015899658 28.354013442993164 10
v 6.053223609924316 27.79839515686035 0
v 6.053223609924316 27.79839515686035 10
v 6.605103015899658 28.354013442993164 10
v 6.053223609924316 27.79839515686035 0
v 5.534465789794922 27.184289932250977 0
v 6.053223609924316 27.79839515686035 10
v 5.534465789794922 27.184289932250977 0
v 5.534465789794922 27.184289932250977 10
v 6.053223609924316 27.79839515686035 10
v 5.534465789794922 27.184289932250977 0
v 5.048830032348633 26.511699676513672 0
v 5.534465789794922 27.184289932250977 10
v 5.048830032348633 26.511699676513672 0
v 5.048830032348633 26.511699676513672 10
v 5.534465789794922 27.184289932250977 10
v 5.048830032348633 26.511699676513672 0
v 4.599299907684326 25.78451919555664 0
v 5.048830032348633 26.511699676513672 10
v 4.599299907684326 25.78451919555664 0
v 4.599299907684326 25.78451919555664 10
v 5.048830032348633 26.511699676513672 10
v 4.599299907684326 25.78451919555664 0
v 4.188858985900879 25.006610870361328 0
v 4.599299907684326 25.78451919555664 10
v 4.188858985900879 25.006610870361328 0
v 4.188858985900879 25.006610870361328 10
v 4.599299907684326 25.78451919555664 10
v 4.188858985900879 25.006610870361328 0
v 3.8175082206726074 24.177974700927734 0
v 4.188858985900879 25.006610870361328 10
v 3.8175082206726074 24.177974700927734 0
v 3.8175082206726074 24.177974700927734 10
v 4.188858985900879 25.006610870361328 10
v 3.8175082206726074 24.177974700927734 0
v 3.4852466583251953 23.29861068725586 0
v 3.8175082206726074 24.177974700927734 10
v 3.4852466583251953 23.29861068725586 0
v 3.4852466583251953 23.29861068725586 10
v 3.8175082206726074 24.177974700927734 10
v 3.4852466583251953 23.29861068725586 0
v 3.192074775695801 22.368518829345703 0
v 3.4852466583251953 23.29861068725586 10
v 3.192074775695801 22.368518829345703 0
v 3.192074775695801 22.368518829345703 10
v 3.4852466583251953 23.29861068725586 10
v 3.192074775695801 22.368518829345703 0
v 2.937992572784424 21.387699127197266 0
v 3.192074775695801 22.368518829345703 10
v 2.937992572784424 21.387699127197266 0
v 2.937992572784424 21.387699127197266 10
v 3.192074775695801 22.368518829345703 10
v 2.937992572784424 21.387699127197266 0
v 2.7229998111724854 20.35615348815918 0
v 2.937992572784424 21.387699127197266 10
v 2.7229998111724854 20.35615348815918 0
v 2.7229998111724854 20.35615348815918 10
v 2.937992572784424 21.387699127197266 10
v 2.7229998111724854 20.35615348815918 0
v 2.5470967292785645 19.27387809753418 0
v 2.7229998111724854 20.35615348815918 10
v 2.5470967292785645 19.27387809753418 0
v 2.5470967292785645 19.27387809753418 10
v 2.7229998111724854 20.35615348815918 10
v 2.5470967292785645 19.27387809753418 0
v 2.410283088684082 18.1408748626709 0
v 2.5470967292785645 19.27387809753418 10
v 2.410283088684082 18.1408748626709 0
v 2.410283088684082 18.1408748626709 10
v 2.5470967292785645 19.27387809753418 10
v 2.410283088684082 18.1408748626709 0
v 2.312559127807617 16.957143783569336 0
v 2.410283088684082 18.1408748626709 10
v 2.312559127807617 16.957143783569336 0
v 2.312559127807617 16.957143783569336 10
v 2.410283088684082 18.1408748626709 10
v 2.312559127807617 16.957143783569336 0
v 2.25392484664917 15.722685813903809 0
v 2.312559127807617 16.957143783569336 10
v 2.25392484664917 15.722685813903809 0
v 2.25392484664917 15.722685813903809 10
v 2.312559127807617 16.957143783569336 10
v 2.25392484664917 15.722685813903809 0
v 2.234380006790161 14.4375 0
v 2.25392484664917 15.722685813903809 10
v 2.234380006790161 14.4375 0
v 2.234380006790161 14.4375 10
v 2.25392484664917 15.722685813903809 10
v 2.234380006790161 14.4375 0
v 2.253178834915161 13.25123405456543 0
v 2.234380006790161 14.4375 10
v 2.253178834915161 13.25123405456543 0
v 2.253178834915161 13.25123405456543 10
v 2.234380006790161 14.4375 10
v 2.253178834915161 13.25123405456543 0
v 2.309575319290161 12.113009452819824 0
v 2.253178834915161 13.25123405456543 10
v 2.309575319290161 12.113009452819824 0
v 2.309575319290161 12.113009452819824 10
v 2.253178834915161 13.25123405456543 10
v 2.309575319290161 12.113009452819824 0
v 2.403569459915161 11.0228271484375 0
v 2.309575319290161 12.113009452819824 10
v 2.403569459915161 11.0228271484375 0
v 2.403569459915161 11.0228271484375 10
v 2.309575319290161 12.113009452819824 10
v 2.403569459915161 11.0228271484375 0
v 2.535161018371582 9.980685234069824 0
v 2.403569459915161 11.0228271484375 10
v 2.535161018371582 9.980685234069824 0
v 2.535161018371582 9.980685234069824 10
v 2.403569459915161 11.0228271484375 10
v 2.535161018371582 9.980685234069824 0
v 2.704350471496582 8.98658561706543 0
v 2.535161018371582 9.980685234069824 10
v 2.704350471496582 8.98658561706543 0
v 2.704350471496582 8.98658561706543 10
v 2.535161018371582 9.980685234069824 10
v 2.704350471496582 8.98658561706543 0
v 2.911137580871582 8.04052734375 0
v 2.704350471496582 8.98658561706543 10
v 2.911137580871582 8.04052734375 0
v 2.911137580871582 8.04052734375 10
v 2.704350471496582 8.98658561706543 10
v 2.911137580871582 8.04052734375 0
v 3.155522108078003 7.142510890960693 0
v 2.911137580871582 8.04052734375 10
v 3.155522108078003 7.142510890960693 0
v 3.155522108078003 7.142510890960693 10
v 2.911137580871582 8.04052734375 10
v 3.155522108078003 7.142510890960693 0
v 3.437504529953003 6.292535781860352 0
v 3.155522108078003 7.142510890960693 10
v 3.437504529953003 6.292535781860352 0
v 3.437504529953003 6.292535781860352 10
v 3.155522108078003 7.142510890960693 10
v 3.437504529953003 6.292535781860352 0
v 3.757084369659424 5.490602016448975 0
v 3.437504529953003 6.292535781860352 10
v 3.757084369659424 5.490602016448975 0
v 3.757084369659424 5.490602016448975 10
v 3.437504529953003 6.292535781860352 10
v 3.757084369659424 5.490602016448975 0
v 4.114262104034424 4.7367095947265625 0
v 3.757084369659424 5.490602016448975 10
v 4.114262104034424 4.7367095947265625 0
v 4.114262104034424 4.7367095947265625 10
v 3.757084369659424 5.490602016448975 10
v 4.114262104034424 4.7367095947265625 0
v 4.509037017822266 4.030858993530273 0
v 4.114262104034424 4.7367095947265625 10
v 4.509037017822266 4.030858993530273 0
v 4.509037017822266 4.030858993530273 10
v 4.114262104034424 4.7367095947265625 10
v 4.509037017822266 4.030858993530273 0
v 4.941410064697266 3.3730499744415283 0
v 4.509037017822266 4.030858993530273 10
v 4.941410064697266 3.3730499744415283 0
v 4.941410064697266 3.3730499744415283 10
v 4.509037017822266 4.030858993530273 10
v 4.941410064697266 3.3730499744415283 0
v 5.409291744232178 2.7656681537628174 0
v 4.941410064697266 3.3730499744415283 10
v 5.409291744232178 2.7656681537628174 0
v 5.409291744232178 2.7656681537628174 10
v 4.941410064697266 3.3730499744415283 10
v 5.409291744232178 2.7656681537628174 0
v 5.910593032836914 2.211102247238159 0
v 5.409291744232178 2.7656681537628174 10
v 5.910593032836914 2.211102247238159 0
v 5.910593032836914 2.211102247238159 10
v 5.409291744232178 2.7656681537628174 10
v 5.910593032836914 2.211102247238159 0
v 6.445314407348633 1.7093521356582642 0
v 5.910593032836914 2.211102247238159 10
v 6.445314407348633 1.7093521356582642 0
v 6.445314407348633 1.7093521356582642 10
v 5.910593032836914 2.211102247238159 10
v 6.445314407348633 1.7093521356582642 0
v 7.013455390930176 1.2604178190231323 0
v 6.445314407348633 1.7093521356582642 10
v 7.013455390930176 1.2604178190231323 0
v 7.013455390930176 1.2604178190231323 10
v 6.445314407348633 1.7093521356582642 10
v 7.013455390930176 1.2604178190231323 0
v 7.615016460418701 0.8642992377281189 0
v 7.013455390930176 1.2604178190231323 10
v 7.615016460418701 0.8642992377281189 0
v 7.615016460418701 0.8642992377281189 10
v 7.013455390930176 1.2604178190231323 10
v 7.615016460418701 0.8642992377281189 0
v 8.24999713897705 0.5209965109825134 0
v 7.615016460418701 0.8642992377281189 10
v 8.24999713897705 0.5209965109825134 0
v 8.24999713897705 0.5209965109825134 10
v 7.615016460418701 0.8642992377281189 10
v 8.24999713897705 0.5209965109825134 0
v 8.918397903442383 0.23050956428050995 0
v 8.24999713897705 0.5209965109825134 10
v 8.918397903442383 0.23050956428050995 0
v 8.918397903442383 0.23050956428050995 10
v 8.24999713897705 0.5209965109825134 10
v 8.918397903442383 0.23050956428050995 0
v 9.620219230651855 -0.0071615553461015224 0
v 8.918397903442383 0.23050956428050995 10
v 9.620219230651855 -0.0071615553461015224 0
v 9.620219230651855 -0.0071615553461015224 10
v 8.918397903442383 0.23050956428050995 10
v 9.620219230651855 -0.0071615553461015224 0
v 10.355459213256836 -0.1920168697834015 0
v 9.620219230651855 -0.0071615553461015224 10
v 10.355459213256836 -0.1920168697834015 0
v 10.355459213256836 -0.1920168697834015 10
v 9.620219230651855 -0.0071615553461015224 10
v 10.355459213256836 -0.1920168697834015 0
v 11.124119758605957 -0.32405638694763184 0
v 10.355459213256836 -0.1920168697834015 10
v 11.124119758605957 -0.32405638694763184 0
v 11.124119758605957 -0.32405638694763184 10
v 10.355459213256836 -0.1920168697834015 10
v 11.124119758605957 -0.32405638694763184 0
v 11.926199913024902 -0.403280109167099 0
v 11.124119758605957 -0.32405638694763184 10
v 11.926199913024902 -0.403280109167099 0
v 11.926199913024902 -0.403280109167099 10
v 11.124119758605957 -0.32405638694763184 10
v 11.926199913024902 -0.403280109167099 0
v 12.761699676513672 -0.4296880066394806 0
v 11.926199913024902 -0.403280109167099 10
v 12.761699676513672 -0.4296880066394806 0
v 12.761699676513672 -0.4296880066394806 10
v 11.926199913024902 -0.403280109167099 10
v 12.761699676513672 -0.4296880066394806 0
v 13.510673522949219 -0.4104415476322174 0
v 12.761699676513672 -0.4296880066394806 10
v 13.510673522949219 -0.4104415476322174 0
v 13.510673522949219 -0.4104415476322174 10
v 12.761699676513672 -0.4296880066394806 10
v 13.510673522949219 -0.4104415476322174 0
v 14.232194900512695 -0.35270223021507263 0
v 13.510673522949219 -0.4104415476322174 10
v 14.232194900512695 -0.35270223021507263 0
v 14.232194900512695 -0.35270223021507263 10
v 13.510673522949219 -0.4104415476322174 10
v 14.232194900512695 -0.35270223021507263 0
v 14.926262855529785 -0.2564699947834015 0
v 14.232194900512695 -0.35270223021507263 10
v 14.926262855529785 -0.2564699947834015 0
v 14.926262855529785 -0.2564699947834015 10
v 14.232194900512695 -0.35270223021507263 10
v 14.926262855529785 -0.2564699947834015 0
v 15.592877388000488 -0.12174488604068756 0
v 14.926262855529785 -0.2564699947834015 10
v 15.592877388000488 -0.12174488604068756 0
v 15.592877388000488 -0.12174488604068756 10
v 14.926262855529785 -0.2564699947834015 10
v 15.592877388000488 -0.12174488604068756 0
v 16.232040405273438 0.05147311091423035 0
v 15.592877388000488 -0.12174488604068756 10
v 16.232040405273438 0.05147311091423035 0
v 16.232040405273438 0.05147311091423035 10
v 15.592877388000488 -0.12174488604068756 10
v 16.232040405273438 0.05147311091423035 0
v 16.84375 0.2631840109825134 0
v 16.232040405273438 0.05147311091423035 10
v 16.84375 0.2631840109825134 0
v 16.84375 0.2631840109825134 10
v 16.232040405273438 0.05147311091423035 10
v 16.84375 0.2631840109825134 0
v 17.428007125854492 0.5133877992630005 0
v 16.84375 0.2631840109825134 10
v 17.428007125854492 0.5133877992630005 0
v 17.428007125854492 0.5133877992630005 10
v 16.84375 0.2631840109825134 10
v 17.428007125854492 0.5133877992630005 0
v 17.984811782836914 0.8020844459533691 0
v 17.428007125854492 0.5133877992630005 10
v 17.984811782836914 0.8020844459533691 0
v 17.984811782836914 0.8020844459533691 10
v 17.428007125854492 0.5133877992630005 10
v 17.984811782836914 0.8020844459533691 0
v 18.514162063598633 1.1292740106582642 0
v 17.984811782836914 0.8020844459533691 10
v 18.514162063598633 1.1292740106582642 0
v 18.514162063598633 1.1292740106582642 10
v 17.984811782836914 0.8020844459533691 10
v 18.514162063598633 1.1292740106582642 0
v 19.016061782836914 1.4949564933776855 0
v 18.514162063598633 1.1292740106582642 10
v 19.016061782836914 1.4949564933776855 0
v 19.016061782836914 1.4949564933776855 10
v 18.514162063598633 1.1292740106582642 10
v 19.016061782836914 1.4949564933776855 0
v 19.490507125854492 1.8991317749023438 0
v 19.016061782836914 1.4949564933776855 10
v 19.490507125854492 1.8991317749023438 0
v 19.490507125854492 1.8991317749023438 10
v 19.016061782836914 1.4949564933776855 10
v 19.490507125854492 1.8991317749023438 0
v 19.9375 2.3417999744415283 0
v 19.490507125854492 1.8991317749023438 10
v 19.9375 2.3417999744415283 0
v 19.9375 2.3417999744415283 10
v 19.490507125854492 1.8991317749023438 10
v 19.9375 2.3417999744415283 0
v 20.35271453857422 2.8177378177642822 0
v 19.9375 2.3417999744415283 10
v 20.35271453857422 2.8177378177642822 0
v 20.35271453857422 2.8177378177642822 10
v 19.9375 2.3417999744415283 10
v 20.35271453857422 2.8177378177642822 0
v 20.731822967529297 3.3217248916625977 0
v 20.35271453857422 2.8177378177642822 10
v 20.731822967529297 3.3217248916625977 0
v 20.731822967529297 3.3217248916625977 10
v 20.35271453857422 2.8177378177642822 10
v 20.731822967529297 3.3217248916625977 0
v 21.074825286865234 3.8537611961364746 0
v 20.731822967529297 3.3217248916625977 10
v 21.074825286865234 3.8537611961364746 0
v 21.074825286865234 3.8537611961364746 10
v 20.731822967529297 3.3217248916625977 10
v 21.074825286865234 3.8537611961364746 0
v 21.38172149658203 4.413846492767334 0
v 21.074825286865234 3.8537611961364746 10
v 21.38172149658203 4.413846492767334 0
v 21.38172149658203 4.413846492767334 10
v 21.074825286865234 3.8537611961364746 10
v 21.38172149658203 4.413846492767334 0
v 21.65251350402832 5.001981258392334 0
v 21.38172149658203 4.413846492767334 10
v 21.65251350402832 5.001981258392334 0
v 21.65251350402832 5.001981258392334 10
v 21.38172149658203 4.413846492767334 10
v 21.65251350402832 5.001981258392334 0
v 21.88719940185547 5.618165016174316 0
v 21.65251350402832 5.001981258392334 10
v 21.88719940185547 5.618165016174316 0
v 21.88719940185547 5.618165016174316 10
v 21.65251350402832 5.001981258392334 10
v 21.88719940185547 5.618165016174316 0
v 22.08578109741211 6.262397766113281 0
v 21.88719940185547 5.618165016174316 10
v 22.08578109741211 6.262397766113281 0
v 22.08578109741211 6.262397766113281 10
v 21.88719940185547 5.618165016174316 10
v 22.08578109741211 6.262397766113281 0
v 22.248254776000977 6.934679985046387 0
v 22.08578109741211 6.262397766113281 10
v 22.248254776000977 6.934679985046387 0
v 22.248254776000977 6.934679985046387 10
v 22.08578109741211 6.262397766113281 10
v 22.248254776000977 6.934679985046387 0
v 22.374624252319336 7.635011196136475 0
v 22.248254776000977 6.934679985046387 10
v 22.374624252319336 7.635011196136475 0
v 22.374624252319336 7.635011196136475 10
v 22.248254776000977 6.934679985046387 10
v 22.374624252319336 7.635011196136475 0
v 22.464889526367188 8.363391876220703 0
v 22.374624252319336 7.635011196136475 10
v 22.464889526367188 8.363391876220703 0
v 22.464889526367188 8.363391876220703 10
v 22.374624252319336 7.635011196136475 10
v 22.464889526367188 8.363391876220703 0
v 22.519046783447266 9.119821548461914 0
v 22.464889526367188 8.363391876220703 10
v 22.519046783447266 9.119821548461914 0
v 22.519046783447266 9.119821548461914 10
v 22.464889526367188 8.363391876220703 10
v 22.519046783447266 9.119821548461914 0
v 22.537099838256836 9.90429973602295 0
v 22.519046783447266 9.119821548461914 10
v 22.537099838256836 9.90429973602295 0
v 22.537099838256836 9.90429973602295 10
v 22.519046783447266 9.119821548461914 10
v 22.537099838256836 9.90429973602295 0
v 22.520015716552734 10.629400253295898 0
v 22.537099838256836 9.90429973602295 10
v 22.520015716552734 10.629400253295898 0
v 22.520015716552734 10.629400253295898 10
v 22.537099838256836 9.90429973602295 10
v 18.594459533691406 9.194340705871582 0
v 18.561336517333984 8.675806045532227 0
v 18.594459533691406 9.194340705871582 10
v 18.561336517333984 8.675806045532227 0
v 18.561336517333984 8.675806045532227 10
v 18.594459533691406 9.194340705871582 10
v 18.561336517333984 8.675806045532227 0
v 18.506132125854492 8.176816940307617 0
v 18.561336517333984 8.675806045532227 10
v 18.506132125854492 8.176816940307617 0
v 18.506132125854492 8.176816940307617 10
v 18.561336517333984 8.675806045532227 10
v 18.506132125854492 8.176816940307617 0
v 18.428844451904297 7.6973724365234375 0
v 18.506132125854492 8.176816940307617 10
v 18.428844451904297 7.6973724365234375 0
v 18.428844451904297 7.6973724365234375 10
v 18.506132125854492 8.176816940307617 10
v 18.428844451904297 7.6973724365234375 0
v 18.32947540283203 7.2374725341796875 0
v 18.428844451904297 7.6973724365234375 10
v 18.32947540283203 7.2374725341796875 0
v 18.32947540283203 7.2374725341796875 10
v 18.428844451904297 7.6973724365234375 10
v 18.32947540283203 7.2374725341796875 0
v 18.208024978637695 6.797117710113525 0
v 18.32947540283203 7.2374725341796875 10
v 18.208024978637695 6.797117710113525 0
v 18.208024978637695 6.797117710113525 10
v 18.32947540283203 7.2374725341796875 10
v 18.208024978637695 6.797117710113525 0
v 18.06449317932129 6.376307487487793 0
v 18.208024978637695 6.797117710113525 10
v 18.06449317932129 6.376307487487793 0
v 18.06449317932129 6.376307487487793 10
v 18.208024978637695 6.797117710113525 10
v 18.06449317932129 6.376307487487793 0
v 17.89887809753418 5.975042343139648 0
v 18.06449317932129 6.376307487487793 10
v 17.89887809753418 5.975042343139648 0
v 17.89887809753418 5.975042343139648 10
v 18.06449317932129 6.376307487487793 10
v 17.89887809753418 5.975042343139648 0
v 17.711181640625 5.593321800231934 0
v 17.89887809753418 5.975042343139648 10
v 17.711181640625 5.593321800231934 0
v 17.711181640625 5.593321800231934 10
v 17.89887809753418 5.975042343139648 10
v 17.711181640625 5.593321800231934 0
v 17.501401901245117 5.231146335601807 0
v 17.711181640625 5.593321800231934 10
v 17.501401901245117 5.231146335601807 0
v 17.501401901245117 5.231146335601807 10
v 17.711181640625 5.593321800231934 10
v 17.501401901245117 5.231146335601807 0
v 17.269542694091797 4.888515949249268 0
v 17.501401901245117 5.231146335601807 10
v 17.269542694091797 4.888515949249268 0
v 17.269542694091797 4.888515949249268 10
v 17.501401901245117 5.231146335601807 10
v 17.269542694091797 4.888515949249268 0
v 17.015600204467773 4.565430164337158 0
v 17.269542694091797 4.888515949249268 10
v 17.015600204467773 4.565430164337158 0
v 17.015600204467773 4.565430164337158 10
v 17.269542694091797 4.888515949249268 10
v 17.015600204467773 4.565430164337158 0
v 16.742277145385742 4.265171527862549 0
v 17.015600204467773 4.565430164337158 10
v 16.742277145385742 4.265171527862549 0
v 16.742277145385742 4.265171527862549 10
v 17.015600204467773 4.565430164337158 10
v 16.742277145385742 4.265171527862549 0
v 16.45224380493164 3.9910221099853516 0
v 16.742277145385742 4.265171527862549 10
v 16.45224380493164 3.9910221099853516 0
v 16.45224380493164 3.9910221099853516 10
v 16.742277145385742 4.265171527862549 10
v 16.45224380493164 3.9910221099853516 0
v 16.14550018310547 3.7429823875427246 0
v 16.45224380493164 3.9910221099853516 10
v 16.14550018310547 3.7429823875427246 0
v 16.14550018310547 3.7429823875427246 10
v 16.45224380493164 3.9910221099853516 10
v 16.14550018310547 3.7429823875427246 0
v 15.822044372558594 3.521052122116089 0
v 16.14550018310547 3.7429823875427246 10
v 15.822044372558594 3.521052122116089 0
v 15.822044372558594 3.521052122116089 10
v 16.14550018310547 3.7429823875427246 10
v 15.822044372558594 3.521052122116089 0
v 15.481877326965332 3.3252313137054443 0
v 15.822044372558594 3.521052122116089 10
v 15.481877326965332 3.3252313137054443 0
v 15.481877326965332 3.3252313137054443 10
v 15.822044372558594 3.521052122116089 10
v 15.481877326965332 3.3252313137054443 0
v 15.125 3.155519962310791 0
v 15.481877326965332 3.3252313137054443 10
v 15.125 3.155519962310791 0
v 15.125 3.155519962310791 10
v 15.481877326965332 3.3252313137054443 10
v 15.125 3.155519962310791 0
v 14.751411437988281 3.011918067932129 0
v 15.125 3.155519962310791 10
v 14.751411437988281 3.011918067932129 0
v 14.751411437988281 3.011918067932129 10
v 15.125 3.155519962310791 10
v 14.751411437988281 3.011918067932129 0
v 14.36111068725586 2.894425630569458 0
v 14.751411437988281 3.011918067932129 10
v 14.36111068725586 2.894425630569458 0
v 14.36111068725586 2.894425630569458 10
v 14.751411437988281 3.011918067932129 10
v 14.36111068725586 2.894425630569458 0
v 13.954099655151367 2.803042411804199 0
v 14.36111068725586 2.894425630569458 10
v 13.954099655151367 2.803042411804199 0
v 13.954099655151367 2.803042411804199 10
v 14.36111068725586 2.894425630569458 10
v 13.954099655151367 2.803042411804199 0
v 13.530377388000488 2.7377688884735107 0
v 13.954099655151367 2.803042411804199 10
v 13.530377388000488 2.7377688884735107 0
v 13.530377388000488 2.7377688884735107 10
v 13.954099655151367 2.803042411804199 10
v 13.530377388000488 2.7377688884735107 0
v 13.089944839477539 2.6986048221588135 0
v 13.530377388000488 2.7377688884735107 10
v 13.089944839477539 2.6986048221588135 0
v 13.089944839477539 2.6986048221588135 10
v 13.530377388000488 2.7377688884735107 10
v 13.089944839477539 2.6986048221588135 0
v 12.632800102233887 2.6855499744415283 0
v 13.089944839477539 2.6986048221588135 10
v 12.632800102233887 2.6855499744415283 0
v 12.632800102233887 2.6855499744415283 10
v 13.089944839477539 2.6986048221588135 10
v 12.632800102233887 2.6855499744415283 0
v 12.33492660522461 2.692636728286743 0
v 12.632800102233887 2.6855499744415283 10
v 12.33492660522461 2.692636728286743 0
v 12.33492660522461 2.692636728286743 10
v 12.632800102233887 2.6855499744415283 10
v 12.33492660522461 2.692636728286743 0
v 12.042871475219727 2.713897228240967 0
v 12.33492660522461 2.692636728286743 10
v 12.042871475219727 2.713897228240967 0
v 12.042871475219727 2.713897228240967 10
v 12.33492660522461 2.692636728286743 10
v 12.042871475219727 2.713897228240967 0
v 11.756636619567871 2.74933123588562 0
v 12.042871475219727 2.713897228240967 10
v 11.756636619567871 2.74933123588562 0
v 11.756636619567871 2.74933123588562 10
v 12.042871475219727 2.713897228240967 10
v 11.756636619567871 2.74933123588562 0
v 11.47622013092041 2.7989389896392822 0
v 11.756636619567871 2.74933123588562 10
v 11.47622013092041 2.7989389896392822 0
v 11.47622013092041 2.7989389896392822 10
v 11.756636619567871 2.74933123588562 10
v 11.47622013092041 2.7989389896392822 0
v 11.20162296295166 2.862720251083374 0
v 11.47622013092041 2.7989389896392822 10
v 11.20162296295166 2.862720251083374 0
v 11.20162296295166 2.862720251083374 10
v 11.47622013092041 2.7989389896392822 10
v 11.20162296295166 2.862720251083374 0
v 10.932845115661621 2.9406750202178955 0
v 11.20162296295166 2.862720251083374 10
v 10.932845115661621 2.9406750202178955 0
v 10.932845115661621 2.9406750202178955 10
v 11.20162296295166 2.862720251083374 10
v 10.932845115661621 2.9406750202178955 0
v 10.669886589050293 3.032803535461426 0
v 10.932845115661621 2.9406750202178955 10
v 10.669886589050293 3.032803535461426 0
v 10.669886589050293 3.032803535461426 10
v 10.932845115661621 2.9406750202178955 10
v 10.669886589050293 3.032803535461426 0
v 10.41274642944336 3.1391055583953857 0
v 10.669886589050293 3.032803535461426 10
v 10.41274642944336 3.1391055583953857 0
v 10.41274642944336 3.1391055583953857 10
v 10.669886589050293 3.032803535461426 10
v 10.41274642944336 3.1391055583953857 0
v 10.161426544189453 3.2595813274383545 0
v 10.41274642944336 3.1391055583953857 10
v 10.161426544189453 3.2595813274383545 0
v 10.161426544189453 3.2595813274383545 10
v 10.41274642944336 3.1391055583953857 10
v 10.161426544189453 3.2595813274383545 0
v 9.915925025939941 3.394230604171753 0
v 10.161426544189453 3.2595813274383545 10
v 9.915925025939941 3.394230604171753 0
v 9.915925025939941 3.394230604171753 10
v 10.161426544189453 3.2595813274383545 10
v 9.915925025939941 3.394230604171753 0
v 9.67624282836914 3.543053388595581 0
v 9.915925025939941 3.394230604171753 10
v 9.67624282836914 3.543053388595581 0
v 9.67624282836914 3.543053388595581 10
v 9.915925025939941 3.394230604171753 10
v 9.67624282836914 3.543053388595581 0
v 9.44237995147705 3.706049919128418 0
v 9.67624282836914 3.543053388595581 10
v 9.44237995147705 3.706049919128418 0
v 9.44237995147705 3.706049919128418 10
v 9.67624282836914 3.543053388595581 10
v 9.44237995147705 3.706049919128418 0
v 9.215526580810547 3.8815805912017822 0
v 9.44237995147705 3.706049919128418 10
v 9.215526580810547 3.8815805912017822 0
v 9.215526580810547 3.8815805912017822 10
v 9.44237995147705 3.706049919128418 10
v 9.215526580810547 3.8815805912017822 0
v 8.996878623962402 4.068002700805664 0
v 9.215526580810547 3.8815805912017822 10
v 8.996878623962402 4.068002700805664 0
v 8.996878623962402 4.068002700805664 10
v 9.215526580810547 3.8815805912017822 10
v 8.996878623962402 4.068002700805664 0
v 8.786436080932617 4.265316486358643 0
v 8.996878623962402 4.068002700805664 10
v 8.786436080932617 4.265316486358643 0
v 8.786436080932617 4.265316486358643 10
v 8.996878623962402 4.068002700805664 10
v 8.786436080932617 4.265316486358643 0
v 8.584199905395508 4.4735212326049805 0
v 8.786436080932617 4.265316486358643 10
v 8.584199905395508 4.4735212326049805 0
v 8.584199905395508 4.4735212326049805 10
v 8.786436080932617 4.265316486358643 10
v 8.584199905395508 4.4735212326049805 0
v 8.390169143676758 4.692617416381836 0
v 8.584199905395508 4.4735212326049805 10
v 8.390169143676758 4.692617416381836 0
v 8.390169143676758 4.692617416381836 10
v 8.584199905395508 4.4735212326049805 10
v 8.390169143676758 4.692617416381836 0
v 8.204344749450684 4.922605037689209 0
v 8.390169143676758 4.692617416381836 10
v 8.204344749450684 4.922605037689209 0
v 8.204344749450684 4.922605037689209 10
v 8.390169143676758 4.692617416381836 10
v 8.204344749450684 4.922605037689209 0
v 8.026726722717285 5.1634840965271 0
v 8.204344749450684 4.922605037689209 10
v 8.026726722717285 5.1634840965271 0
v 8.026726722717285 5.1634840965271 10
v 8.204344749450684 4.922605037689209 10
v 8.026726722717285 5.1634840965271 0
v 7.85731315612793 5.415254592895508 0
v 8.026726722717285 5.1634840965271 10
v 7.85731315612793 5.415254592895508 0
v 7.85731315612793 5.415254592895508 10
v 8.026726722717285 5.1634840965271 10
v 7.85731315612793 5.415254592895508 0
v 7.696106433868408 5.677916049957275 0
v 7.85731315612793 5.415254592895508 10
v 7.696106433868408 5.677916049957275 0
v 7.696106433868408 5.677916049957275 10
v 7.85731315612793 5.415254592895508 10
v 7.696106433868408 5.677916049957275 0
v 7.543105125427246 5.951469421386719 0
v 7.696106433868408 5.677916049957275 10
v 7.543105125427246 5.951469421386719 0
v 7.543105125427246 5.951469421386719 10
v 7.696106433868408 5.677916049957275 10
v 7.543105125427246 5.951469421386719 0
v 7.398309707641602 6.23591423034668 0
v 7.543105125427246 5.951469421386719 10
v 7.398309707641602 6.23591423034668 0
v 7.398309707641602 6.23591423034668 10
v 7.543105125427246 5.951469421386719 10
v 7.398309707641602 6.23591423034668 0
v 7.261720180511475 6.53125 0
v 7.398309707641602 6.23591423034668 10
v 7.261720180511475 6.53125 0
v 7.261720180511475 6.53125 10
v 7.398309707641602 6.23591423034668 10
v 7.261720180511475 6.53125 0
v 7.134753704071045 6.835611820220947 0
v 7.261720180511475 6.53125 10
v 7.134753704071045 6.835611820220947 0
v 7.134753704071045 6.835611820220947 10
v 7.261720180511475 6.53125 10
v 7.134753704071045 6.835611820220947 0
v 7.01882791519165 7.147134780883789 0
v 7.134753704071045 6.835611820220947 10
v 7.01882791519165 7.147134780883789 0
v 7.01882791519165 7.147134780883789 10
v 7.134753704071045 6.835611820220947 10
v 7.01882791519165 7.147134780883789 0
v 6.913942337036133 7.465817928314209 0
v 7.01882791519165 7.147134780883789 10
v 6.913942337036133 7.465817928314209 0
v 6.913942337036133 7.465817928314209 10
v 7.01882791519165 7.147134780883789 10
v 6.913942337036133 7.465817928314209 0
v 6.820097923278809 7.791662216186523 0
v 6.913942337036133 7.465817928314209 10
v 6.820097923278809 7.791662216186523 0
v 6.820097923278809 7.791662216186523 10
v 6.913942337036133 7.465817928314209 10
v 6.820097923278809 7.791662216186523 0
v 6.737293720245361 8.124667167663574 0
v 6.820097923278809 7.791662216186523 10
v 6.737293720245361 8.124667167663574 0
v 6.737293720245361 8.124667167663574 10
v 6.820097923278809 7.791662216186523 10
v 6.737293720245361 8.124667167663574 0
v 6.665530204772949 8.464832305908203 0
v 6.737293720245361 8.124667167663574 10
v 6.665530204772949 8.464832305908203 0
v 6.665530204772949 8.464832305908203 10
v 6.737293720245361 8.124667167663574 10
v 6.665530204772949 8.464832305908203 0
v 6.604806900024414 8.812158584594727 0
v 6.665530204772949 8.464832305908203 10
v 6.604806900024414 8.812158584594727 0
v 6.604806900024414 8.812158584594727 10
v 6.665530204772949 8.464832305908203 10
v 6.604806900024414 8.812158584594727 0
v 6.555124282836914 9.166646003723145 0
v 6.604806900024414 8.812158584594727 10
v 6.555124282836914 9.166646003723145 0
v 6.555124282836914 9.166646003723145 10
v 6.604806900024414 8.812158584594727 10
v 6.555124282836914 9.166646003723145 0
v 6.516482353210449 9.528292655944824 0
v 6.555124282836914 9.166646003723145 10
v 6.516482353210449 9.528292655944824 0
v 6.516482353210449 9.528292655944824 10
v 6.555124282836914 9.166646003723145 10
v 6.516482353210449 9.528292655944824 0
v 6.4888811111450195 9.897101402282715 0
v 6.516482353210449 9.528292655944824 10
v 6.4888811111450195 9.897101402282715 0
v 6.4888811111450195 9.897101402282715 10
v 6.516482353210449 9.528292655944824 10
v 6.4888811111450195 9.897101402282715 0
v 6.472320079803467 10.273070335388184 0
v 6.4888811111450195 9.897101402282715 10
v 6.472320079803467 10.273070335388184 0
v 6.472320079803467 10.273070335388184 10
v 6.4888811111450195 9.897101402282715 10
v 6.472320079803467 10.273070335388184 0
v 6.466800212860107 10.656200408935547 0
v 6.472320079803467 10.273070335388184 10
v 6.466800212860107 10.656200408935547 0
v 6.466800212860107 10.656200408935547 10
v 6.472320079803467 10.273070335388184 10
v 6.466800212860107 10.656200408935547 0
v 6.478362560272217 11.10983657836914 0
v 6.466800212860107 10.656200408935547 10
v 6.478362560272217 11.10983657836914 0
v 6.478362560272217 11.10983657836914 10
v 6.466800212860107 10.656200408935547 10
v 6.478362560272217 11.10983657836914 0
v 6.5130510330200195 11.546911239624023 0
v 6.478362560272217 11.10983657836914 10
v 6.5130510330200195 11.546911239624023 0
v 6.5130510330200195 11.546911239624023 10
v 6.478362560272217 11.10983657836914 10
v 6.5130510330200195 11.546911239624023 0
v 6.570865154266357 11.967425346374512 0
v 6.5130510330200195 11.546911239624023 10
v 6.570865154266357 11.967425346374512 0
v 6.570865154266357 11.967425346374512 10
v 6.5130510330200195 11.546911239624023 10
v 6.570865154266357 11.967425346374512 0
v 6.651804447174072 12.371377944946289 0
v 6.570865154266357 11.967425346374512 10
v 6.651804447174072 12.371377944946289 0
v 6.651804447174072 12.371377944946289 10
v 6.570865154266357 11.967425346374512 10
v 6.651804447174072 12.371377944946289 0
v 6.755869388580322 12.758769035339355 0
v 6.651804447174072 12.371377944946289 10
v 6.755869388580322 12.758769035339355 0
v 6.755869388580322 12.758769035339355 10
v 6.651804447174072 12.371377944946289 10
v 6.755869388580322 12.758769035339355 0
v 6.883059978485107 13.129599571228027 0
v 6.755869388580322 12.758769035339355 10
v 6.883059978485107 13.129599571228027 0
v 6.883059978485107 13.129599571228027 10
v 6.755869388580322 12.758769035339355 10
v 6.883059978485107 13.129599571228027 0
v 7.033376216888428 13.483869552612305 0
v 6.883059978485107 13.129599571228027 10
v 7.033376216888428 13.483869552612305 0
v 7.033376216888428 13.483869552612305 10
v 6.883059978485107 13.129599571228027 10
v 7.033376216888428 13.483869552612305 0
v 7.206817626953125 13.821578025817871 0
v 7.033376216888428 13.483869552612305 10
v 7.206817626953125 13.821578025817871 0
v 7.206817626953125 13.821578025817871 10
v 7.033376216888428 13.483869552612305 10
v 7.206817626953125 13.821578025817871 0
v 7.403385162353516 14.142724990844727 0
v 7.206817626953125 13.821578025817871 10
v 7.403385162353516 14.142724990844727 0
v 7.403385162353516 14.142724990844727 10
v 7.206817626953125 13.821578025817871 10
v 7.403385162353516 14.142724990844727 0
v 7.623077869415283 14.447311401367188 0
v 7.403385162353516 14.142724990844727 10
v 7.623077869415283 14.447311401367188 0
v 7.623077869415283 14.447311401367188 10
v 7.403385162353516 14.142724990844727 10
v 7.623077869415283 14.447311401367188 0
v 7.865896224975586 14.735336303710938 0
v 7.623077869415283 14.447311401367188 10
v 7.865896224975586 14.735336303710938 0
v 7.865896224975586 14.735336303710938 10
v 7.623077869415283 14.447311401367188 10
v 7.865896224975586 14.735336303710938 0
v 8.131839752197266 15.006799697875977 0
v 7.865896224975586 14.735336303710938 10
v 8.131839752197266 15.006799697875977 0
v 8.131839752197266 15.006799697875977 10
v 7.865896224975586 14.735336303710938 10
v 8.131839752197266 15.006799697875977 0
v 8.416583061218262 15.259016990661621 0
v 8.131839752197266 15.006799697875977 10
v 8.416583061218262 15.259016990661621 0
v 8.416583061218262 15.259016990661621 10
v 8.131839752197266 15.006799697875977 10
v 8.416583061218262 15.259016990661621 0
v 8.715797424316406 15.489302635192871 0
v 8.416583061218262 15.259016990661621 10
v 8.715797424316406 15.489302635192871 0
v 8.715797424316406 15.489302635192871 10
v 8.416583061218262 15.259016990661621 10
v 8.715797424316406 15.489302635192871 0
v 9.029483795166016 15.697656631469727 0
v 8.715797424316406 15.489302635192871 10
v 9.029483795166016 15.697656631469727 0
v 9.029483795166016 15.697656631469727 10
v 8.715797424316406 15.489302635192871 10
v 9.029483795166016 15.697656631469727 0
v 9.35764217376709 15.884078025817871 0
v 9.029483795166016 15.697656631469727 10
v 9.35764217376709 15.884078025817871 0
v 9.35764217376709 15.884078025817871 10
v 9.029483795166016 15.697656631469727 10
v 9.35764217376709 15.884078025817871 0
v 9.700272560119629 16.048566818237305 0
v 9.35764217376709 15.884078025817871 10
v 9.700272560119629 16.048566818237305 0
v 9.700272560119629 16.048566818237305 10
v 9.35764217376709 15.884078025817871 10
v 9.700272560119629 16.048566818237305 0
v 10.057374954223633 16.191125869750977 0
v 9.700272560119629 16.048566818237305 10
v 10.057374954223633 16.191125869750977 0
v 10.057374954223633 16.191125869750977 10
v 9.700272560119629 16.048566818237305 10
v 10.057374954223633 16.191125869750977 0
v 10.428949356079102 16.311750411987305 0
v 10.057374954223633 16.191125869750977 10
v 10.428949356079102 16.311750411987305 0
v 10.428949356079102 16.311750411987305 10
v 10.057374954223633 16.191125869750977 10
v 10.428949356079102 16.311750411987305 0
v 10.814995765686035 16.410444259643555 0
v 10.428949356079102 16.311750411987305 10
v 10.814995765686035 16.410444259643555 0
v 10.814995765686035 16.410444259643555 10
v 10.428949356079102 16.311750411987305 10
v 10.814995765686035 16.410444259643555 0
v 11.215514183044434 16.487205505371094 0
v 10.814995765686035 16.410444259643555 10
v 11.215514183044434 16.487205505371094 0
v 11.215514183044434 16.487205505371094 10
v 10.814995765686035 16.410444259643555 10
v 11.215514183044434 16.487205505371094 0
v 11.63050365447998 16.542036056518555 0
v 11.215514183044434 16.487205505371094 10
v 11.63050365447998 16.542036056518555 0
v 11.63050365447998 16.542036056518555 10
v 11.215514183044434 16.487205505371094 10
v 11.63050365447998 16.542036056518555 0
v 12.059966087341309 16.574934005737305 0
v 11.63050365447998 16.542036056518555 10
v 12.059966087341309 16.574934005737305 0
v 12.059966087341309 16.574934005737305 10
v 11.63050365447998 16.542036056518555 10
v 12.059966087341309 16.574934005737305 0
v 12.503899574279785 16.585899353027344 0
v 12.059966087341309 16.574934005737305 10
v 12.503899574279785 16.585899353027344 0
v 12.503899574279785 16.585899353027344 10
v 12.059966087341309 16.574934005737305 10
v 12.503899574279785 16.585899353027344 0
v 12.974913597106934 16.573516845703125 0
v 12.503899574279785 16.585899353027344 10
v 12.974913597106934 16.573516845703125 0
v 12.974913597106934 16.573516845703125 10
v 12.503899574279785 16.585899353027344 10
v 12.974913597106934 16.573516845703125 0
v 13.428321838378906 16.536367416381836 0
v 12.974913597106934 16.573516845703125 10
v 13.428321838378906 16.536367416381836 0
v 13.428321838378906 16.536367416381836 10
v 12.974913597106934 16.573516845703125 10
v 13.428321838378906 16.536367416381836 0
v 13.86412525177002 16.474449157714844 0
v 13.428321838378906 16.536367416381836 10
v 13.86412525177002 16.474449157714844 0
v 13.86412525177002 16.474449157714844 10
v 13.428321838378906 16.536367416381836 10
v 13.86412525177002 16.474449157714844 0
v 14.28232192993164 16.387765884399414 0
v 13.86412525177002 16.474449157714844 10
v 14.28232192993164 16.387765884399414 0
v 14.28232192993164 16.387765884399414 10
v 13.86412525177002 16.474449157714844 10
v 14.28232192993164 16.387765884399414 0
v 14.682913780212402 16.276317596435547 0
v 14.28232192993164 16.387765884399414 10
v 14.682913780212402 16.276317596435547 0
v 14.682913780212402 16.276317596435547 10
v 14.28232192993164 16.387765884399414 10
v 14.682913780212402 16.276317596435547 0
v 15.065899848937988 16.140100479125977 0
v 14.682913780212402 16.276317596435547 10
v 15.065899848937988 16.140100479125977 0
v 15.065899848937988 16.140100479125977 10
v 14.682913780212402 16.276317596435547 10
v 15.065899848937988 16.140100479125977 0
v 15.431280136108398 15.979116439819336 0
v 15.065899848937988 16.140100479125977 10
v 15.431280136108398 15.979116439819336 0
v 15.431280136108398 15.979116439819336 10
v 15.065899848937988 16.140100479125977 10
v 15.431280136108398 15.979116439819336 0
v 15.77905559539795 15.793366432189941 0
v 15.431280136108398 15.979116439819336 10
v 15.77905559539795 15.793366432189941 0
v 15.77905559539795 15.793366432189941 10
v 15.431280136108398 15.979116439819336 10
v 15.77905559539795 15.793366432189941 0
v 16.109224319458008 15.582850456237793 0
v 15.77905559539795 15.793366432189941 10
v 16.109224319458008 15.582850456237793 0
v 16.109224319458008 15.582850456237793 10
v 15.77905559539795 15.793366432189941 10
v 16.109224319458008 15.582850456237793 0
v 16.421789169311523 15.347566604614258 0
v 16.109224319458008 15.582850456237793 10
v 16.421789169311523 15.347566604614258 0
v 16.421789169311523 15.347566604614258 10
v 16.109224319458008 15.582850456237793 10
v 16.421789169311523 15.347566604614258 0
v 16.716747283935547 15.087516784667969 0
v 16.421789169311523 15.347566604614258 10
v 16.716747283935547 15.087516784667969 0
v 16.716747283935547 15.087516784667969 10
v 16.421789169311523 15.347566604614258 10
v 16.716747283935547 15.087516784667969 0
v 16.99410057067871 14.80270004272461 0
v 16.716747283935547 15.087516784667969 10
v 16.99410057067871 14.80270004272461 0
v 16.99410057067871 14.80270004272461 10
v 16.716747283935547 15.087516784667969 10
v 16.99410057067871 14.80270004272461 0
v 17.251476287841797 14.49505615234375 0
v 16.99410057067871 14.80270004272461 10
v 17.251476287841797 14.49505615234375 0
v 17.251476287841797 14.49505615234375 10
v 16.99410057067871 14.80270004272461 10
v 17.251476287841797 14.49505615234375 0
v 17.486473083496094 14.166525840759277 0
v 17.251476287841797 14.49505615234375 10
v 17.486473083496094 14.166525840759277 0
v 17.486473083496094 14.166525840759277 10
v 17.251476287841797 14.49505615234375 10
v 17.486473083496094 14.166525840759277 0
v 17.699087142944336 13.817107200622559 0
v 17.486473083496094 14.166525840759277 10
v 17.699087142944336 13.817107200622559 0
v 17.699087142944336 13.817107200622559 10
v 17.486473083496094 14.166525840759277 10
v 17.699087142944336 13.817107200622559 0
v 17.88932228088379 13.446802139282227 0
v 17.699087142944336 13.817107200622559 10
v 17.88932228088379 13.446802139282227 0
v 17.88932228088379 13.446802139282227 10
v 17.699087142944336 13.817107200622559 10
v 17.88932228088379 13.446802139282227 0
v 18.05717658996582 13.055609703063965 0
v 17.88932228088379 13.446802139282227 10
v 18.05717658996582 13.055609703063965 0
v 18.05717658996582 13.055609703063965 10
v 17.88932228088379 13.446802139282227 10
v 18.05717658996582 13.055609703063965 0
v 18.20265007019043 12.643529891967773 0
v 18.05717658996582 13.055609703063965 10
v 18.20265007019043 12.643529891967773 0
v 18.20265007019043 12.643529891967773 10
v 18.05717658996582 13.055609703063965 10
v 18.20265007019043 12.643529891967773 0
v 18.325742721557617 12.210562705993652 0
v 18.20265007019043 12.643529891967773 10
v 18.325742721557617 12.210562705993652 0
v 18.325742721557617 12.210562705993652 10
v 18.20265007019043 12.643529891967773 10
v 18.325742721557617 12.210562705993652 0
v 18.426456451416016 11.756709098815918 0
v 18.325742721557617 12.210562705993652 10
v 18.426456451416016 11.756709098815918 0
v 18.426456451416016 11.756709098815918 10
v 18.325742721557617 12.210562705993652 10
v 18.426456451416016 11.756709098815918 0
v 18.50478744506836 11.281967163085938 0
v 18.426456451416016 11.756709098815918 10
v 18.50478744506836 11.281967163085938 0
v 18.50478744506836 11.281967163085938 10
v 18.426456451416016 11.756709098815918 10
v 18.50478744506836 11.281967163085938 0
v 18.560739517211914 10.786338806152344 0
v 18.50478744506836 11.281967163085938 10
v 18.560739517211914 10.786338806152344 0
v 18.560739517211914 10.786338806152344 10
v 18.50478744506836 11.281967163085938 10
v 18.560739517211914 10.786338806152344 0
v 18.594308853149414 10.26982307434082 0
v 18.560739517211914 10.786338806152344 10
v 18.594308853149414 10.26982307434082 0
v 18.594308853149414 10.26982307434082 10
v 18.560739517211914 10.786338806152344 10
v 18.594308853149414 10.26982307434082 0
v 18.605499267578125 9.732419967651367 0
v 18.594308853149414 10.26982307434082 10
v 18.605499267578125 9.732419967651367 0
v 18.605499267578125 9.732419967651367 10
v 18.594308853149414 10.26982307434082 10
v 18.605499267578125 9.732419967651367 0
v 18.594459533691406 9.194340705871582 0
v 18.605499267578125 9.732419967651367 10
v 18.594459533691406 9.194340705871582 0
v 18.594459533691406 9.194340705871582 10
v 18.605499267578125 9.732419967651367 10
vt 22.468767166137695 11.329436302185059
vt 22.520015716552734 10.629400253295898
vt 22.537099838256836 9.90429973602295
vt 22.26376724243164 12.654311180114746
vt 22.383350372314453 12.004405975341797
vt 22.468767166137695 11.329436302185059
vt 21.922100067138672 13.878925323486328
vt 22.110015869140625 13.27915096282959
vt 22.26376724243164 12.654311180114746
vt 21.443767547607422 15.003277778625488
vt 21.700016021728516 14.453634262084961
vt 21.922100067138672 13.878925323486328
vt 20.828765869140625 16.027368545532227
vt 21.153350830078125 15.52785587310791
vt 21.443767547607422 15.003277778625488
vt 20.07710075378418 16.951200485229492
vt 20.470016479492188 16.50181770324707
vt 20.828765869140625 16.027368545532227
vt 19.209089279174805 17.752092361450195
vt 19.655105590820312 17.369848251342773
vt 20.07710075378418 16.951200485229492
vt 18.2449893951416 18.407365798950195
vt 18.739049911499023 18.097930908203125
vt 19.209089279174805 17.752092361450195
vt 17.184799194335938 18.917024612426758
vt 17.726905822753906 18.680397033691406
vt 18.2449893951416 18.407365798950195
vt 16.028522491455078 19.28106689453125
vt 16.618671417236328 19.11724853515625
vt 17.184799194335938 18.917024612426758
vt 14.776155471801758 19.49949073791504
vt 15.414349555969238 19.40848159790039
vt 16.028522491455078 19.28106689453125
vt 13.42770004272461 19.57229995727539
vt 14.11393928527832 19.55409812927246
vt 14.776155471801758 19.49949073791504
vt 12.619650840759277 19.54395294189453
vt 13.019796371459961 19.56521224975586
vt 13.42770004272461 19.57229995727539
vt 11.842635154724121 19.458911895751953
vt 12.227263450622559 19.50851821899414
vt 12.619650840759277 19.54395294189453
vt 11.096654891967773 19.317174911499023
vt 11.465765953063965 19.395130157470703
vt 11.842635154724121 19.458911895751953
vt 10.381709098815918 19.118743896484375
vt 10.735302925109863 19.225046157836914
vt 11.096654891967773 19.317174911499023
vt 9.697796821594238 18.863618850708008
vt 10.035873413085938 18.998268127441406
vt 10.381709098815918 19.118743896484375
vt 9.044919967651367 18.551799774169922
vt 9.36747932434082 18.71479606628418
vt 9.697796821594238 18.863618850708008
vt 8.431421279907227 18.185644149780273
vt 8.732202529907227 18.375211715698242
vt 9.044919967651367 18.551799774169922
vt 7.86566686630249 17.767578125
vt 8.142576217651367 17.98310089111328
vt 8.431421279907227 18.185644149780273
vt 7.347654819488525 17.29759979248047
vt 7.6006927490234375 17.539077758789062
vt 7.86566686630249 17.767578125
vt 6.877386569976807 16.775711059570312
vt 7.106553077697754 17.04314422607422
vt 7.347654819488525 17.29759979248047
vt 6.454861640930176 16.20191192626953
vt 6.66015625 16.49530029296875
vt 6.877386569976807 16.775711059570312
vt 6.080080032348633 15.576199531555176
vt 6.261502742767334 15.895544052124023
vt 6.454861640930176 16.20191192626953
vt 21.699199676513672 24.55660057067871
vt 18.0039005279541 23.890600204467773
vt 17.798603057861328 24.48082160949707
vt 21.370088577270508 25.538328170776367
vt 21.543521881103516 25.05805778503418
vt 21.699199676513672 24.55660057067871
vt 20.969955444335938 26.43531036376953
vt 21.17889976501465 25.997411727905273
vt 21.370088577270508 25.538328170776367
vt 20.49880027770996 27.247549057006836
vt 20.743255615234375 26.85202407836914
vt 20.969955444335938 26.43531036376953
vt 19.956623077392578 27.97504425048828
vt 20.236589431762695 27.621891021728516
vt 20.49880027770996 27.247549057006836
vt 19.343421936035156 28.617794036865234
vt 19.658899307250977 28.3070125579834
vt 19.956623077392578 27.97504425048828
vt 18.65920066833496 29.175800323486328
vt 19.010189056396484 28.907390594482422
vt 19.343421936035156 28.617794036865234
vt 17.903959274291992 29.64846420288086
vt 18.290456771850586 29.422874450683594
vt 18.65920066833496 29.175800323486328
vt 17.077699661254883 30.035188674926758
vt 17.499706268310547 29.852569580078125
vt 17.903959274291992 29.64846420288086
vt 16.1804256439209 30.335975646972656
vt 16.637939453125 30.19632339477539
vt 17.077699661254883 30.035188674926758
vt 15.212133407592773 30.55082130432129
vt 15.705156326293945 30.45414161682129
vt 16.1804256439209 30.335975646972656
vt 14.17282485961914 30.679731369018555
vt 14.701355934143066 30.626018524169922
vt 15.212133407592773 30.55082130432129
vt 13.0625 30.722700119018555
vt 13.62653923034668 30.711957931518555
vt 14.17282485961914 30.679731369018555
vt 11.395669937133789 30.605728149414062
vt 12.2125244140625 30.693456649780273
vt 13.0625 30.722700119018555
vt 9.861328125 30.254810333251953
vt 10.6119384765625 30.45951271057129
vt 11.395669937133789 30.605728149414062
vt 8.45947265625 29.669950485229492
vt 9.143838882446289 29.991622924804688
vt 9.861328125 30.254810333251953
vt 7.1901044845581055 28.851144790649414
vt 7.8082275390625 29.289791107177734
vt 8.45947265625 29.669950485229492
vt 6.053223609924316 27.79839515686035
vt 6.605103015899658 28.354013442993164
vt 7.1901044845581055 28.851144790649414
vt 5.048830032348633 26.511699676513672
vt 5.534465789794922 27.184289932250977
vt 6.053223609924316 27.79839515686035
vt 4.188858985900879 25.006610870361328
vt 4.599299907684326 25.78451919555664
vt 5.048830032348633 26.511699676513672
vt 3.4852466583251953 23.29861068725586
vt 3.8175082206726074 24.177974700927734
vt 4.188858985900879 25.006610870361328
vt 2.937992572784424 21.387699127197266
vt 3.192074775695801 22.368518829345703
vt 3.4852466583251953 23.29861068725586
vt 2.5470967292785645 19.27387809753418
vt 2.7229998111724854 20.35615348815918
vt 2.937992572784424 21.387699127197266
vt 2.312559127807617 16.957143783569336
vt 2.410283088684082 18.1408748626709
vt 2.5470967292785645 19.27387809753418
vt 2.234380006790161 14.4375
vt 2.25392484664917 15.722685813903809
vt 2.312559127807617 16.957143783569336
vt 2.309575319290161 12.113009452819824
vt 2.253178834915161 13.25123405456543
vt 2.234380006790161 14.4375
vt 6.466800212860107 10.656200408935547
vt 2.403569459915161 11.0228271484375
vt 2.309575319290161 12.113009452819824
vt 2.403569459915161 11.0228271484375
vt 6.466800212860107 10.656200408935547
vt 6.472320079803467 10.273070335388184
vt 2.704350471496582 8.98658561706543
vt 2.535161018371582 9.980685234069824
vt 2.403569459915161 11.0228271484375
vt 3.155522108078003 7.142510890960693
vt 2.911137580871582 8.04052734375
vt 2.704350471496582 8.98658561706543
vt 3.757084369659424 5.490602016448975
vt 3.437504529953003 6.292535781860352
vt 3.155522108078003 7.142510890960693
vt 4.509037017822266 4.030858993530273
vt 4.114262104034424 4.7367095947265625
vt 3.757084369659424 5.490602016448975
vt 5.409291744232178 2.7656681537628174
vt 4.941410064697266 3.3730499744415283
vt 4.509037017822266 4.030858993530273
vt 6.445314407348633 1.7093521356582642
vt 5.910593032836914 2.211102247238159
vt 5.409291744232178 2.7656681537628174
vt 7.615016460418701 0.8642992377281189
vt 7.013455390930176 1.2604178190231323
vt 6.445314407348633 1.7093521356582642
vt 8.918397903442383 0.23050956428050995
vt 8.24999713897705 0.5209965109825134
vt 7.615016460418701 0.8642992377281189
vt 10.355459213256836 -0.1920168697834015
vt 9.620219230651855 -0.0071615553461015224
vt 8.918397903442383 0.23050956428050995
vt 11.926199913024902 -0.403280109167099
vt 11.124119758605957 -0.32405638694763184
vt 10.355459213256836 -0.1920168697834015
vt 13.510673522949219 -0.4104415476322174
vt 12.761699676513672 -0.4296880066394806
vt 11.926199913024902 -0.403280109167099
vt 14.926262855529785 -0.2564699947834015
vt 14.232194900512695 -0.35270223021507263
vt 13.510673522949219 -0.4104415476322174
vt 16.232040405273438 0.05147311091423035
vt 15.592877388000488 -0.12174488604068756
vt 14.926262855529785 -0.2564699947834015
vt 17.428007125854492 0.5133877992630005
vt 16.84375 0.2631840109825134
vt 16.232040405273438 0.05147311091423035
vt 18.514162063598633 1.1292740106582642
vt 17.984811782836914 0.8020844459533691
vt 17.428007125854492 0.5133877992630005
vt 19.490507125854492 1.8991317749023438
vt 19.016061782836914 1.4949564933776855
vt 18.514162063598633 1.1292740106582642
vt 20.35271453857422 2.8177378177642822
vt 19.9375 2.3417999744415283
vt 19.490507125854492 1.8991317749023438
vt 21.074825286865234 3.8537611961364746
vt 20.731822967529297 3.3217248916625977
vt 20.35271453857422 2.8177378177642822
vt 21.65251350402832 5.001981258392334
vt 21.38172149658203 4.413846492767334
vt 21.074825286865234 3.8537611961364746
vt 22.08578109741211 6.262397766113281
vt 21.88719940185547 5.618165016174316
vt 21.65251350402832 5.001981258392334
vt 22.374624252319336 7.635011196136475
vt 22.248254776000977 6.934679985046387
vt 22.08578109741211 6.262397766113281
vt 22.519046783447266 9.119821548461914
vt 22.464889526367188 8.363391876220703
vt 22.374624252319336 7.635011196136475
vt 22.468767166137695 11.329436302185059
vt 22.537099838256836 9.90429973602295
vt 22.519046783447266 9.119821548461914
vt 21.922100067138672 13.878925323486328
vt 22.26376724243164 12.654311180114746
vt 22.468767166137695 11.329436302185059
vt 20.828765869140625 16.027368545532227
vt 21.443767547607422 15.003277778625488
vt 21.922100067138672 13.878925323486328
vt 19.209089279174805 17.752092361450195
vt 20.07710075378418 16.951200485229492
vt 20.828765869140625 16.027368545532227
vt 17.184799194335938 18.917024612426758
vt 18.2449893951416 18.407365798950195
vt 19.209089279174805 17.752092361450195
vt 14.776155471801758 19.49949073791504
vt 16.028522491455078 19.28106689453125
vt 17.184799194335938 18.917024612426758
vt 12.619650840759277 19.54395294189453
vt 13.42770004272461 19.57229995727539
vt 14.776155471801758 19.49949073791504
vt 11.096654891967773 19.317174911499023
vt 11.842635154724121 19.458911895751953
vt 12.619650840759277 19.54395294189453
vt 9.697796821594238 18.863618850708008
vt 10.381709098815918 19.118743896484375
vt 11.096654891967773 19.317174911499023
vt 8.431421279907227 18.185644149780273
vt 9.044919967651367 18.551799774169922
vt 9.697796821594238 18.863618850708008
vt 7.347654819488525 17.29759979248047
vt 7.86566686630249 17.767578125
vt 8.431421279907227 18.185644149780273
vt 6.454861640930176 16.20191192626953
vt 6.877386569976807 16.775711059570312
vt 7.347654819488525 17.29759979248047
vt 21.699199676513672 24.55660057067871
vt 17.798603057861328 24.48082160949707
vt 17.555110931396484 25.01972007751465
vt 20.969955444335938 26.43531036376953
vt 21.370088577270508 25.538328170776367
vt 21.699199676513672 24.55660057067871
vt 19.956623077392578 27.97504425048828
vt 20.49880027770996 27.247549057006836
vt 20.969955444335938 26.43531036376953
vt 18.65920066833496 29.175800323486328
vt 19.343421936035156 28.617794036865234
vt 19.956623077392578 27.97504425048828
vt 17.077699661254883 30.035188674926758
vt 17.903959274291992 29.64846420288086
vt 18.65920066833496 29.175800323486328
vt 15.212133407592773 30.55082130432129
vt 16.1804256439209 30.335975646972656
vt 17.077699661254883 30.035188674926758
vt 13.0625 30.722700119018555
vt 14.17282485961914 30.679731369018555
vt 15.212133407592773 30.55082130432129
vt 9.861328125 30.254810333251953
vt 11.395669937133789 30.605728149414062
vt 13.0625 30.722700119018555
vt 7.1901044845581055 28.851144790649414
vt 8.45947265625 29.669950485229492
vt 9.861328125 30.254810333251953
vt 5.048830032348633 26.511699676513672
vt 6.053223609924316 27.79839515686035
vt 7.1901044845581055 28.851144790649414
vt 3.4852466583251953 23.29861068725586
vt 4.188858985900879 25.006610870361328
vt 5.048830032348633 26.511699676513672
vt 2.5470967292785645 19.27387809753418
vt 2.937992572784424 21.387699127197266
vt 3.4852466583251953 23.29861068725586
vt 2.234380006790161 14.4375
vt 2.312559127807617 16.957143783569336
vt 2.5470967292785645 19.27387809753418
vt 6.466800212860107 10.656200408935547
vt 2.309575319290161 12.113009452819824
vt 2.234380006790161 14.4375
vt 2.403569459915161 11.0228271484375
vt 6.472320079803467 10.273070335388184
vt 6.4888811111450195 9.897101402282715
vt 3.155522108078003 7.142510890960693
vt 2.704350471496582 8.98658561706543
vt 2.403569459915161 11.0228271484375
vt 4.509037017822266 4.030858993530273
vt 3.757084369659424 5.490602016448975
vt 3.155522108078003 7.142510890960693
vt 6.445314407348633 1.7093521356582642
vt 5.409291744232178 2.7656681537628174
vt 4.509037017822266 4.030858993530273
vt 8.918397903442383 0.23050956428050995
vt 7.615016460418701 0.8642992377281189
vt 6.445314407348633 1.7093521356582642
vt 11.926199913024902 -0.403280109167099
vt 10.355459213256836 -0.1920168697834015
vt 8.918397903442383 0.23050956428050995
vt 14.926262855529785 -0.2564699947834015
vt 13.510673522949219 -0.4104415476322174
vt 11.926199913024902 -0.403280109167099
vt 17.428007125854492 0.5133877992630005
vt 16.232040405273438 0.05147311091423035
vt 14.926262855529785 -0.2564699947834015
vt 19.490507125854492 1.8991317749023438
vt 18.514162063598633 1.1292740106582642
vt 17.428007125854492 0.5133877992630005
vt 21.074825286865234 3.8537611961364746
vt 20.35271453857422 2.8177378177642822
vt 19.490507125854492 1.8991317749023438
vt 22.08578109741211 6.262397766113281
vt 21.65251350402832 5.001981258392334
vt 21.074825286865234 3.8537611961364746
vt 22.519046783447266 9.119821548461914
vt 22.374624252319336 7.635011196136475
vt 22.08578109741211 6.262397766113281
vt 21.922100067138672 13.878925323486328
vt 22.468767166137695 11.329436302185059
vt 22.519046783447266 9.119821548461914
vt 19.209089279174805 17.752092361450195
vt 20.828765869140625 16.027368545532227
vt 21.922100067138672 13.878925323486328
vt 14.776155471801758 19.49949073791504
vt 17.184799194335938 18.917024612426758
vt 19.209089279174805 17.752092361450195
vt 11.096654891967773 19.317174911499023
vt 12.619650840759277 19.54395294189453
vt 14.776155471801758 19.49949073791504
vt 8.431421279907227 18.185644149780273
vt 9.697796821594238 18.863618850708008
vt 11.096654891967773 19.317174911499023
vt 6.454861640930176 16.20191192626953
vt 7.347654819488525 17.29759979248047
vt 8.431421279907227 18.185644149780273
vt 21.699199676513672 24.55660057067871
vt 17.555110931396484 25.01972007751465
vt 17.27342414855957 25.507293701171875
vt 19.956623077392578 27.97504425048828
vt 20.969955444335938 26.43531036376953
vt 21.699199676513672 24.55660057067871
vt 17.077699661254883 30.035188674926758
vt 18.65920066833496 29.175800323486328
vt 19.956623077392578 27.97504425048828
vt 13.0625 30.722700119018555
vt 15.212133407592773 30.55082130432129
vt 17.077699661254883 30.035188674926758
vt 7.1901044845581055 28.851144790649414
vt 9.861328125 30.254810333251953
vt 13.0625 30.722700119018555
vt 3.4852466583251953 23.29861068725586
vt 5.048830032348633 26.511699676513672
vt 7.1901044845581055 28.851144790649414
vt 2.234380006790161 14.4375
vt 2.5470967292785645 19.27387809753418
vt 3.4852466583251953 23.29861068725586
vt 6.478362560272217 11.10983657836914
vt 6.466800212860107 10.656200408935547
vt 2.234380006790161 14.4375
vt 2.403569459915161 11.0228271484375
vt 6.4888811111450195 9.897101402282715
vt 6.516482353210449 9.528292655944824
vt 4.509037017822266 4.030858993530273
vt 3.155522108078003 7.142510890960693
vt 2.403569459915161 11.0228271484375
vt 8.918397903442383 0.23050956428050995
vt 6.445314407348633 1.7093521356582642
vt 4.509037017822266 4.030858993530273
vt 14.926262855529785 -0.2564699947834015
vt 11.926199913024902 -0.403280109167099
vt 8.918397903442383 0.23050956428050995
vt 19.490507125854492 1.8991317749023438
vt 17.428007125854492 0.5133877992630005
vt 14.926262855529785 -0.2564699947834015
vt 22.08578109741211 6.262397766113281
vt 21.074825286865234 3.8537611961364746
vt 19.490507125854492 1.8991317749023438
vt 21.922100067138672 13.878925323486328
vt 22.519046783447266 9.119821548461914
vt 22.08578109741211 6.262397766113281
vt 14.776155471801758 19.49949073791504
vt 19.209089279174805 17.752092361450195
vt 21.922100067138672 13.878925323486328
vt 8.431421279907227 18.185644149780273
vt 11.096654891967773 19.317174911499023
vt 14.776155471801758 19.49949073791504
vt 6.080080032348633 15.576199531555176
vt 6.454861640930176 16.20191192626953
vt 8.431421279907227 18.185644149780273
vt 21.699199676513672 24.55660057067871
vt 17.27342414855957 25.507293701171875
vt 16.95354461669922 25.943544387817383
vt 17.077699661254883 30.035188674926758
vt 19.956623077392578 27.97504425048828
vt 21.699199676513672 24.55660057067871
vt 7.1901044845581055 28.851144790649414
vt 13.0625 30.722700119018555
vt 17.077699661254883 30.035188674926758
vt 2.234380006790161 14.4375
vt 3.4852466583251953 23.29861068725586
vt 7.1901044845581055 28.851144790649414
vt 6.5130510330200195 11.546911239624023
vt 6.478362560272217 11.10983657836914
vt 2.234380006790161 14.4375
vt 2.403569459915161 11.0228271484375
vt 6.516482353210449 9.528292655944824
vt 6.555124282836914 9.166646003723145
vt 8.918397903442383 0.23050956428050995
vt 4.509037017822266 4.030858993530273
vt 2.403569459915161 11.0228271484375
vt 19.490507125854492 1.8991317749023438
vt 14.926262855529785 -0.2564699947834015
vt 8.918397903442383 0.23050956428050995
vt 21.922100067138672 13.878925323486328
vt 22.08578109741211 6.262397766113281
vt 19.490507125854492 1.8991317749023438
vt 6.080080032348633 15.576199531555176
vt 8.431421279907227 18.185644149780273
vt 14.776155471801758 19.49949073791504
vt 21.699199676513672 24.55660057067871
vt 16.95354461669922 25.943544387817383
vt 16.595468521118164 26.328472137451172
vt 6.570865154266357 11.967425346374512
vt 6.5130510330200195 11.546911239624023
vt 2.234380006790161 14.4375
vt 2.403569459915161 11.0228271484375
vt 6.555124282836914 9.166646003723145
vt 6.604806900024414 8.812158584594727
vt 21.699199676513672 24.55660057067871
vt 16.595468521118164 26.328472137451172
vt 16.199199676513672 26.66207504272461
vt 6.651804447174072 12.371377944946289
vt 6.570865154266357 11.967425346374512
vt 2.234380006790161 14.4375
vt 2.403569459915161 11.0228271484375
vt 6.604806900024414 8.812158584594727
vt 6.665530204772949 8.464832305908203
vt 21.699199676513672 24.55660057067871
vt 16.199199676513672 26.66207504272461
vt 15.76473617553711 26.944355010986328
vt 6.755869388580322 12.758769035339355
vt 6.651804447174072 12.371377944946289
vt 2.234380006790161 14.4375
vt 2.403569459915161 11.0228271484375
vt 6.665530204772949 8.464832305908203
vt 6.737293720245361 8.124667167663574
vt 21.699199676513672 24.55660057067871
vt 15.76473617553711 26.944355010986328
vt 15.292078018188477 27.175312042236328
vt 6.883059978485107 13.129599571228027
vt 6.755869388580322 12.758769035339355
vt 2.234380006790161 14.4375
vt 2.403569459915161 11.0228271484375
vt 6.737293720245361 8.124667167663574
vt 6.820097923278809 7.791662216186523
vt 17.077699661254883 30.035188674926758
vt 21.699199676513672 24.55660057067871
vt 15.292078018188477 27.175312042236328
vt 7.033376216888428 13.483869552612305
vt 6.883059978485107 13.129599571228027
vt 2.234380006790161 14.4375
vt 2.403569459915161 11.0228271484375
vt 6.820097923278809 7.791662216186523
vt 6.913942337036133 7.465817928314209
vt 17.077699661254883 30.035188674926758
vt 15.292078018188477 27.175312042236328
vt 14.781225204467773 27.354944229125977
vt 7.206817626953125 13.821578025817871
vt 7.033376216888428 13.483869552612305
vt 2.234380006790161 14.4375
vt 2.403569459915161 11.0228271484375
vt 6.913942337036133 7.465817928314209
vt 7.01882791519165 7.147134780883789
vt 17.077699661254883 30.035188674926758
vt 14.781225204467773 27.354944229125977
vt 14.232177734375 27.483253479003906
vt 7.403385162353516 14.142724990844727
vt 7.206817626953125 13.821578025817871
vt 2.234380006790161 14.4375
vt 2.403569459915161 11.0228271484375
vt 7.01882791519165 7.147134780883789
vt 7.134753704071045 6.835611820220947
vt 17.077699661254883 30.035188674926758
vt 14.232177734375 27.483253479003906
vt 13.644936561584473 27.560237884521484
vt 7.623077869415283 14.447311401367188
vt 7.403385162353516 14.142724990844727
vt 2.234380006790161 14.4375
vt 2.403569459915161 11.0228271484375
vt 7.134753704071045 6.835611820220947
vt 7.261720180511475 6.53125
vt 17.077699661254883 30.035188674926758
vt 13.644936561584473 27.560237884521484
vt 13.019499778747559 27.585899353027344
vt 7.865896224975586 14.735336303710938
vt 7.623077869415283 14.447311401367188
vt 2.234380006790161 14.4375
vt 2.403569459915161 11.0228271484375
vt 7.261720180511475 6.53125
vt 7.398309707641602 6.23591423034668
vt 17.077699661254883 30.035188674926758
vt 13.019499778747559 27.585899353027344
vt 12.478442192077637 27.564489364624023
vt 8.131839752197266 15.006799697875977
vt 7.865896224975586 14.735336303710938
vt 2.234380006790161 14.4375
vt 2.403569459915161 11.0228271484375
vt 7.398309707641602 6.23591423034668
vt 7.543105125427246 5.951469421386719
vt 17.077699661254883 30.035188674926758
vt 12.478442192077637 27.564489364624023
vt 11.958122253417969 27.500261306762695
vt 8.416583061218262 15.259016990661621
vt 8.131839752197266 15.006799697875977
vt 2.234380006790161 14.4375
vt 2.403569459915161 11.0228271484375
vt 7.543105125427246 5.951469421386719
vt 7.696106433868408 5.677916049957275
vt 17.077699661254883 30.035188674926758
vt 11.958122253417969 27.500261306762695
vt 11.458540916442871 27.393213272094727
vt 8.715797424316406 15.489302635192871
vt 8.416583061218262 15.259016990661621
vt 2.234380006790161 14.4375
vt 2.403569459915161 11.0228271484375
vt 7.696106433868408 5.677916049957275
vt 7.85731315612793 5.415254592895508
vt 17.077699661254883 30.035188674926758
vt 11.458540916442871 27.393213272094727
vt 10.979696273803711 27.243345260620117
vt 9.029483795166016 15.697656631469727
vt 8.715797424316406 15.489302635192871
vt 2.234380006790161 14.4375
vt 2.403569459915161 11.0228271484375
vt 7.85731315612793 5.415254592895508
vt 8.026726722717285 5.1634840965271
vt 17.077699661254883 30.035188674926758
vt 10.979696273803711 27.243345260620117
vt 10.521590232849121 27.050657272338867
vt 9.35764217376709 15.884078025817871
vt 9.029483795166016 15.697656631469727
vt 2.234380006790161 14.4375
vt 2.403569459915161 11.0228271484375
vt 8.026726722717285 5.1634840965271
vt 8.204344749450684 4.922605037689209
vt 7.1901044845581055 28.851144790649414
vt 17.077699661254883 30.035188674926758
vt 10.521590232849121 27.050657272338867
vt 9.700272560119629 16.048566818237305
vt 9.35764217376709 15.884078025817871
vt 2.234380006790161 14.4375
vt 2.403569459915161 11.0228271484375
vt 8.204344749450684 4.922605037689209
vt 8.390169143676758 4.692617416381836
vt 7.1901044845581055 28.851144790649414
vt 10.521590232849121 27.050657272338867
vt 10.084222793579102 26.815149307250977
vt 10.057374954223633 16.191125869750977
vt 9.700272560119629 16.048566818237305
vt 2.234380006790161 14.4375
vt 2.403569459915161 11.0228271484375
vt 8.390169143676758 4.692617416381836
vt 8.584199905395508 4.4735212326049805
vt 7.1901044845581055 28.851144790649414
vt 10.084222793579102 26.815149307250977
vt 9.66759204864502 26.536823272705078
vt 10.428949356079102 16.311750411987305
vt 10.057374954223633 16.191125869750977
vt 2.234380006790161 14.4375
vt 8.918397903442383 0.23050956428050995
vt 2.403569459915161 11.0228271484375
vt 8.584199905395508 4.4735212326049805
vt 7.1901044845581055 28.851144790649414
vt 9.66759204864502 26.536823272705078
vt 9.271699905395508 26.21567726135254
vt 10.814995765686035 16.410444259643555
vt 10.428949356079102 16.311750411987305
vt 2.234380006790161 14.4375
vt 8.918397903442383 0.23050956428050995
vt 8.584199905395508 4.4735212326049805
vt 8.786436080932617 4.265316486358643
vt 7.1901044845581055 28.851144790649414
vt 9.271699905395508 26.21567726135254
vt 8.89654541015625 25.851713180541992
vt 8.918397903442383 0.23050956428050995
vt 8.786436080932617 4.265316486358643
vt 8.996878623962402 4.068002700805664
vt 7.1901044845581055 28.851144790649414
vt 8.89654541015625 25.851713180541992
vt 8.542129516601562 25.444927215576172
vt 8.918397903442383 0.23050956428050995
vt 8.996878623962402 4.068002700805664
vt 9.215526580810547 3.8815805912017822
vt 7.1901044845581055 28.851144790649414
vt 8.542129516601562 25.444927215576172
vt 8.208450317382812 24.995323181152344
vt 8.918397903442383 0.23050956428050995
vt 9.215526580810547 3.8815805912017822
vt 9.44237995147705 3.706049919128418
vt 7.1901044845581055 28.851144790649414
vt 8.208450317382812 24.995323181152344
vt 7.895510196685791 24.502899169921875
vt 8.918397903442383 0.23050956428050995
vt 9.44237995147705 3.706049919128418
vt 9.67624282836914 3.543053388595581
vt 7.1901044845581055 28.851144790649414
vt 7.895510196685791 24.502899169921875
vt 7.605545520782471 23.969894409179688
vt 8.918397903442383 0.23050956428050995
vt 9.67624282836914 3.543053388595581
vt 9.915925025939941 3.394230604171753
vt 7.1901044845581055 28.851144790649414
vt 7.605545520782471 23.969894409179688
vt 7.340795040130615 23.398548126220703
vt 8.918397903442383 0.23050956428050995
vt 9.915925025939941 3.394230604171753
vt 10.161426544189453 3.2595813274383545
vt 7.1901044845581055 28.851144790649414
vt 7.340795040130615 23.398548126220703
vt 7.101259231567383 22.788856506347656
vt 8.918397903442383 0.23050956428050995
vt 10.161426544189453 3.2595813274383545
vt 10.41274642944336 3.1391055583953857
vt 7.1901044845581055 28.851144790649414
vt 7.101259231567383 22.788856506347656
vt 6.886937618255615 22.14082145690918
vt 8.918397903442383 0.23050956428050995
vt 10.41274642944336 3.1391055583953857
vt 10.669886589050293 3.032803535461426
vt 7.1901044845581055 28.851144790649414
vt 6.886937618255615 22.14082145690918
vt 6.697830677032471 21.454444885253906
vt 8.918397903442383 0.23050956428050995
vt 10.669886589050293 3.032803535461426
vt 10.932845115661621 2.9406750202178955
vt 7.1901044845581055 28.851144790649414
vt 6.697830677032471 21.454444885253906
vt 6.533937454223633 20.729724884033203
vt 8.918397903442383 0.23050956428050995
vt 10.932845115661621 2.9406750202178955
vt 11.20162296295166 2.862720251083374
vt 7.1901044845581055 28.851144790649414
vt 6.533937454223633 20.729724884033203
vt 6.395258903503418 19.96666145324707
vt 8.918397903442383 0.23050956428050995
vt 11.20162296295166 2.862720251083374
vt 11.47622013092041 2.7989389896392822
vt 7.1901044845581055 28.851144790649414
vt 6.395258903503418 19.96666145324707
vt 6.281794548034668 19.16525650024414
vt 8.918397903442383 0.23050956428050995
vt 11.47622013092041 2.7989389896392822
vt 11.756636619567871 2.74933123588562
vt 7.1901044845581055 28.851144790649414
vt 6.281794548034668 19.16525650024414
vt 6.193544387817383 18.32550621032715
vt 8.918397903442383 0.23050956428050995
vt 11.756636619567871 2.74933123588562
vt 12.042871475219727 2.713897228240967
vt 2.234380006790161 14.4375
vt 7.1901044845581055 28.851144790649414
vt 6.193544387817383 18.32550621032715
vt 8.918397903442383 0.23050956428050995
vt 12.042871475219727 2.713897228240967
vt 12.33492660522461 2.692636728286743
vt 2.234380006790161 14.4375
vt 6.193544387817383 18.32550621032715
vt 6.1305084228515625 17.44741439819336
vt 8.918397903442383 0.23050956428050995
vt 12.33492660522461 2.692636728286743
vt 12.632800102233887 2.6855499744415283
vt 2.234380006790161 14.4375
vt 6.1305084228515625 17.44741439819336
vt 6.092687129974365 16.53097915649414
vt 8.918397903442383 0.23050956428050995
vt 12.632800102233887 2.6855499744415283
vt 13.089944839477539 2.6986048221588135
vt 2.234380006790161 14.4375
vt 6.092687129974365 16.53097915649414
vt 6.080080032348633 15.576199531555176
vt 8.918397903442383 0.23050956428050995
vt 13.089944839477539 2.6986048221588135
vt 13.530377388000488 2.7377688884735107
vt 10.814995765686035 16.410444259643555
vt 2.234380006790161 14.4375
vt 6.080080032348633 15.576199531555176
vt 8.918397903442383 0.23050956428050995
vt 13.530377388000488 2.7377688884735107
vt 13.954099655151367 2.803042411804199
vt 10.814995765686035 16.410444259643555
vt 6.080080032348633 15.576199531555176
vt 14.776155471801758 19.49949073791504
vt 8.918397903442383 0.23050956428050995
vt 13.954099655151367 2.803042411804199
vt 14.36111068725586 2.894425630569458
vt 11.215514183044434 16.487205505371094
vt 10.814995765686035 16.410444259643555
vt 14.776155471801758 19.49949073791504
vt 8.918397903442383 0.23050956428050995
vt 14.36111068725586 2.894425630569458
vt 14.751411437988281 3.011918067932129
vt 11.63050365447998 16.542036056518555
vt 11.215514183044434 16.487205505371094
vt 14.776155471801758 19.49949073791504
vt 8.918397903442383 0.23050956428050995
vt 14.751411437988281 3.011918067932129
vt 15.125 3.155519962310791
vt 12.059966087341309 16.574934005737305
vt 11.63050365447998 16.542036056518555
vt 14.776155471801758 19.49949073791504
vt 19.490507125854492 1.8991317749023438
vt 8.918397903442383 0.23050956428050995
vt 15.125 3.155519962310791
vt 12.503899574279785 16.585899353027344
vt 12.059966087341309 16.574934005737305
vt 14.776155471801758 19.49949073791504
vt 19.490507125854492 1.8991317749023438
vt 15.125 3.155519962310791
vt 15.481877326965332 3.3252313137054443
vt 12.974913597106934 16.573516845703125
vt 12.503899574279785 16.585899353027344
vt 14.776155471801758 19.49949073791504
vt 19.490507125854492 1.8991317749023438
vt 15.481877326965332 3.3252313137054443
vt 15.822044372558594 3.521052122116089
vt 13.428321838378906 16.536367416381836
vt 12.974913597106934 16.573516845703125
vt 14.776155471801758 19.49949073791504
vt 19.490507125854492 1.8991317749023438
vt 15.822044372558594 3.521052122116089
vt 16.14550018310547 3.7429823875427246
vt 13.86412525177002 16.474449157714844
vt 13.428321838378906 16.536367416381836
vt 14.776155471801758 19.49949073791504
vt 19.490507125854492 1.8991317749023438
vt 16.14550018310547 3.7429823875427246
vt 16.45224380493164 3.9910221099853516
vt 14.28232192993164 16.387765884399414
vt 13.86412525177002 16.474449157714844
vt 14.776155471801758 19.49949073791504
vt 19.490507125854492 1.8991317749023438
vt 16.45224380493164 3.9910221099853516
vt 16.742277145385742 4.265171527862549
vt 14.682913780212402 16.276317596435547
vt 14.28232192993164 16.387765884399414
vt 14.776155471801758 19.49949073791504
vt 19.490507125854492 1.8991317749023438
vt 16.742277145385742 4.265171527862549
vt 17.015600204467773 4.565430164337158
vt 14.682913780212402 16.276317596435547
vt 14.776155471801758 19.49949073791504
vt 21.922100067138672 13.878925323486328
vt 19.490507125854492 1.8991317749023438
vt 17.015600204467773 4.565430164337158
vt 17.269542694091797 4.888515949249268
vt 15.065899848937988 16.140100479125977
vt 14.682913780212402 16.276317596435547
vt 21.922100067138672 13.878925323486328
vt 19.490507125854492 1.8991317749023438
vt 17.269542694091797 4.888515949249268
vt 17.501401901245117 5.231146335601807
vt 15.431280136108398 15.979116439819336
vt 15.065899848937988 16.140100479125977
vt 21.922100067138672 13.878925323486328
vt 19.490507125854492 1.8991317749023438
vt 17.501401901245117 5.231146335601807
vt 17.711181640625 5.593321800231934
vt 15.77905559539795 15.793366432189941
vt 15.431280136108398 15.979116439819336
vt 21.922100067138672 13.878925323486328
vt 19.490507125854492 1.8991317749023438
vt 17.711181640625 5.593321800231934
vt 17.89887809753418 5.975042343139648
vt 16.109224319458008 15.582850456237793
vt 15.77905559539795 15.793366432189941
vt 21.922100067138672 13.878925323486328
vt 19.490507125854492 1.8991317749023438
vt 17.89887809753418 5.975042343139648
vt 18.06449317932129 6.376307487487793
vt 16.421789169311523 15.347566604614258
vt 16.109224319458008 15.582850456237793
vt 21.922100067138672 13.878925323486328
vt 19.490507125854492 1.8991317749023438
vt 18.06449317932129 6.376307487487793
vt 18.208024978637695 6.797117710113525
vt 16.716747283935547 15.087516784667969
vt 16.421789169311523 15.347566604614258
vt 21.922100067138672 13.878925323486328
vt 19.490507125854492 1.8991317749023438
vt 18.208024978637695 6.797117710113525
vt 18.32947540283203 7.2374725341796875
vt 16.99410057067871 14.80270004272461
vt 16.716747283935547 15.087516784667969
vt 21.922100067138672 13.878925323486328
vt 19.490507125854492 1.8991317749023438
vt 18.32947540283203 7.2374725341796875
vt 18.428844451904297 7.6973724365234375
vt 17.251476287841797 14.49505615234375
vt 16.99410057067871 14.80270004272461
vt 21.922100067138672 13.878925323486328
vt 19.490507125854492 1.8991317749023438
vt 18.428844451904297 7.6973724365234375
vt 18.506132125854492 8.176816940307617
vt 17.486473083496094 14.166525840759277
vt 17.251476287841797 14.49505615234375
vt 21.922100067138672 13.878925323486328
vt 19.490507125854492 1.8991317749023438
vt 18.506132125854492 8.176816940307617
vt 18.561336517333984 8.675806045532227
vt 17.699087142944336 13.817107200622559
vt 17.486473083496094 14.166525840759277
vt 21.922100067138672 13.878925323486328
vt 19.490507125854492 1.8991317749023438
vt 18.561336517333984 8.675806045532227
vt 18.594459533691406 9.194340705871582
vt 17.88932228088379 13.446802139282227
vt 17.699087142944336 13.817107200622559
vt 21.922100067138672 13.878925323486328
vt 19.490507125854492 1.8991317749023438
vt 18.594459533691406 9.194340705871582
vt 18.605499267578125 9.732419967651367
vt 18.05717658996582 13.055609703063965
vt 17.88932228088379 13.446802139282227
vt 21.922100067138672 13.878925323486328
vt 19.490507125854492 1.8991317749023438
vt 18.605499267578125 9.732419967651367
vt 18.594308853149414 10.26982307434082
vt 18.20265007019043 12.643529891967773
vt 18.05717658996582 13.055609703063965
vt 21.922100067138672 13.878925323486328
vt 19.490507125854492 1.8991317749023438
vt 18.594308853149414 10.26982307434082
vt 18.560739517211914 10.786338806152344
vt 18.325742721557617 12.210562705993652
vt 18.20265007019043 12.643529891967773
vt 21.922100067138672 13.878925323486328
vt 21.922100067138672 13.878925323486328
vt 19.490507125854492 1.8991317749023438
vt 18.560739517211914 10.786338806152344
vt 18.426456451416016 11.756709098815918
vt 18.325742721557617 12.210562705993652
vt 21.922100067138672 13.878925323486328
vt 21.922100067138672 13.878925323486328
vt 18.560739517211914 10.786338806152344
vt 18.50478744506836 11.281967163085938
vt 18.50478744506836 11.281967163085938
vt 18.426456451416016 11.756709098815918
vt 21.922100067138672 13.878925323486328
vt 22.537099838256836 9.90429973602295
vt 22.520015716552734 10.629400253295898
vt 22.468767166137695 11.329436302185059
vt 22.468767166137695 11.329436302185059
vt 22.383350372314453 12.004405975341797
vt 22.26376724243164 12.654311180114746
vt 22.26376724243164 12.654311180114746
vt 22.110015869140625 13.27915096282959
vt 21.922100067138672 13.878925323486328
vt 21.922100067138672 13.878925323486328
vt 21.700016021728516 14.453634262084961
vt 21.443767547607422 15.003277778625488
vt 21.443767547607422 15.003277778625488
vt 21.153350830078125 15.52785587310791
vt 20.828765869140625 16.027368545532227
vt 20.828765869140625 16.027368545532227
vt 20.470016479492188 16.50181770324707
vt 20.07710075378418 16.951200485229492
vt 20.07710075378418 16.951200485229492
vt 19.655105590820312 17.369848251342773
vt 19.209089279174805 17.752092361450195
vt 19.209089279174805 17.752092361450195
vt 18.739049911499023 18.097930908203125
vt 18.2449893951416 18.407365798950195
vt 18.2449893951416 18.407365798950195
vt 17.726905822753906 18.680397033691406
vt 17.184799194335938 18.917024612426758
vt 17.184799194335938 18.917024612426758
vt 16.618671417236328 19.11724853515625
vt 16.028522491455078 19.28106689453125
vt 16.028522491455078 19.28106689453125
vt 15.414349555969238 19.40848159790039
vt 14.776155471801758 19.49949073791504
vt 14.776155471801758 19.49949073791504
vt 14.11393928527832 19.55409812927246
vt 13.42770004272461 19.57229995727539
vt 13.42770004272461 19.57229995727539
vt 13.019796371459961 19.56521224975586
vt 12.619650840759277 19.54395294189453
vt 12.619650840759277 19.54395294189453
vt 12.227263450622559 19.50851821899414
vt 11.842635154724121 19.458911895751953
vt 11.842635154724121 19.458911895751953
vt 11.465765953063965 19.395130157470703
vt 11.096654891967773 19.317174911499023
vt 11.096654891967773 19.317174911499023
vt 10.735302925109863 19.225046157836914
vt 10.381709098815918 19.118743896484375
vt 10.381709098815918 19.118743896484375
vt 10.035873413085938 18.998268127441406
vt 9.697796821594238 18.863618850708008
vt 9.697796821594238 18.863618850708008
vt 9.36747932434082 18.71479606628418
vt 9.044919967651367 18.551799774169922
vt 9.044919967651367 18.551799774169922
vt 8.732202529907227 18.375211715698242
vt 8.431421279907227 18.185644149780273
vt 8.431421279907227 18.185644149780273
vt 8.142576217651367 17.98310089111328
vt 7.86566686630249 17.767578125
vt 7.86566686630249 17.767578125
vt 7.6006927490234375 17.539077758789062
vt 7.347654819488525 17.29759979248047
vt 7.347654819488525 17.29759979248047
vt 7.106553077697754 17.04314422607422
vt 6.877386569976807 16.775711059570312
vt 6.877386569976807 16.775711059570312
vt 6.66015625 16.49530029296875
vt 6.454861640930176 16.20191192626953
vt 6.454861640930176 16.20191192626953
vt 6.261502742767334 15.895544052124023
vt 6.080080032348633 15.576199531555176
vt 17.798603057861328 24.48082160949707
vt 18.0039005279541 23.890600204467773
vt 21.699199676513672 24.55660057067871
vt 21.699199676513672 24.55660057067871
vt 21.543521881103516 25.05805778503418
vt 21.370088577270508 25.538328170776367
vt 21.370088577270508 25.538328170776367
vt 21.17889976501465 25.997411727905273
vt 20.969955444335938 26.43531036376953
vt 20.969955444335938 26.43531036376953
vt 20.743255615234375 26.85202407836914
vt 20.49880027770996 27.247549057006836
vt 20.49880027770996 27.247549057006836
vt 20.236589431762695 27.621891021728516
vt 19.956623077392578 27.97504425048828
vt 19.956623077392578 27.97504425048828
vt 19.658899307250977 28.3070125579834
vt 19.343421936035156 28.617794036865234
vt 19.343421936035156 28.617794036865234
vt 19.010189056396484 28.907390594482422
vt 18.65920066833496 29.175800323486328
vt 18.65920066833496 29.175800323486328
vt 18.290456771850586 29.422874450683594
vt 17.903959274291992 29.64846420288086
vt 17.903959274291992 29.64846420288086
vt 17.499706268310547 29.852569580078125
vt 17.077699661254883 30.035188674926758
vt 17.077699661254883 30.035188674926758
vt 16.637939453125 30.19632339477539
vt 16.1804256439209 30.335975646972656
vt 16.1804256439209 30.335975646972656
vt 15.705156326293945 30.45414161682129
vt 15.212133407592773 30.55082130432129
vt 15.212133407592773 30.55082130432129
vt 14.701355934143066 30.626018524169922
vt 14.17282485961914 30.679731369018555
vt 14.17282485961914 30.679731369018555
vt 13.62653923034668 30.711957931518555
vt 13.0625 30.722700119018555
vt 13.0625 30.722700119018555
vt 12.2125244140625 30.693456649780273
vt 11.395669937133789 30.605728149414062
vt 11.395669937133789 30.605728149414062
vt 10.6119384765625 30.45951271057129
vt 9.861328125 30.254810333251953
vt 9.861328125 30.254810333251953
vt 9.143838882446289 29.991622924804688
vt 8.45947265625 29.669950485229492
vt 8.45947265625 29.669950485229492
vt 7.8082275390625 29.289791107177734
vt 7.1901044845581055 28.851144790649414
vt 7.1901044845581055 28.851144790649414
vt 6.605103015899658 28.354013442993164
vt 6.053223609924316 27.79839515686035
vt 6.053223609924316 27.79839515686035
vt 5.534465789794922 27.184289932250977
vt 5.048830032348633 26.511699676513672
vt 5.048830032348633 26.511699676513672
vt 4.599299907684326 25.78451919555664
vt 4.188858985900879 25.006610870361328
vt 4.188858985900879 25.006610870361328
vt 3.8175082206726074 24.177974700927734
vt 3.4852466583251953 23.29861068725586
vt 3.4852466583251953 23.29861068725586
vt 3.192074775695801 22.368518829345703
vt 2.937992572784424 21.387699127197266
vt 2.937992572784424 21.387699127197266
vt 2.7229998111724854 20.35615348815918
vt 2.5470967292785645 19.27387809753418
vt 2.5470967292785645 19.27387809753418
vt 2.410283088684082 18.1408748626709
vt 2.312559127807617 16.957143783569336
vt 2.312559127807617 16.957143783569336
vt 2.25392484664917 15.722685813903809
vt 2.234380006790161 14.4375
vt 2.234380006790161 14.4375
vt 2.253178834915161 13.25123405456543
vt 2.309575319290161 12.113009452819824
vt 2.309575319290161 12.113009452819824
vt 2.403569459915161 11.0228271484375
vt 6.466800212860107 10.656200408935547
vt 6.472320079803467 10.273070335388184
vt 6.466800212860107 10.656200408935547
vt 2.403569459915161 11.0228271484375
vt 2.403569459915161 11.0228271484375
vt 2.535161018371582 9.980685234069824
vt 2.704350471496582 8.98658561706543
vt 2.704350471496582 8.98658561706543
vt 2.911137580871582 8.04052734375
vt 3.155522108078003 7.142510890960693
vt 3.155522108078003 7.142510890960693
vt 3.437504529953003 6.292535781860352
vt 3.757084369659424 5.490602016448975
vt 3.757084369659424 5.490602016448975
vt 4.114262104034424 4.7367095947265625
vt 4.509037017822266 4.030858993530273
vt 4.509037017822266 4.030858993530273
vt 4.941410064697266 3.3730499744415283
vt 5.409291744232178 2.7656681537628174
vt 5.409291744232178 2.7656681537628174
vt 5.910593032836914 2.211102247238159
vt 6.445314407348633 1.7093521356582642
vt 6.445314407348633 1.7093521356582642
vt 7.013455390930176 1.2604178190231323
vt 7.615016460418701 0.8642992377281189
vt 7.615016460418701 0.8642992377281189
vt 8.24999713897705 0.5209965109825134
vt 8.918397903442383 0.23050956428050995
vt 8.918397903442383 0.23050956428050995
vt 9.620219230651855 -0.0071615553461015224
vt 10.355459213256836 -0.1920168697834015
vt 10.355459213256836 -0.1920168697834015
vt 11.124119758605957 -0.32405638694763184
vt 11.926199913024902 -0.403280109167099
vt 11.926199913024902 -0.403280109167099
vt 12.761699676513672 -0.4296880066394806
vt 13.510673522949219 -0.4104415476322174
vt 13.510673522949219 -0.4104415476322174
vt 14.232194900512695 -0.35270223021507263
vt 14.926262855529785 -0.2564699947834015
vt 14.926262855529785 -0.2564699947834015
vt 15.592877388000488 -0.12174488604068756
vt 16.232040405273438 0.05147311091423035
vt 16.232040405273438 0.05147311091423035
vt 16.84375 0.2631840109825134
vt 17.428007125854492 0.5133877992630005
vt 17.428007125854492 0.5133877992630005
vt 17.984811782836914 0.8020844459533691
vt 18.514162063598633 1.1292740106582642
vt 18.514162063598633 1.1292740106582642
vt 19.016061782836914 1.4949564933776855
vt 19.490507125854492 1.8991317749023438
vt 19.490507125854492 1.8991317749023438
vt 19.9375 2.3417999744415283
vt 20.35271453857422 2.8177378177642822
vt 20.35271453857422 2.8177378177642822
vt 20.731822967529297 3.3217248916625977
vt 21.074825286865234 3.8537611961364746
vt 21.074825286865234 3.8537611961364746
vt 21.38172149658203 4.413846492767334
vt 21.65251350402832 5.001981258392334
vt 21.65251350402832 5.001981258392334
vt 21.88719940185547 5.618165016174316
vt 22.08578109741211 6.262397766113281
vt 22.08578109741211 6.262397766113281
vt 22.248254776000977 6.934679985046387
vt 22.374624252319336 7.635011196136475
vt 22.374624252319336 7.635011196136475
vt 22.464889526367188 8.363391876220703
vt 22.519046783447266 9.119821548461914
vt 22.519046783447266 9.119821548461914
vt 22.537099838256836 9.90429973602295
vt 22.468767166137695 11.329436302185059
vt 22.468767166137695 11.329436302185059
vt 22.26376724243164 12.654311180114746
vt 21.922100067138672 13.878925323486328
vt 21.922100067138672 13.878925323486328
vt 21.443767547607422 15.003277778625488
vt 20.828765869140625 16.027368545532227
vt 20.828765869140625 16.027368545532227
vt 20.07710075378418 16.951200485229492
vt 19.209089279174805 17.752092361450195
vt 19.209089279174805 17.752092361450195
vt 18.2449893951416 18.407365798950195
vt 17.184799194335938 18.917024612426758
vt 17.184799194335938 18.917024612426758
vt 16.028522491455078 19.28106689453125
vt 14.776155471801758 19.49949073791504
vt 14.776155471801758 19.49949073791504
vt 13.42770004272461 19.57229995727539
vt 12.619650840759277 19.54395294189453
vt 12.619650840759277 19.54395294189453
vt 11.842635154724121 19.458911895751953
vt 11.096654891967773 19.317174911499023
vt 11.096654891967773 19.317174911499023
vt 10.381709098815918 19.118743896484375
vt 9.697796821594238 18.863618850708008
vt 9.697796821594238 18.863618850708008
vt 9.044919967651367 18.551799774169922
vt 8.431421279907227 18.185644149780273
vt 8.431421279907227 18.185644149780273
vt 7.86566686630249 17.767578125
vt 7.347654819488525 17.29759979248047
vt 7.347654819488525 17.29759979248047
vt 6.877386569976807 16.775711059570312
vt 6.454861640930176 16.20191192626953
vt 17.555110931396484 25.01972007751465
vt 17.798603057861328 24.48082160949707
vt 21.699199676513672 24.55660057067871
vt 21.699199676513672 24.55660057067871
vt 21.370088577270508 25.538328170776367
vt 20.969955444335938 26.43531036376953
vt 20.969955444335938 26.43531036376953
vt 20.49880027770996 27.247549057006836
vt 19.956623077392578 27.97504425048828
vt 19.956623077392578 27.97504425048828
vt 19.343421936035156 28.617794036865234
vt 18.65920066833496 29.175800323486328
vt 18.65920066833496 29.175800323486328
vt 17.903959274291992 29.64846420288086
vt 17.077699661254883 30.035188674926758
vt 17.077699661254883 30.035188674926758
vt 16.1804256439209 30.335975646972656
vt 15.212133407592773 30.55082130432129
vt 15.212133407592773 30.55082130432129
vt 14.17282485961914 30.679731369018555
vt 13.0625 30.722700119018555
vt 13.0625 30.722700119018555
vt 11.395669937133789 30.605728149414062
vt 9.861328125 30.254810333251953
vt 9.861328125 30.254810333251953
vt 8.45947265625 29.669950485229492
vt 7.1901044845581055 28.851144790649414
vt 7.1901044845581055 28.851144790649414
vt 6.053223609924316 27.79839515686035
vt 5.048830032348633 26.511699676513672
vt 5.048830032348633 26.511699676513672
vt 4.188858985900879 25.006610870361328
vt 3.4852466583251953 23.29861068725586
vt 3.4852466583251953 23.29861068725586
vt 2.937992572784424 21.387699127197266
vt 2.5470967292785645 19.27387809753418
vt 2.5470967292785645 19.27387809753418
vt 2.312559127807617 16.957143783569336
vt 2.234380006790161 14.4375
vt 2.234380006790161 14.4375
vt 2.309575319290161 12.113009452819824
vt 6.466800212860107 10.656200408935547
vt 6.4888811111450195 9.897101402282715
vt 6.472320079803467 10.273070335388184
vt 2.403569459915161 11.0228271484375
vt 2.403569459915161 11.0228271484375
vt 2.704350471496582 8.98658561706543
vt 3.155522108078003 7.142510890960693
vt 3.155522108078003 7.142510890960693
vt 3.757084369659424 5.490602016448975
vt 4.509037017822266 4.030858993530273
vt 4.509037017822266 4.030858993530273
vt 5.409291744232178 2.7656681537628174
vt 6.445314407348633 1.7093521356582642
vt 6.445314407348633 1.7093521356582642
vt 7.615016460418701 0.8642992377281189
vt 8.918397903442383 0.23050956428050995
vt 8.918397903442383 0.23050956428050995
vt 10.355459213256836 -0.1920168697834015
vt 11.926199913024902 -0.403280109167099
vt 11.926199913024902 -0.403280109167099
vt 13.510673522949219 -0.4104415476322174
vt 14.926262855529785 -0.2564699947834015
vt 14.926262855529785 -0.2564699947834015
vt 16.232040405273438 0.05147311091423035
vt 17.428007125854492 0.5133877992630005
vt 17.428007125854492 0.5133877992630005
vt 18.514162063598633 1.1292740106582642
vt 19.490507125854492 1.8991317749023438
vt 19.490507125854492 1.8991317749023438
vt 20.35271453857422 2.8177378177642822
vt 21.074825286865234 3.8537611961364746
vt 21.074825286865234 3.8537611961364746
vt 21.65251350402832 5.001981258392334
vt 22.08578109741211 6.262397766113281
vt 22.08578109741211 6.262397766113281
vt 22.374624252319336 7.635011196136475
vt 22.519046783447266 9.119821548461914
vt 22.519046783447266 9.119821548461914
vt 22.468767166137695 11.329436302185059
vt 21.922100067138672 13.878925323486328
vt 21.922100067138672 13.878925323486328
vt 20.828765869140625 16.027368545532227
vt 19.209089279174805 17.752092361450195
vt 19.209089279174805 17.752092361450195
vt 17.184799194335938 18.917024612426758
vt 14.776155471801758 19.49949073791504
vt 14.776155471801758 19.49949073791504
vt 12.619650840759277 19.54395294189453
vt 11.096654891967773 19.317174911499023
vt 11.096654891967773 19.317174911499023
vt 9.697796821594238 18.863618850708008
vt 8.431421279907227 18.185644149780273
vt 8.431421279907227 18.185644149780273
vt 7.347654819488525 17.29759979248047
vt 6.454861640930176 16.20191192626953
vt 17.27342414855957 25.507293701171875
vt 17.555110931396484 25.01972007751465
vt 21.699199676513672 24.55660057067871
vt 21.699199676513672 24.55660057067871
vt 20.969955444335938 26.43531036376953
vt 19.956623077392578 27.97504425048828
vt 19.956623077392578 27.97504425048828
vt 18.65920066833496 29.175800323486328
vt 17.077699661254883 30.035188674926758
vt 17.077699661254883 30.035188674926758
vt 15.212133407592773 30.55082130432129
vt 13.0625 30.722700119018555
vt 13.0625 30.722700119018555
vt 9.861328125 30.254810333251953
vt 7.1901044845581055 28.851144790649414
vt 7.1901044845581055 28.851144790649414
vt 5.048830032348633 26.511699676513672
vt 3.4852466583251953 23.29861068725586
vt 3.4852466583251953 23.29861068725586
vt 2.5470967292785645 19.27387809753418
vt 2.234380006790161 14.4375
vt 2.234380006790161 14.4375
vt 6.466800212860107 10.656200408935547
vt 6.478362560272217 11.10983657836914
vt 6.516482353210449 9.528292655944824
vt 6.4888811111450195 9.897101402282715
vt 2.403569459915161 11.0228271484375
vt 2.403569459915161 11.0228271484375
vt 3.155522108078003 7.142510890960693
vt 4.509037017822266 4.030858993530273
vt 4.509037017822266 4.030858993530273
vt 6.445314407348633 1.7093521356582642
vt 8.918397903442383 0.23050956428050995
vt 8.918397903442383 0.23050956428050995
vt 11.926199913024902 -0.403280109167099
vt 14.926262855529785 -0.2564699947834015
vt 14.926262855529785 -0.2564699947834015
vt 17.428007125854492 0.5133877992630005
vt 19.490507125854492 1.8991317749023438
vt 19.490507125854492 1.8991317749023438
vt 21.074825286865234 3.8537611961364746
vt 22.08578109741211 6.262397766113281
vt 22.08578109741211 6.262397766113281
vt 22.519046783447266 9.119821548461914
vt 21.922100067138672 13.878925323486328
vt 21.922100067138672 13.878925323486328
vt 19.209089279174805 17.752092361450195
vt 14.776155471801758 19.49949073791504
vt 14.776155471801758 19.49949073791504
vt 11.096654891967773 19.317174911499023
vt 8.431421279907227 18.185644149780273
vt 8.431421279907227 18.185644149780273
vt 6.454861640930176 16.20191192626953
vt 6.080080032348633 15.576199531555176
vt 16.95354461669922 25.943544387817383
vt 17.27342414855957 25.507293701171875
vt 21.699199676513672 24.55660057067871
vt 21.699199676513672 24.55660057067871
vt 19.956623077392578 27.97504425048828
vt 17.077699661254883 30.035188674926758
vt 17.077699661254883 30.035188674926758
vt 13.0625 30.722700119018555
vt 7.1901044845581055 28.851144790649414
vt 7.1901044845581055 28.851144790649414
vt 3.4852466583251953 23.29861068725586
vt 2.234380006790161 14.4375
vt 2.234380006790161 14.4375
vt 6.478362560272217 11.10983657836914
vt 6.5130510330200195 11.546911239624023
vt 6.555124282836914 9.166646003723145
vt 6.516482353210449 9.528292655944824
vt 2.403569459915161 11.0228271484375
vt 2.403569459915161 11.0228271484375
vt 4.509037017822266 4.030858993530273
vt 8.918397903442383 0.23050956428050995
vt 8.918397903442383 0.23050956428050995
vt 14.926262855529785 -0.2564699947834015
vt 19.490507125854492 1.8991317749023438
vt 19.490507125854492 1.8991317749023438
vt 22.08578109741211 6.262397766113281
vt 21.922100067138672 13.878925323486328
vt 14.776155471801758 19.49949073791504
vt 8.431421279907227 18.185644149780273
vt 6.080080032348633 15.576199531555176
vt 16.595468521118164 26.328472137451172
vt 16.95354461669922 25.943544387817383
vt 21.699199676513672 24.55660057067871
vt 2.234380006790161 14.4375
vt 6.5130510330200195 11.546911239624023
vt 6.570865154266357 11.967425346374512
vt 6.604806900024414 8.812158584594727
vt 6.555124282836914 9.166646003723145
vt 2.403569459915161 11.0228271484375
vt 16.199199676513672 26.66207504272461
vt 16.595468521118164 26.328472137451172
vt 21.699199676513672 24.55660057067871
vt 2.234380006790161 14.4375
vt 6.570865154266357 11.967425346374512
vt 6.651804447174072 12.371377944946289
vt 6.665530204772949 8.464832305908203
vt 6.604806900024414 8.812158584594727
vt 2.403569459915161 11.0228271484375
vt 15.76473617553711 26.944355010986328
vt 16.199199676513672 26.66207504272461
vt 21.699199676513672 24.55660057067871
vt 2.234380006790161 14.4375
vt 6.651804447174072 12.371377944946289
vt 6.755869388580322 12.758769035339355
vt 6.737293720245361 8.124667167663574
vt 6.665530204772949 8.464832305908203
vt 2.403569459915161 11.0228271484375
vt 15.292078018188477 27.175312042236328
vt 15.76473617553711 26.944355010986328
vt 21.699199676513672 24.55660057067871
vt 2.234380006790161 14.4375
vt 6.755869388580322 12.758769035339355
vt 6.883059978485107 13.129599571228027
vt 6.820097923278809 7.791662216186523
vt 6.737293720245361 8.124667167663574
vt 2.403569459915161 11.0228271484375
vt 15.292078018188477 27.175312042236328
vt 21.699199676513672 24.55660057067871
vt 17.077699661254883 30.035188674926758
vt 2.234380006790161 14.4375
vt 6.883059978485107 13.129599571228027
vt 7.033376216888428 13.483869552612305
vt 6.913942337036133 7.465817928314209
vt 6.820097923278809 7.791662216186523
vt 2.403569459915161 11.0228271484375
vt 14.781225204467773 27.354944229125977
vt 15.292078018188477 27.175312042236328
vt 17.077699661254883 30.035188674926758
vt 2.234380006790161 14.4375
vt 7.033376216888428 13.483869552612305
vt 7.206817626953125 13.821578025817871
vt 7.01882791519165 7.147134780883789
vt 6.913942337036133 7.465817928314209
vt 2.403569459915161 11.0228271484375
vt 14.232177734375 27.483253479003906
vt 14.781225204467773 27.354944229125977
vt 17.077699661254883 30.035188674926758
vt 2.234380006790161 14.4375
vt 7.206817626953125 13.821578025817871
vt 7.403385162353516 14.142724990844727
vt 7.134753704071045 6.835611820220947
vt 7.01882791519165 7.147134780883789
vt 2.403569459915161 11.0228271484375
vt 13.644936561584473 27.560237884521484
vt 14.232177734375 27.483253479003906
vt 17.077699661254883 30.035188674926758
vt 2.234380006790161 14.4375
vt 7.403385162353516 14.142724990844727
vt 7.623077869415283 14.447311401367188
vt 7.261720180511475 6.53125
vt 7.134753704071045 6.835611820220947
vt 2.403569459915161 11.0228271484375
vt 13.019499778747559 27.585899353027344
vt 13.644936561584473 27.560237884521484
vt 17.077699661254883 30.035188674926758
vt 2.234380006790161 14.4375
vt 7.623077869415283 14.447311401367188
vt 7.865896224975586 14.735336303710938
vt 7.398309707641602 6.23591423034668
vt 7.261720180511475 6.53125
vt 2.403569459915161 11.0228271484375
vt 12.478442192077637 27.564489364624023
vt 13.019499778747559 27.585899353027344
vt 17.077699661254883 30.035188674926758
vt 2.234380006790161 14.4375
vt 7.865896224975586 14.735336303710938
vt 8.131839752197266 15.006799697875977
vt 7.543105125427246 5.951469421386719
vt 7.398309707641602 6.23591423034668
vt 2.403569459915161 11.0228271484375
vt 11.958122253417969 27.500261306762695
vt 12.478442192077637 27.564489364624023
vt 17.077699661254883 30.035188674926758
vt 2.234380006790161 14.4375
vt 8.131839752197266 15.006799697875977
vt 8.416583061218262 15.259016990661621
vt 7.696106433868408 5.677916049957275
vt 7.543105125427246 5.951469421386719
vt 2.403569459915161 11.0228271484375
vt 11.458540916442871 27.393213272094727
vt 11.958122253417969 27.500261306762695
vt 17.077699661254883 30.035188674926758
vt 2.234380006790161 14.4375
vt 8.416583061218262 15.259016990661621
vt 8.715797424316406 15.489302635192871
vt 7.85731315612793 5.415254592895508
vt 7.696106433868408 5.677916049957275
vt 2.403569459915161 11.0228271484375
vt 10.979696273803711 27.243345260620117
vt 11.458540916442871 27.393213272094727
vt 17.077699661254883 30.035188674926758
vt 2.234380006790161 14.4375
vt 8.715797424316406 15.489302635192871
vt 9.029483795166016 15.697656631469727
vt 8.026726722717285 5.1634840965271
vt 7.85731315612793 5.415254592895508
vt 2.403569459915161 11.0228271484375
vt 10.521590232849121 27.050657272338867
vt 10.979696273803711 27.243345260620117
vt 17.077699661254883 30.035188674926758
vt 2.234380006790161 14.4375
vt 9.029483795166016 15.697656631469727
vt 9.35764217376709 15.884078025817871
vt 8.204344749450684 4.922605037689209
vt 8.026726722717285 5.1634840965271
vt 2.403569459915161 11.0228271484375
vt 10.521590232849121 27.050657272338867
vt 17.077699661254883 30.035188674926758
vt 7.1901044845581055 28.851144790649414
vt 2.234380006790161 14.4375
vt 9.35764217376709 15.884078025817871
vt 9.700272560119629 16.048566818237305
vt 8.390169143676758 4.692617416381836
vt 8.204344749450684 4.922605037689209
vt 2.403569459915161 11.0228271484375
vt 10.084222793579102 26.815149307250977
vt 10.521590232849121 27.050657272338867
vt 7.1901044845581055 28.851144790649414
vt 2.234380006790161 14.4375
vt 9.700272560119629 16.048566818237305
vt 10.057374954223633 16.191125869750977
vt 8.584199905395508 4.4735212326049805
vt 8.390169143676758 4.692617416381836
vt 2.403569459915161 11.0228271484375
vt 9.66759204864502 26.536823272705078
vt 10.084222793579102 26.815149307250977
vt 7.1901044845581055 28.851144790649414
vt 2.234380006790161 14.4375
vt 10.057374954223633 16.191125869750977
vt 10.428949356079102 16.311750411987305
vt 8.584199905395508 4.4735212326049805
vt 2.403569459915161 11.0228271484375
vt 8.918397903442383 0.23050956428050995
vt 9.271699905395508 26.21567726135254
vt 9.66759204864502 26.536823272705078
vt 7.1901044845581055 28.851144790649414
vt 2.234380006790161 14.4375
vt 10.428949356079102 16.311750411987305
vt 10.814995765686035 16.410444259643555
vt 8.786436080932617 4.265316486358643
vt 8.584199905395508 4.4735212326049805
vt 8.918397903442383 0.23050956428050995
vt 8.89654541015625 25.851713180541992
vt 9.271699905395508 26.21567726135254
vt 7.1901044845581055 28.851144790649414
vt 8.996878623962402 4.068002700805664
vt 8.786436080932617 4.265316486358643
vt 8.918397903442383 0.23050956428050995
vt 8.542129516601562 25.444927215576172
vt 8.89654541015625 25.851713180541992
vt 7.1901044845581055 28.851144790649414
vt 9.215526580810547 3.8815805912017822
vt 8.996878623962402 4.068002700805664
vt 8.918397903442383 0.23050956428050995
vt 8.208450317382812 24.995323181152344
vt 8.542129516601562 25.444927215576172
vt 7.1901044845581055 28.851144790649414
vt 9.44237995147705 3.706049919128418
vt 9.215526580810547 3.8815805912017822
vt 8.918397903442383 0.23050956428050995
vt 7.895510196685791 24.502899169921875
vt 8.208450317382812 24.995323181152344
vt 7.1901044845581055 28.851144790649414
vt 9.67624282836914 3.543053388595581
vt 9.44237995147705 3.706049919128418
vt 8.918397903442383 0.23050956428050995
vt 7.605545520782471 23.969894409179688
vt 7.895510196685791 24.502899169921875
vt 7.1901044845581055 28.851144790649414
vt 9.915925025939941 3.394230604171753
vt 9.67624282836914 3.543053388595581
vt 8.918397903442383 0.23050956428050995
vt 7.340795040130615 23.398548126220703
vt 7.605545520782471 23.969894409179688
vt 7.1901044845581055 28.851144790649414
vt 10.161426544189453 3.2595813274383545
vt 9.915925025939941 3.394230604171753
vt 8.918397903442383 0.23050956428050995
vt 7.101259231567383 22.788856506347656
vt 7.340795040130615 23.398548126220703
vt 7.1901044845581055 28.851144790649414
vt 10.41274642944336 3.1391055583953857
vt 10.161426544189453 3.2595813274383545
vt 8.918397903442383 0.23050956428050995
vt 6.886937618255615 22.14082145690918
vt 7.101259231567383 22.788856506347656
vt 7.1901044845581055 28.851144790649414
vt 10.669886589050293 3.032803535461426
vt 10.41274642944336 3.1391055583953857
vt 8.918397903442383 0.23050956428050995
vt 6.697830677032471 21.454444885253906
vt 6.886937618255615 22.14082145690918
vt 7.1901044845581055 28.851144790649414
vt 10.932845115661621 2.9406750202178955
vt 10.669886589050293 3.032803535461426
vt 8.918397903442383 0.23050956428050995
vt 6.533937454223633 20.729724884033203
vt 6.697830677032471 21.454444885253906
vt 7.1901044845581055 28.851144790649414
vt 11.20162296295166 2.862720251083374
vt 10.932845115661621 2.9406750202178955
vt 8.918397903442383 0.23050956428050995
vt 6.395258903503418 19.96666145324707
vt 6.533937454223633 20.729724884033203
vt 7.1901044845581055 28.851144790649414
vt 11.47622013092041 2.7989389896392822
vt 11.20162296295166 2.862720251083374
vt 8.918397903442383 0.23050956428050995
vt 6.281794548034668 19.16525650024414
vt 6.395258903503418 19.96666145324707
vt 7.1901044845581055 28.851144790649414
vt 11.756636619567871 2.74933123588562
vt 11.47622013092041 2.7989389896392822
vt 8.918397903442383 0.23050956428050995
vt 6.193544387817383 18.32550621032715
vt 6.281794548034668 19.16525650024414
vt 7.1901044845581055 28.851144790649414
vt 12.042871475219727 2.713897228240967
vt 11.756636619567871 2.74933123588562
vt 8.918397903442383 0.23050956428050995
vt 6.193544387817383 18.32550621032715
vt 7.1901044845581055 28.851144790649414
vt 2.234380006790161 14.4375
vt 12.33492660522461 2.692636728286743
vt 12.042871475219727 2.713897228240967
vt 8.918397903442383 0.23050956428050995
vt 6.1305084228515625 17.44741439819336
vt 6.193544387817383 18.32550621032715
vt 2.234380006790161 14.4375
vt 12.632800102233887 2.6855499744415283
vt 12.33492660522461 2.692636728286743
vt 8.918397903442383 0.23050956428050995
vt 6.092687129974365 16.53097915649414
vt 6.1305084228515625 17.44741439819336
vt 2.234380006790161 14.4375
vt 13.089944839477539 2.6986048221588135
vt 12.632800102233887 2.6855499744415283
vt 8.918397903442383 0.23050956428050995
vt 6.080080032348633 15.576199531555176
vt 6.092687129974365 16.53097915649414
vt 2.234380006790161 14.4375
vt 13.530377388000488 2.7377688884735107
vt 13.089944839477539 2.6986048221588135
vt 8.918397903442383 0.23050956428050995
vt 6.080080032348633 15.576199531555176
vt 2.234380006790161 14.4375
vt 10.814995765686035 16.410444259643555
vt 13.954099655151367 2.803042411804199
vt 13.530377388000488 2.7377688884735107
vt 8.918397903442383 0.23050956428050995
vt 14.776155471801758 19.49949073791504
vt 6.080080032348633 15.576199531555176
vt 10.814995765686035 16.410444259643555
vt 14.36111068725586 2.894425630569458
vt 13.954099655151367 2.803042411804199
vt 8.918397903442383 0.23050956428050995
vt 14.776155471801758 19.49949073791504
vt 10.814995765686035 16.410444259643555
vt 11.215514183044434 16.487205505371094
vt 14.751411437988281 3.011918067932129
vt 14.36111068725586 2.894425630569458
vt 8.918397903442383 0.23050956428050995
vt 14.776155471801758 19.49949073791504
vt 11.215514183044434 16.487205505371094
vt 11.63050365447998 16.542036056518555
vt 15.125 3.155519962310791
vt 14.751411437988281 3.011918067932129
vt 8.918397903442383 0.23050956428050995
vt 14.776155471801758 19.49949073791504
vt 11.63050365447998 16.542036056518555
vt 12.059966087341309 16.574934005737305
vt 15.125 3.155519962310791
vt 8.918397903442383 0.23050956428050995
vt 19.490507125854492 1.8991317749023438
vt 14.776155471801758 19.49949073791504
vt 12.059966087341309 16.574934005737305
vt 12.503899574279785 16.585899353027344
vt 15.481877326965332 3.3252313137054443
vt 15.125 3.155519962310791
vt 19.490507125854492 1.8991317749023438
vt 14.776155471801758 19.49949073791504
vt 12.503899574279785 16.585899353027344
vt 12.974913597106934 16.573516845703125
vt 15.822044372558594 3.521052122116089
vt 15.481877326965332 3.3252313137054443
vt 19.490507125854492 1.8991317749023438
vt 14.776155471801758 19.49949073791504
vt 12.974913597106934 16.573516845703125
vt 13.428321838378906 16.536367416381836
vt 16.14550018310547 3.7429823875427246
vt 15.822044372558594 3.521052122116089
vt 19.490507125854492 1.8991317749023438
vt 14.776155471801758 19.49949073791504
vt 13.428321838378906 16.536367416381836
vt 13.86412525177002 16.474449157714844
vt 16.45224380493164 3.9910221099853516
vt 16.14550018310547 3.7429823875427246
vt 19.490507125854492 1.8991317749023438
vt 14.776155471801758 19.49949073791504
vt 13.86412525177002 16.474449157714844
vt 14.28232192993164 16.387765884399414
vt 16.742277145385742 4.265171527862549
vt 16.45224380493164 3.9910221099853516
vt 19.490507125854492 1.8991317749023438
vt 14.776155471801758 19.49949073791504
vt 14.28232192993164 16.387765884399414
vt 14.682913780212402 16.276317596435547
vt 17.015600204467773 4.565430164337158
vt 16.742277145385742 4.265171527862549
vt 19.490507125854492 1.8991317749023438
vt 21.922100067138672 13.878925323486328
vt 14.776155471801758 19.49949073791504
vt 14.682913780212402 16.276317596435547
vt 17.269542694091797 4.888515949249268
vt 17.015600204467773 4.565430164337158
vt 19.490507125854492 1.8991317749023438
vt 21.922100067138672 13.878925323486328
vt 14.682913780212402 16.276317596435547
vt 15.065899848937988 16.140100479125977
vt 17.501401901245117 5.231146335601807
vt 17.269542694091797 4.888515949249268
vt 19.490507125854492 1.8991317749023438
vt 21.922100067138672 13.878925323486328
vt 15.065899848937988 16.140100479125977
vt 15.431280136108398 15.979116439819336
vt 17.711181640625 5.593321800231934
vt 17.501401901245117 5.231146335601807
vt 19.490507125854492 1.8991317749023438
vt 21.922100067138672 13.878925323486328
vt 15.431280136108398 15.979116439819336
vt 15.77905559539795 15.793366432189941
vt 17.89887809753418 5.975042343139648
vt 17.711181640625 5.593321800231934
vt 19.490507125854492 1.8991317749023438
vt 21.922100067138672 13.878925323486328
vt 15.77905559539795 15.793366432189941
vt 16.109224319458008 15.582850456237793
vt 18.06449317932129 6.376307487487793
vt 17.89887809753418 5.975042343139648
vt 19.490507125854492 1.8991317749023438
vt 21.922100067138672 13.878925323486328
vt 16.109224319458008 15.582850456237793
vt 16.421789169311523 15.347566604614258
vt 18.208024978637695 6.797117710113525
vt 18.06449317932129 6.376307487487793
vt 19.490507125854492 1.8991317749023438
vt 21.922100067138672 13.878925323486328
vt 16.421789169311523 15.347566604614258
vt 16.716747283935547 15.087516784667969
vt 18.32947540283203 7.2374725341796875
vt 18.208024978637695 6.797117710113525
vt 19.490507125854492 1.8991317749023438
vt 21.922100067138672 13.878925323486328
vt 16.716747283935547 15.087516784667969
vt 16.99410057067871 14.80270004272461
vt 18.428844451904297 7.6973724365234375
vt 18.32947540283203 7.2374725341796875
vt 19.490507125854492 1.8991317749023438
vt 21.922100067138672 13.878925323486328
vt 16.99410057067871 14.80270004272461
vt 17.251476287841797 14.49505615234375
vt 18.506132125854492 8.176816940307617
vt 18.428844451904297 7.6973724365234375
vt 19.490507125854492 1.8991317749023438
vt 21.922100067138672 13.878925323486328
vt 17.251476287841797 14.49505615234375
vt 17.486473083496094 14.166525840759277
vt 18.561336517333984 8.675806045532227
vt 18.506132125854492 8.176816940307617
vt 19.490507125854492 1.8991317749023438
vt 21.922100067138672 13.878925323486328
vt 17.486473083496094 14.166525840759277
vt 17.699087142944336 13.817107200622559
vt 18.594459533691406 9.194340705871582
vt 18.561336517333984 8.675806045532227
vt 19.490507125854492 1.8991317749023438
vt 21.922100067138672 13.878925323486328
vt 17.699087142944336 13.817107200622559
vt 17.88932228088379 13.446802139282227
vt 18.605499267578125 9.732419967651367
vt 18.594459533691406 9.194340705871582
vt 19.490507125854492 1.8991317749023438
vt 21.922100067138672 13.878925323486328
vt 17.88932228088379 13.446802139282227
vt 18.05717658996582 13.055609703063965
vt 18.594308853149414 10.26982307434082
vt 18.605499267578125 9.732419967651367
vt 19.490507125854492 1.8991317749023438
vt 21.922100067138672 13.878925323486328
vt 18.05717658996582 13.055609703063965
vt 18.20265007019043 12.643529891967773
vt 18.560739517211914 10.786338806152344
vt 18.594308853149414 10.26982307434082
vt 19.490507125854492 1.8991317749023438
vt 21.922100067138672 13.878925323486328
vt 18.20265007019043 12.643529891967773
vt 18.325742721557617 12.210562705993652
vt 18.560739517211914 10.786338806152344
vt 19.490507125854492 1.8991317749023438
vt 21.922100067138672 13.878925323486328
vt 21.922100067138672 13.878925323486328
vt 18.325742721557617 12.210562705993652
vt 18.426456451416016 11.756709098815918
vt 18.50478744506836 11.281967163085938
vt 18.560739517211914 10.786338806152344
vt 21.922100067138672 13.878925323486328
vt 21.922100067138672 13.878925323486328
vt 18.426456451416016 11.756709098815918
vt 18.50478744506836 11.281967163085938
vt 10.629400253295898 1
vt 11.329436302185059 1
vt 10.629400253295898 -9
vt 11.329436302185059 1
vt 11.329436302185059 -9
vt 10.629400253295898 -9
vt 11.329436302185059 1
vt 12.004405975341797 1
vt 11.329436302185059 -9
vt 12.004405975341797 1
vt 12.004405975341797 -9
vt 11.329436302185059 -9
vt 12.004405975341797 1
vt 12.654311180114746 1
vt 12.004405975341797 -9
vt 12.654311180114746 1
vt 12.654311180114746 -9
vt 12.004405975341797 -9
vt 12.654311180114746 1
vt 13.27915096282959 1
vt 12.654311180114746 -9
vt 13.27915096282959 1
vt 13.27915096282959 -9
vt 12.654311180114746 -9
vt 13.27915096282959 1
vt 13.878925323486328 1
vt 13.27915096282959 -9
vt 13.878925323486328 1
vt 13.878925323486328 -9
vt 13.27915096282959 -9
vt 13.878925323486328 1
vt 14.453634262084961 1
vt 13.878925323486328 -9
vt 14.453634262084961 1
vt 14.453634262084961 -9
vt 13.878925323486328 -9
vt 14.453634262084961 1
vt 15.003277778625488 1
vt 14.453634262084961 -9
vt 15.003277778625488 1
vt 15.003277778625488 -9
vt 14.453634262084961 -9
vt 15.003277778625488 1
vt 15.52785587310791 1
vt 15.003277778625488 -9
vt 15.52785587310791 1
vt 15.52785587310791 -9
vt 15.003277778625488 -9
vt 15.52785587310791 1
vt 16.027368545532227 1
vt 15.52785587310791 -9
vt 16.027368545532227 1
vt 16.027368545532227 -9
vt 15.52785587310791 -9
vt 16.027368545532227 1
vt 16.50181770324707 1
vt 16.027368545532227 -9
vt 16.50181770324707 1
vt 16.50181770324707 -9
vt 16.027368545532227 -9
vt 16.50181770324707 1
vt 16.951200485229492 1
vt 16.50181770324707 -9
vt 16.951200485229492 1
vt 16.951200485229492 -9
vt 16.50181770324707 -9
vt 20.07710075378418 1
vt 19.655105590820312 1
vt 20.07710075378418 -9
vt 19.655105590820312 1
vt 19.655105590820312 -9
vt 20.07710075378418 -9
vt 19.655105590820312 1
vt 19.209089279174805 1
vt 19.655105590820312 -9
vt 19.209089279174805 1
vt 19.209089279174805 -9
vt 19.655105590820312 -9
vt 19.209089279174805 1
vt 18.739049911499023 1
vt 19.209089279174805 -9
vt 18.739049911499023 1
vt 18.739049911499023 -9
vt 19.209089279174805 -9
vt 18.739049911499023 1
vt 18.2449893951416 1
vt 18.739049911499023 -9
vt 18.2449893951416 1
vt 18.2449893951416 -9
vt 18.739049911499023 -9
vt 18.2449893951416 1
vt 17.726905822753906 1
vt 18.2449893951416 -9
vt 17.726905822753906 1
vt 17.726905822753906 -9
vt 18.2449893951416 -9
vt 17.726905822753906 1
vt 17.184799194335938 1
vt 17.726905822753906 -9
vt 17.184799194335938 1
vt 17.184799194335938 -9
vt 17.726905822753906 -9
vt 17.184799194335938 1
vt 16.618671417236328 1
vt 17.184799194335938 -9
vt 16.618671417236328 1
vt 16.618671417236328 -9
vt 17.184799194335938 -9
vt 16.618671417236328 1
vt 16.028522491455078 1
vt 16.618671417236328 -9
vt 16.028522491455078 1
vt 16.028522491455078 -9
vt 16.618671417236328 -9
vt 16.028522491455078 1
vt 15.414349555969238 1
vt 16.028522491455078 -9
vt 15.414349555969238 1
vt 15.414349555969238 -9
vt 16.028522491455078 -9
vt 15.414349555969238 1
vt 14.776155471801758 1
vt 15.414349555969238 -9
vt 14.776155471801758 1
vt 14.776155471801758 -9
vt 15.414349555969238 -9
vt 14.776155471801758 1
vt 14.11393928527832 1
vt 14.776155471801758 -9
vt 14.11393928527832 1
vt 14.11393928527832 -9
vt 14.776155471801758 -9
vt 14.11393928527832 1
vt 13.42770004272461 1
vt 14.11393928527832 -9
vt 13.42770004272461 1
vt 13.42770004272461 -9
vt 14.11393928527832 -9
vt 13.42770004272461 1
vt 13.019796371459961 1
vt 13.42770004272461 -9
vt 13.019796371459961 1
vt 13.019796371459961 -9
vt 13.42770004272461 -9
vt 13.019796371459961 1
vt 12.619650840759277 1
vt 13.019796371459961 -9
vt 12.619650840759277 1
vt 12.619650840759277 -9
vt 13.019796371459961 -9
vt 12.619650840759277 1
vt 12.227263450622559 1
vt 12.619650840759277 -9
vt 12.227263450622559 1
vt 12.227263450622559 -9
vt 12.619650840759277 -9
vt 12.227263450622559 1
vt 11.842635154724121 1
vt 12.227263450622559 -9
vt 11.842635154724121 1
vt 11.842635154724121 -9
vt 12.227263450622559 -9
vt 11.842635154724121 1
vt 11.465765953063965 1
vt 11.842635154724121 -9
vt 11.465765953063965 1
vt 11.465765953063965 -9
vt 11.842635154724121 -9
vt 11.465765953063965 1
vt 11.096654891967773 1
vt 11.465765953063965 -9
vt 11.096654891967773 1
vt 11.096654891967773 -9
vt 11.465765953063965 -9
vt 11.096654891967773 1
vt 10.735302925109863 1
vt 11.096654891967773 -9
vt 10.735302925109863 1
vt 10.735302925109863 -9
vt 11.096654891967773 -9
vt 10.735302925109863 1
vt 10.381709098815918 1
vt 10.735302925109863 -9
vt 10.381709098815918 1
vt 10.381709098815918 -9
vt 10.735302925109863 -9
vt 10.381709098815918 1
vt 10.035873413085938 1
vt 10.381709098815918 -9
vt 10.035873413085938 1
vt 10.035873413085938 -9
vt 10.381709098815918 -9
vt 10.035873413085938 1
vt 9.697796821594238 1
vt 10.035873413085938 -9
vt 9.697796821594238 1
vt 9.697796821594238 -9
vt 10.035873413085938 -9
vt 9.697796821594238 1
vt 9.36747932434082 1
vt 9.697796821594238 -9
vt 9.36747932434082 1
vt 9.36747932434082 -9
vt 9.697796821594238 -9
vt 9.36747932434082 1
vt 9.044919967651367 1
vt 9.36747932434082 -9
vt 9.044919967651367 1
vt 9.044919967651367 -9
vt 9.36747932434082 -9
vt 9.044919967651367 1
vt 8.732202529907227 1
vt 9.044919967651367 -9
vt 8.732202529907227 1
vt 8.732202529907227 -9
vt 9.044919967651367 -9
vt 8.732202529907227 1
vt 8.431421279907227 1
vt 8.732202529907227 -9
vt 8.431421279907227 1
vt 8.431421279907227 -9
vt 8.732202529907227 -9
vt 8.431421279907227 1
vt 8.142576217651367 1
vt 8.431421279907227 -9
vt 8.142576217651367 1
vt 8.142576217651367 -9
vt 8.431421279907227 -9
vt 8.142576217651367 1
vt 7.86566686630249 1
vt 8.142576217651367 -9
vt 7.86566686630249 1
vt 7.86566686630249 -9
vt 8.142576217651367 -9
vt 7.86566686630249 1
vt 7.6006927490234375 1
vt 7.86566686630249 -9
vt 7.6006927490234375 1
vt 7.6006927490234375 -9
vt 7.86566686630249 -9
vt 7.6006927490234375 1
vt 7.347654819488525 1
vt 7.6006927490234375 -9
vt 7.347654819488525 1
vt 7.347654819488525 -9
vt 7.6006927490234375 -9
vt 17.29759979248047 1
vt 17.04314422607422 1
vt 17.29759979248047 -9
vt 17.04314422607422 1
vt 17.04314422607422 -9
vt 17.29759979248047 -9
vt 17.04314422607422 1
vt 16.775711059570312 1
vt 17.04314422607422 -9
vt 16.775711059570312 1
vt 16.775711059570312 -9
vt 17.04314422607422 -9
vt 16.775711059570312 1
vt 16.49530029296875 1
vt 16.775711059570312 -9
vt 16.49530029296875 1
vt 16.49530029296875 -9
vt 16.775711059570312 -9
vt 16.49530029296875 1
vt 16.20191192626953 1
vt 16.49530029296875 -9
vt 16.20191192626953 1
vt 16.20191192626953 -9
vt 16.49530029296875 -9
vt 16.20191192626953 1
vt 15.895544052124023 1
vt 16.20191192626953 -9
vt 15.895544052124023 1
vt 15.895544052124023 -9
vt 16.20191192626953 -9
vt 15.895544052124023 1
vt 15.576199531555176 1
vt 15.895544052124023 -9
vt 15.576199531555176 1
vt 15.576199531555176 -9
vt 15.895544052124023 -9
vt 15.576199531555176 1
vt 16.53097915649414 1
vt 15.576199531555176 -9
vt 16.53097915649414 1
vt 16.53097915649414 -9
vt 15.576199531555176 -9
vt 16.53097915649414 1
vt 17.44741439819336 1
vt 16.53097915649414 -9
vt 17.44741439819336 1
vt 17.44741439819336 -9
vt 16.53097915649414 -9
vt 17.44741439819336 1
vt 18.32550621032715 1
vt 17.44741439819336 -9
vt 18.32550621032715 1
vt 18.32550621032715 -9
vt 17.44741439819336 -9
vt 18.32550621032715 1
vt 19.16525650024414 1
vt 18.32550621032715 -9
vt 19.16525650024414 1
vt 19.16525650024414 -9
vt 18.32550621032715 -9
vt 19.16525650024414 1
vt 19.96666145324707 1
vt 19.16525650024414 -9
vt 19.96666145324707 1
vt 19.96666145324707 -9
vt 19.16525650024414 -9
vt 19.96666145324707 1
vt 20.729724884033203 1
vt 19.96666145324707 -9
vt 20.729724884033203 1
vt 20.729724884033203 -9
vt 19.96666145324707 -9
vt 20.729724884033203 1
vt 21.454444885253906 1
vt 20.729724884033203 -9
vt 21.454444885253906 1
vt 21.454444885253906 -9
vt 20.729724884033203 -9
vt 21.454444885253906 1
vt 22.14082145690918 1
vt 21.454444885253906 -9
vt 22.14082145690918 1
vt 22.14082145690918 -9
vt 21.454444885253906 -9
vt 22.14082145690918 1
vt 22.788856506347656 1
vt 22.14082145690918 -9
vt 22.788856506347656 1
vt 22.788856506347656 -9
vt 22.14082145690918 -9
vt 22.788856506347656 1
vt 23.398548126220703 1
vt 22.788856506347656 -9
vt 23.398548126220703 1
vt 23.398548126220703 -9
vt 22.788856506347656 -9
vt 23.398548126220703 1
vt 23.969894409179688 1
vt 23.398548126220703 -9
vt 23.969894409179688 1
vt 23.969894409179688 -9
vt 23.398548126220703 -9
vt 23.969894409179688 1
vt 24.502899169921875 1
vt 23.969894409179688 -9
vt 24.502899169921875 1
vt 24.502899169921875 -9
vt 23.969894409179688 -9
vt 24.502899169921875 1
vt 24.995323181152344 1
vt 24.502899169921875 -9
vt 24.995323181152344 1
vt 24.995323181152344 -9
vt 24.502899169921875 -9
vt 24.995323181152344 1
vt 25.444927215576172 1
vt 24.995323181152344 -9
vt 25.444927215576172 1
vt 25.444927215576172 -9
vt 24.995323181152344 -9
vt 25.444927215576172 1
vt 25.851713180541992 1
vt 25.444927215576172 -9
vt 25.851713180541992 1
vt 25.851713180541992 -9
vt 25.444927215576172 -9
vt 8.89654541015625 1
vt 9.271699905395508 1
vt 8.89654541015625 -9
vt 9.271699905395508 1
vt 9.271699905395508 -9
vt 8.89654541015625 -9
vt 9.271699905395508 1
vt 9.66759204864502 1
vt 9.271699905395508 -9
vt 9.66759204864502 1
vt 9.66759204864502 -9
vt 9.271699905395508 -9
vt 9.66759204864502 1
vt 10.084222793579102 1
vt 9.66759204864502 -9
vt 10.084222793579102 1
vt 10.084222793579102 -9
vt 9.66759204864502 -9
vt 10.084222793579102 1
vt 10.521590232849121 1
vt 10.084222793579102 -9
vt 10.521590232849121 1
vt 10.521590232849121 -9
vt 10.084222793579102 -9
vt 10.521590232849121 1
vt 10.979696273803711 1
vt 10.521590232849121 -9
vt 10.979696273803711 1
vt 10.979696273803711 -9
vt 10.521590232849121 -9
vt 10.979696273803711 1
vt 11.458540916442871 1
vt 10.979696273803711 -9
vt 11.458540916442871 1
vt 11.458540916442871 -9
vt 10.979696273803711 -9
vt 11.458540916442871 1
vt 11.958122253417969 1
vt 11.458540916442871 -9
vt 11.958122253417969 1
vt 11.958122253417969 -9
vt 11.458540916442871 -9
vt 11.958122253417969 1
vt 12.478442192077637 1
vt 11.958122253417969 -9
vt 12.478442192077637 1
vt 12.478442192077637 -9
vt 11.958122253417969 -9
vt 12.478442192077637 1
vt 13.019499778747559 1
vt 12.478442192077637 -9
vt 13.019499778747559 1
vt 13.019499778747559 -9
vt 12.478442192077637 -9
vt 13.019499778747559 1
vt 13.644936561584473 1
vt 13.019499778747559 -9
vt 13.644936561584473 1
vt 13.644936561584473 -9
vt 13.019499778747559 -9
vt 13.644936561584473 1
vt 14.232177734375 1
vt 13.644936561584473 -9
vt 14.232177734375 1
vt 14.232177734375 -9
vt 13.644936561584473 -9
vt 14.232177734375 1
vt 14.781225204467773 1
vt 14.232177734375 -9
vt 14.781225204467773 1
vt 14.781225204467773 -9
vt 14.232177734375 -9
vt 14.781225204467773 1
vt 15.292078018188477 1
vt 14.781225204467773 -9
vt 15.292078018188477 1
vt 15.292078018188477 -9
vt 14.781225204467773 -9
vt 15.292078018188477 1
vt 15.76473617553711 1
vt 15.292078018188477 -9
vt 15.76473617553711 1
vt 15.76473617553711 -9
vt 15.292078018188477 -9
vt 15.76473617553711 1
vt 16.199199676513672 1
vt 15.76473617553711 -9
vt 16.199199676513672 1
vt 16.199199676513672 -9
vt 15.76473617553711 -9
vt 16.199199676513672 1
vt 16.595468521118164 1
vt 16.199199676513672 -9
vt 16.595468521118164 1
vt 16.595468521118164 -9
vt 16.199199676513672 -9
vt 26.328472137451172 1
vt 25.943544387817383 1
vt 26.328472137451172 -9
vt 25.943544387817383 1
vt 25.943544387817383 -9
vt 26.328472137451172 -9
vt 25.943544387817383 1
vt 25.507293701171875 1
vt 25.943544387817383 -9
vt 25.507293701171875 1
vt 25.507293701171875 -9
vt 25.943544387817383 -9
vt 25.507293701171875 1
vt 25.01972007751465 1
vt 25.507293701171875 -9
vt 25.01972007751465 1
vt 25.01972007751465 -9
vt 25.507293701171875 -9
vt 25.01972007751465 1
vt 24.48082160949707 1
vt 25.01972007751465 -9
vt 24.48082160949707 1
vt 24.48082160949707 -9
vt 25.01972007751465 -9
vt 24.48082160949707 1
vt 23.890600204467773 1
vt 24.48082160949707 -9
vt 23.890600204467773 1
vt 23.890600204467773 -9
vt 24.48082160949707 -9
vt 18.0039005279541 1
vt 21.699199676513672 1
vt 18.0039005279541 -9
vt 21.699199676513672 1
vt 21.699199676513672 -9
vt 18.0039005279541 -9
vt 24.55660057067871 1
vt 25.05805778503418 1
vt 24.55660057067871 -9
vt 25.05805778503418 1
vt 25.05805778503418 -9
vt 24.55660057067871 -9
vt 25.05805778503418 1
vt 25.538328170776367 1
vt 25.05805778503418 -9
vt 25.538328170776367 1
vt 25.538328170776367 -9
vt 25.05805778503418 -9
vt 25.538328170776367 1
vt 25.997411727905273 1
vt 25.538328170776367 -9
vt 25.997411727905273 1
vt 25.997411727905273 -9
vt 25.538328170776367 -9
vt 25.997411727905273 1
vt 26.43531036376953 1
vt 25.997411727905273 -9
vt 26.43531036376953 1
vt 26.43531036376953 -9
vt 25.997411727905273 -9
vt 26.43531036376953 1
vt 26.85202407836914 1
vt 26.43531036376953 -9
vt 26.85202407836914 1
vt 26.85202407836914 -9
vt 26.43531036376953 -9
vt 26.85202407836914 1
vt 27.247549057006836 1
vt 26.85202407836914 -9
vt 27.247549057006836 1
vt 27.247549057006836 -9
vt 26.85202407836914 -9
vt 27.247549057006836 1
vt 27.621891021728516 1
vt 27.247549057006836 -9
vt 27.621891021728516 1
vt 27.621891021728516 -9
vt 27.247549057006836 -9
vt 27.621891021728516 1
vt 27.97504425048828 1
vt 27.621891021728516 -9
vt 27.97504425048828 1
vt 27.97504425048828 -9
vt 27.621891021728516 -9
vt 27.97504425048828 1
vt 28.3070125579834 1
vt 27.97504425048828 -9
vt 28.3070125579834 1
vt 28.3070125579834 -9
vt 27.97504425048828 -9
vt 19.658899307250977 1
vt 19.343421936035156 1
vt 19.658899307250977 -9
vt 19.343421936035156 1
vt 19.343421936035156 -9
vt 19.658899307250977 -9
vt 19.343421936035156 1
vt 19.010189056396484 1
vt 19.343421936035156 -9
vt 19.010189056396484 1
vt 19.010189056396484 -9
vt 19.343421936035156 -9
vt 19.010189056396484 1
vt 18.65920066833496 1
vt 19.010189056396484 -9
vt 18.65920066833496 1
vt 18.65920066833496 -9
vt 19.010189056396484 -9
vt 18.65920066833496 1
vt 18.290456771850586 1
vt 18.65920066833496 -9
vt 18.290456771850586 1
vt 18.290456771850586 -9
vt 18.65920066833496 -9
vt 18.290456771850586 1
vt 17.903959274291992 1
vt 18.290456771850586 -9
vt 17.903959274291992 1
vt 17.903959274291992 -9
vt 18.290456771850586 -9
vt 17.903959274291992 1
vt 17.499706268310547 1
vt 17.903959274291992 -9
vt 17.499706268310547 1
vt 17.499706268310547 -9
vt 17.903959274291992 -9
vt 17.499706268310547 1
vt 17.077699661254883 1
vt 17.499706268310547 -9
vt 17.077699661254883 1
vt 17.077699661254883 -9
vt 17.499706268310547 -9
vt 17.077699661254883 1
vt 16.637939453125 1
vt 17.077699661254883 -9
vt 16.637939453125 1
vt 16.637939453125 -9
vt 17.077699661254883 -9
vt 16.637939453125 1
vt 16.1804256439209 1
vt 16.637939453125 -9
vt 16.1804256439209 1
vt 16.1804256439209 -9
vt 16.637939453125 -9
vt 16.1804256439209 1
vt 15.705156326293945 1
vt 16.1804256439209 -9
vt 15.705156326293945 1
vt 15.705156326293945 -9
vt 16.1804256439209 -9
vt 15.705156326293945 1
vt 15.212133407592773 1
vt 15.705156326293945 -9
vt 15.212133407592773 1
vt 15.212133407592773 -9
vt 15.705156326293945 -9
vt 15.212133407592773 1
vt 14.701355934143066 1
vt 15.212133407592773 -9
vt 14.701355934143066 1
vt 14.701355934143066 -9
vt 15.212133407592773 -9
vt 14.701355934143066 1
vt 14.17282485961914 1
vt 14.701355934143066 -9
vt 14.17282485961914 1
vt 14.17282485961914 -9
vt 14.701355934143066 -9
vt 14.17282485961914 1
vt 13.62653923034668 1
vt 14.17282485961914 -9
vt 13.62653923034668 1
vt 13.62653923034668 -9
vt 14.17282485961914 -9
vt 13.62653923034668 1
vt 13.0625 1
vt 13.62653923034668 -9
vt 13.0625 1
vt 13.0625 -9
vt 13.62653923034668 -9
vt 13.0625 1
vt 12.2125244140625 1
vt 13.0625 -9
vt 12.2125244140625 1
vt 12.2125244140625 -9
vt 13.0625 -9
vt 12.2125244140625 1
vt 11.395669937133789 1
vt 12.2125244140625 -9
vt 11.395669937133789 1
vt 11.395669937133789 -9
vt 12.2125244140625 -9
vt 11.395669937133789 1
vt 10.6119384765625 1
vt 11.395669937133789 -9
vt 10.6119384765625 1
vt 10.6119384765625 -9
vt 11.395669937133789 -9
vt 10.6119384765625 1
vt 9.861328125 1
vt 10.6119384765625 -9
vt 9.861328125 1
vt 9.861328125 -9
vt 10.6119384765625 -9
vt 9.861328125 1
vt 9.143838882446289 1
vt 9.861328125 -9
vt 9.143838882446289 1
vt 9.143838882446289 -9
vt 9.861328125 -9
vt 9.143838882446289 1
vt 8.45947265625 1
vt 9.143838882446289 -9
vt 8.45947265625 1
vt 8.45947265625 -9
vt 9.143838882446289 -9
vt 8.45947265625 1
vt 7.8082275390625 1
vt 8.45947265625 -9
vt 7.8082275390625 1
vt 7.8082275390625 -9
vt 8.45947265625 -9
vt 7.8082275390625 1
vt 7.1901044845581055 1
vt 7.8082275390625 -9
vt 7.1901044845581055 1
vt 7.1901044845581055 -9
vt 7.8082275390625 -9
vt 7.1901044845581055 1
vt 6.605103015899658 1
vt 7.1901044845581055 -9
vt 6.605103015899658 1
vt 6.605103015899658 -9
vt 7.1901044845581055 -9
vt 28.354013442993164 1
vt 27.79839515686035 1
vt 28.354013442993164 -9
vt 27.79839515686035 1
vt 27.79839515686035 -9
vt 28.354013442993164 -9
vt 27.79839515686035 1
vt 27.184289932250977 1
vt 27.79839515686035 -9
vt 27.184289932250977 1
vt 27.184289932250977 -9
vt 27.79839515686035 -9
vt 27.184289932250977 1
vt 26.511699676513672 1
vt 27.184289932250977 -9
vt 26.511699676513672 1
vt 26.511699676513672 -9
vt 27.184289932250977 -9
vt 26.511699676513672 1
vt 25.78451919555664 1
vt 26.511699676513672 -9
vt 25.78451919555664 1
vt 25.78451919555664 -9
vt 26.511699676513672 -9
vt 25.78451919555664 1
vt 25.006610870361328 1
vt 25.78451919555664 -9
vt 25.006610870361328 1
vt 25.006610870361328 -9
vt 25.78451919555664 -9
vt 25.006610870361328 1
vt 24.177974700927734 1
vt 25.006610870361328 -9
vt 24.177974700927734 1
vt 24.177974700927734 -9
vt 25.006610870361328 -9
vt 24.177974700927734 1
vt 23.29861068725586 1
vt 24.177974700927734 -9
vt 23.29861068725586 1
vt 23.29861068725586 -9
vt 24.177974700927734 -9
vt 23.29861068725586 1
vt 22.368518829345703 1
vt 23.29861068725586 -9
vt 22.368518829345703 1
vt 22.368518829345703 -9
vt 23.29861068725586 -9
vt 22.368518829345703 1
vt 21.387699127197266 1
vt 22.368518829345703 -9
vt 21.387699127197266 1
vt 21.387699127197266 -9
vt 22.368518829345703 -9
vt 21.387699127197266 1
vt 20.35615348815918 1
vt 21.387699127197266 -9
vt 20.35615348815918 1
vt 20.35615348815918 -9
vt 21.387699127197266 -9
vt 20.35615348815918 1
vt 19.27387809753418 1
vt 20.35615348815918 -9
vt 19.27387809753418 1
vt 19.27387809753418 -9
vt 20.35615348815918 -9
vt 19.27387809753418 1
vt 18.1408748626709 1
vt 19.27387809753418 -9
vt 18.1408748626709 1
vt 18.1408748626709 -9
vt 19.27387809753418 -9
vt 18.1408748626709 1
vt 16.957143783569336 1
vt 18.1408748626709 -9
vt 16.957143783569336 1
vt 16.957143783569336 -9
vt 18.1408748626709 -9
vt 16.957143783569336 1
vt 15.722685813903809 1
vt 16.957143783569336 -9
vt 15.722685813903809 1
vt 15.722685813903809 -9
vt 16.957143783569336 -9
vt 15.722685813903809 1
vt 14.4375 1
vt 15.722685813903809 -9
vt 14.4375 1
vt 14.4375 -9
vt 15.722685813903809 -9
vt 14.4375 1
vt 13.25123405456543 1
vt 14.4375 -9
vt 13.25123405456543 1
vt 13.25123405456543 -9
vt 14.4375 -9
vt 13.25123405456543 1
vt 12.113009452819824 1
vt 13.25123405456543 -9
vt 12.113009452819824 1
vt 12.113009452819824 -9
vt 13.25123405456543 -9
vt 12.113009452819824 1
vt 11.0228271484375 1
vt 12.113009452819824 -9
vt 11.0228271484375 1
vt 11.0228271484375 -9
vt 12.113009452819824 -9
vt 11.0228271484375 1
vt 9.980685234069824 1
vt 11.0228271484375 -9
vt 9.980685234069824 1
vt 9.980685234069824 -9
vt 11.0228271484375 -9
vt 9.980685234069824 1
vt 8.98658561706543 1
vt 9.980685234069824 -9
vt 8.98658561706543 1
vt 8.98658561706543 -9
vt 9.980685234069824 -9
vt 8.98658561706543 1
vt 8.04052734375 1
vt 8.98658561706543 -9
vt 8.04052734375 1
vt 8.04052734375 -9
vt 8.98658561706543 -9
vt 8.04052734375 1
vt 7.142510890960693 1
vt 8.04052734375 -9
vt 7.142510890960693 1
vt 7.142510890960693 -9
vt 8.04052734375 -9
vt 7.142510890960693 1
vt 6.292535781860352 1
vt 7.142510890960693 -9
vt 6.292535781860352 1
vt 6.292535781860352 -9
vt 7.142510890960693 -9
vt 6.292535781860352 1
vt 5.490602016448975 1
vt 6.292535781860352 -9
vt 5.490602016448975 1
vt 5.490602016448975 -9
vt 6.292535781860352 -9
vt 5.490602016448975 1
vt 4.7367095947265625 1
vt 5.490602016448975 -9
vt 4.7367095947265625 1
vt 4.7367095947265625 -9
vt 5.490602016448975 -9
vt 4.7367095947265625 1
vt 4.030858993530273 1
vt 4.7367095947265625 -9
vt 4.030858993530273 1
vt 4.030858993530273 -9
vt 4.7367095947265625 -9
vt 4.030858993530273 1
vt 3.3730499744415283 1
vt 4.030858993530273 -9
vt 3.3730499744415283 1
vt 3.3730499744415283 -9
vt 4.030858993530273 -9
vt 3.3730499744415283 1
vt 2.7656681537628174 1
vt 3.3730499744415283 -9
vt 2.7656681537628174 1
vt 2.7656681537628174 -9
vt 3.3730499744415283 -9
vt 2.7656681537628174 1
vt 2.211102247238159 1
vt 2.7656681537628174 -9
vt 2.211102247238159 1
vt 2.211102247238159 -9
vt 2.7656681537628174 -9
vt 5.910593032836914 1
vt 6.445314407348633 1
vt 5.910593032836914 -9
vt 6.445314407348633 1
vt 6.445314407348633 -9
vt 5.910593032836914 -9
vt 6.445314407348633 1
vt 7.013455390930176 1
vt 6.445314407348633 -9
vt 7.013455390930176 1
vt 7.013455390930176 -9
vt 6.445314407348633 -9
vt 7.013455390930176 1
vt 7.615016460418701 1
vt 7.013455390930176 -9
vt 7.615016460418701 1
vt 7.615016460418701 -9
vt 7.013455390930176 -9
vt 7.615016460418701 1
vt 8.24999713897705 1
vt 7.615016460418701 -9
vt 8.24999713897705 1
vt 8.24999713897705 -9
vt 7.615016460418701 -9
vt 8.24999713897705 1
vt 8.918397903442383 1
vt 8.24999713897705 -9
vt 8.918397903442383 1
vt 8.918397903442383 -9
vt 8.24999713897705 -9
vt 8.918397903442383 1
vt 9.620219230651855 1
vt 8.918397903442383 -9
vt 9.620219230651855 1
vt 9.620219230651855 -9
vt 8.918397903442383 -9
vt 9.620219230651855 1
vt 10.355459213256836 1
vt 9.620219230651855 -9
vt 10.355459213256836 1
vt 10.355459213256836 -9
vt 9.620219230651855 -9
vt 10.355459213256836 1
vt 11.124119758605957 1
vt 10.355459213256836 -9
vt 11.124119758605957 1
vt 11.124119758605957 -9
vt 10.355459213256836 -9
vt 11.124119758605957 1
vt 11.926199913024902 1
vt 11.124119758605957 -9
vt 11.926199913024902 1
vt 11.926199913024902 -9
vt 11.124119758605957 -9
vt 11.926199913024902 1
vt 12.761699676513672 1
vt 11.926199913024902 -9
vt 12.761699676513672 1
vt 12.761699676513672 -9
vt 11.926199913024902 -9
vt 12.761699676513672 1
vt 13.510673522949219 1
vt 12.761699676513672 -9
vt 13.510673522949219 1
vt 13.510673522949219 -9
vt 12.761699676513672 -9
vt 13.510673522949219 1
vt 14.232194900512695 1
vt 13.510673522949219 -9
vt 14.232194900512695 1
vt 14.232194900512695 -9
vt 13.510673522949219 -9
vt 14.232194900512695 1
vt 14.926262855529785 1
vt 14.232194900512695 -9
vt 14.926262855529785 1
vt 14.926262855529785 -9
vt 14.232194900512695 -9
vt 14.926262855529785 1
vt 15.592877388000488 1
vt 14.926262855529785 -9
vt 15.592877388000488 1
vt 15.592877388000488 -9
vt 14.926262855529785 -9
vt 15.592877388000488 1
vt 16.232040405273438 1
vt 15.592877388000488 -9
vt 16.232040405273438 1
vt 16.232040405273438 -9
vt 15.592877388000488 -9
vt 16.232040405273438 1
vt 16.84375 1
vt 16.232040405273438 -9
vt 16.84375 1
vt 16.84375 -9
vt 16.232040405273438 -9
vt 16.84375 1
vt 17.428007125854492 1
vt 16.84375 -9
vt 17.428007125854492 1
vt 17.428007125854492 -9
vt 16.84375 -9
vt 17.428007125854492 1
vt 17.984811782836914 1
vt 17.428007125854492 -9
vt 17.984811782836914 1
vt 17.984811782836914 -9
vt 17.428007125854492 -9
vt 17.984811782836914 1
vt 18.514162063598633 1
vt 17.984811782836914 -9
vt 18.514162063598633 1
vt 18.514162063598633 -9
vt 17.984811782836914 -9
vt 18.514162063598633 1
vt 19.016061782836914 1
vt 18.514162063598633 -9
vt 19.016061782836914 1
vt 19.016061782836914 -9
vt 18.514162063598633 -9
vt 19.016061782836914 1
vt 19.490507125854492 1
vt 19.016061782836914 -9
vt 19.490507125854492 1
vt 19.490507125854492 -9
vt 19.016061782836914 -9
vt 19.490507125854492 1
vt 19.9375 1
vt 19.490507125854492 -9
vt 19.9375 1
vt 19.9375 -9
vt 19.490507125854492 -9
vt 2.3417999744415283 1
vt 2.8177378177642822 1
vt 2.3417999744415283 -9
vt 2.8177378177642822 1
vt 2.8177378177642822 -9
vt 2.3417999744415283 -9
vt 2.8177378177642822 1
vt 3.3217248916625977 1
vt 2.8177378177642822 -9
vt 3.3217248916625977 1
vt 3.3217248916625977 -9
vt 2.8177378177642822 -9
vt 3.3217248916625977 1
vt 3.8537611961364746 1
vt 3.3217248916625977 -9
vt 3.8537611961364746 1
vt 3.8537611961364746 -9
vt 3.3217248916625977 -9
vt 3.8537611961364746 1
vt 4.413846492767334 1
vt 3.8537611961364746 -9
vt 4.413846492767334 1
vt 4.413846492767334 -9
vt 3.8537611961364746 -9
vt 4.413846492767334 1
vt 5.001981258392334 1
vt 4.413846492767334 -9
vt 5.001981258392334 1
vt 5.001981258392334 -9
vt 4.413846492767334 -9
vt 5.001981258392334 1
vt 5.618165016174316 1
vt 5.001981258392334 -9
vt 5.618165016174316 1
vt 5.618165016174316 -9
vt 5.001981258392334 -9
vt 5.618165016174316 1
vt 6.262397766113281 1
vt 5.618165016174316 -9
vt 6.262397766113281 1
vt 6.262397766113281 -9
vt 5.618165016174316 -9
vt 6.262397766113281 1
vt 6.934679985046387 1
vt 6.262397766113281 -9
vt 6.934679985046387 1
vt 6.934679985046387 -9
vt 6.262397766113281 -9
vt 6.934679985046387 1
vt 7.635011196136475 1
vt 6.934679985046387 -9
vt 7.635011196136475 1
vt 7.635011196136475 -9
vt 6.934679985046387 -9
vt 7.635011196136475 1
vt 8.363391876220703 1
vt 7.635011196136475 -9
vt 8.363391876220703 1
vt 8.363391876220703 -9
vt 7.635011196136475 -9
vt 8.363391876220703 1
vt 9.119821548461914 1
vt 8.363391876220703 -9
vt 9.119821548461914 1
vt 9.119821548461914 -9
vt 8.363391876220703 -9
vt 9.119821548461914 1
vt 9.90429973602295 1
vt 9.119821548461914 -9
vt 9.90429973602295 1
vt 9.90429973602295 -9
vt 9.119821548461914 -9
vt 9.90429973602295 1
vt 10.629400253295898 1
vt 9.90429973602295 -9
vt 10.629400253295898 1
vt 10.629400253295898 -9
vt 9.90429973602295 -9
vt 9.194340705871582 1
vt 8.675806045532227 1
vt 9.194340705871582 -9
vt 8.675806045532227 1
vt 8.675806045532227 -9
vt 9.194340705871582 -9
vt 8.675806045532227 1
vt 8.176816940307617 1
vt 8.675806045532227 -9
vt 8.176816940307617 1
vt 8.176816940307617 -9
vt 8.675806045532227 -9
vt 8.176816940307617 1
vt 7.6973724365234375 1
vt 8.176816940307617 -9
vt 7.6973724365234375 1
vt 7.6973724365234375 -9
vt 8.176816940307617 -9
vt 7.6973724365234375 1
vt 7.2374725341796875 1
vt 7.6973724365234375 -9
vt 7.2374725341796875 1
vt 7.2374725341796875 -9
vt 7.6973724365234375 -9
vt 7.2374725341796875 1
vt 6.797117710113525 1
vt 7.2374725341796875 -9
vt 6.797117710113525 1
vt 6.797117710113525 -9
vt 7.2374725341796875 -9
vt 6.797117710113525 1
vt 6.376307487487793 1
vt 6.797117710113525 -9
vt 6.376307487487793 1
vt 6.376307487487793 -9
vt 6.797117710113525 -9
vt 6.376307487487793 1
vt 5.975042343139648 1
vt 6.376307487487793 -9
vt 5.975042343139648 1
vt 5.975042343139648 -9
vt 6.376307487487793 -9
vt 5.975042343139648 1
vt 5.593321800231934 1
vt 5.975042343139648 -9
vt 5.593321800231934 1
vt 5.593321800231934 -9
vt 5.975042343139648 -9
vt 5.593321800231934 1
vt 5.231146335601807 1
vt 5.593321800231934 -9
vt 5.231146335601807 1
vt 5.231146335601807 -9
vt 5.593321800231934 -9
vt 5.231146335601807 1
vt 4.888515949249268 1
vt 5.231146335601807 -9
vt 4.888515949249268 1
vt 4.888515949249268 -9
vt 5.231146335601807 -9
vt 4.888515949249268 1
vt 4.565430164337158 1
vt 4.888515949249268 -9
vt 4.565430164337158 1
vt 4.565430164337158 -9
vt 4.888515949249268 -9
vt 4.565430164337158 1
vt 4.265171527862549 1
vt 4.565430164337158 -9
vt 4.265171527862549 1
vt 4.265171527862549 -9
vt 4.565430164337158 -9
vt 16.742277145385742 1
vt 16.45224380493164 1
vt 16.742277145385742 -9
vt 16.45224380493164 1
vt 16.45224380493164 -9
vt 16.742277145385742 -9
vt 16.45224380493164 1
vt 16.14550018310547 1
vt 16.45224380493164 -9
vt 16.14550018310547 1
vt 16.14550018310547 -9
vt 16.45224380493164 -9
vt 16.14550018310547 1
vt 15.822044372558594 1
vt 16.14550018310547 -9
vt 15.822044372558594 1
vt 15.822044372558594 -9
vt 16.14550018310547 -9
vt 15.822044372558594 1
vt 15.481877326965332 1
vt 15.822044372558594 -9
vt 15.481877326965332 1
vt 15.481877326965332 -9
vt 15.822044372558594 -9
vt 15.481877326965332 1
vt 15.125 1
vt 15.481877326965332 -9
vt 15.125 1
vt 15.125 -9
vt 15.481877326965332 -9
vt 15.125 1
vt 14.751411437988281 1
vt 15.125 -9
vt 14.751411437988281 1
vt 14.751411437988281 -9
vt 15.125 -9
vt 14.751411437988281 1
vt 14.36111068725586 1
vt 14.751411437988281 -9
vt 14.36111068725586 1
vt 14.36111068725586 -9
vt 14.751411437988281 -9
vt 14.36111068725586 1
vt 13.954099655151367 1
vt 14.36111068725586 -9
vt 13.954099655151367 1
vt 13.954099655151367 -9
vt 14.36111068725586 -9
vt 13.954099655151367 1
vt 13.530377388000488 1
vt 13.954099655151367 -9
vt 13.530377388000488 1
vt 13.530377388000488 -9
vt 13.954099655151367 -9
vt 13.530377388000488 1
vt 13.089944839477539 1
vt 13.530377388000488 -9
vt 13.089944839477539 1
vt 13.089944839477539 -9
vt 13.530377388000488 -9
vt 13.089944839477539 1
vt 12.632800102233887 1
vt 13.089944839477539 -9
vt 12.632800102233887 1
vt 12.632800102233887 -9
vt 13.089944839477539 -9
vt 12.632800102233887 1
vt 12.33492660522461 1
vt 12.632800102233887 -9
vt 12.33492660522461 1
vt 12.33492660522461 -9
vt 12.632800102233887 -9
vt 12.33492660522461 1
vt 12.042871475219727 1
vt 12.33492660522461 -9
vt 12.042871475219727 1
vt 12.042871475219727 -9
vt 12.33492660522461 -9
vt 12.042871475219727 1
vt 11.756636619567871 1
vt 12.042871475219727 -9
vt 11.756636619567871 1
vt 11.756636619567871 -9
vt 12.042871475219727 -9
vt 11.756636619567871 1
vt 11.47622013092041 1
vt 11.756636619567871 -9
vt 11.47622013092041 1
vt 11.47622013092041 -9
vt 11.756636619567871 -9
vt 11.47622013092041 1
vt 11.20162296295166 1
vt 11.47622013092041 -9
vt 11.20162296295166 1
vt 11.20162296295166 -9
vt 11.47622013092041 -9
vt 11.20162296295166 1
vt 10.932845115661621 1
vt 11.20162296295166 -9
vt 10.932845115661621 1
vt 10.932845115661621 -9
vt 11.20162296295166 -9
vt 10.932845115661621 1
vt 10.669886589050293 1
vt 10.932845115661621 -9
vt 10.669886589050293 1
vt 10.669886589050293 -9
vt 10.932845115661621 -9
vt 10.669886589050293 1
vt 10.41274642944336 1
vt 10.669886589050293 -9
vt 10.41274642944336 1
vt 10.41274642944336 -9
vt 10.669886589050293 -9
vt 10.41274642944336 1
vt 10.161426544189453 1
vt 10.41274642944336 -9
vt 10.161426544189453 1
vt 10.161426544189453 -9
vt 10.41274642944336 -9
vt 10.161426544189453 1
vt 9.915925025939941 1
vt 10.161426544189453 -9
vt 9.915925025939941 1
vt 9.915925025939941 -9
vt 10.161426544189453 -9
vt 9.915925025939941 1
vt 9.67624282836914 1
vt 9.915925025939941 -9
vt 9.67624282836914 1
vt 9.67624282836914 -9
vt 9.915925025939941 -9
vt 9.67624282836914 1
vt 9.44237995147705 1
vt 9.67624282836914 -9
vt 9.44237995147705 1
vt 9.44237995147705 -9
vt 9.67624282836914 -9
vt 9.44237995147705 1
vt 9.215526580810547 1
vt 9.44237995147705 -9
vt 9.215526580810547 1
vt 9.215526580810547 -9
vt 9.44237995147705 -9
vt 9.215526580810547 1
vt 8.996878623962402 1
vt 9.215526580810547 -9
vt 8.996878623962402 1
vt 8.996878623962402 -9
vt 9.215526580810547 -9
vt 8.996878623962402 1
vt 8.786436080932617 1
vt 8.996878623962402 -9
vt 8.786436080932617 1
vt 8.786436080932617 -9
vt 8.996878623962402 -9
vt 4.265316486358643 1
vt 4.4735212326049805 1
vt 4.265316486358643 -9
vt 4.4735212326049805 1
vt 4.4735212326049805 -9
vt 4.265316486358643 -9
vt 4.4735212326049805 1
vt 4.692617416381836 1
vt 4.4735212326049805 -9
vt 4.692617416381836 1
vt 4.692617416381836 -9
vt 4.4735212326049805 -9
vt 4.692617416381836 1
vt 4.922605037689209 1
vt 4.692617416381836 -9
vt 4.922605037689209 1
vt 4.922605037689209 -9
vt 4.692617416381836 -9
vt 4.922605037689209 1
vt 5.1634840965271 1
vt 4.922605037689209 -9
vt 5.1634840965271 1
vt 5.1634840965271 -9
vt 4.922605037689209 -9
vt 5.1634840965271 1
vt 5.415254592895508 1
vt 5.1634840965271 -9
vt 5.415254592895508 1
vt 5.415254592895508 -9
vt 5.1634840965271 -9
vt 5.415254592895508 1
vt 5.677916049957275 1
vt 5.415254592895508 -9
vt 5.677916049957275 1
vt 5.677916049957275 -9
vt 5.415254592895508 -9
vt 5.677916049957275 1
vt 5.951469421386719 1
vt 5.677916049957275 -9
vt 5.951469421386719 1
vt 5.951469421386719 -9
vt 5.677916049957275 -9
vt 5.951469421386719 1
vt 6.23591423034668 1
vt 5.951469421386719 -9
vt 6.23591423034668 1
vt 6.23591423034668 -9
vt 5.951469421386719 -9
vt 6.23591423034668 1
vt 6.53125 1
vt 6.23591423034668 -9
vt 6.53125 1
vt 6.53125 -9
vt 6.23591423034668 -9
vt 6.53125 1
vt 6.835611820220947 1
vt 6.53125 -9
vt 6.835611820220947 1
vt 6.835611820220947 -9
vt 6.53125 -9
vt 6.835611820220947 1
vt 7.147134780883789 1
vt 6.835611820220947 -9
vt 7.147134780883789 1
vt 7.147134780883789 -9
vt 6.835611820220947 -9
vt 7.147134780883789 1
vt 7.465817928314209 1
vt 7.147134780883789 -9
vt 7.465817928314209 1
vt 7.465817928314209 -9
vt 7.147134780883789 -9
vt 7.465817928314209 1
vt 7.791662216186523 1
vt 7.465817928314209 -9
vt 7.791662216186523 1
vt 7.791662216186523 -9
vt 7.465817928314209 -9
vt 7.791662216186523 1
vt 8.124667167663574 1
vt 7.791662216186523 -9
vt 8.124667167663574 1
vt 8.124667167663574 -9
vt 7.791662216186523 -9
vt 8.124667167663574 1
vt 8.464832305908203 1
vt 8.124667167663574 -9
vt 8.464832305908203 1
vt 8.464832305908203 -9
vt 8.124667167663574 -9
vt 8.464832305908203 1
vt 8.812158584594727 1
vt 8.464832305908203 -9
vt 8.812158584594727 1
vt 8.812158584594727 -9
vt 8.464832305908203 -9
vt 8.812158584594727 1
vt 9.166646003723145 1
vt 8.812158584594727 -9
vt 9.166646003723145 1
vt 9.166646003723145 -9
vt 8.812158584594727 -9
vt 9.166646003723145 1
vt 9.528292655944824 1
vt 9.166646003723145 -9
vt 9.528292655944824 1
vt 9.528292655944824 -9
vt 9.166646003723145 -9
vt 9.528292655944824 1
vt 9.897101402282715 1
vt 9.528292655944824 -9
vt 9.897101402282715 1
vt 9.897101402282715 -9
vt 9.528292655944824 -9
vt 9.897101402282715 1
vt 10.273070335388184 1
vt 9.897101402282715 -9
vt 10.273070335388184 1
vt 10.273070335388184 -9
vt 9.897101402282715 -9
vt 10.273070335388184 1
vt 10.656200408935547 1
vt 10.273070335388184 -9
vt 10.656200408935547 1
vt 10.656200408935547 -9
vt 10.273070335388184 -9
vt 10.656200408935547 1
vt 11.10983657836914 1
vt 10.656200408935547 -9
vt 11.10983657836914 1
vt 11.10983657836914 -9
vt 10.656200408935547 -9
vt 11.10983657836914 1
vt 11.546911239624023 1
vt 11.10983657836914 -9
vt 11.546911239624023 1
vt 11.546911239624023 -9
vt 11.10983657836914 -9
vt 11.546911239624023 1
vt 11.967425346374512 1
vt 11.546911239624023 -9
vt 11.967425346374512 1
vt 11.967425346374512 -9
vt 11.546911239624023 -9
vt 11.967425346374512 1
vt 12.371377944946289 1
vt 11.967425346374512 -9
vt 12.371377944946289 1
vt 12.371377944946289 -9
vt 11.967425346374512 -9
vt 12.371377944946289 1
vt 12.758769035339355 1
vt 12.371377944946289 -9
vt 12.758769035339355 1
vt 12.758769035339355 -9
vt 12.371377944946289 -9
vt 12.758769035339355 1
vt 13.129599571228027 1
vt 12.758769035339355 -9
vt 13.129599571228027 1
vt 13.129599571228027 -9
vt 12.758769035339355 -9
vt 13.129599571228027 1
vt 13.483869552612305 1
vt 13.129599571228027 -9
vt 13.483869552612305 1
vt 13.483869552612305 -9
vt 13.129599571228027 -9
vt 13.483869552612305 1
vt 13.821578025817871 1
vt 13.483869552612305 -9
vt 13.821578025817871 1
vt 13.821578025817871 -9
vt 13.483869552612305 -9
vt 13.821578025817871 1
vt 14.142724990844727 1
vt 13.821578025817871 -9
vt 14.142724990844727 1
vt 14.142724990844727 -9
vt 13.821578025817871 -9
vt 14.142724990844727 1
vt 14.447311401367188 1
vt 14.142724990844727 -9
vt 14.447311401367188 1
vt 14.447311401367188 -9
vt 14.142724990844727 -9
vt 14.447311401367188 1
vt 14.735336303710938 1
vt 14.447311401367188 -9
vt 14.735336303710938 1
vt 14.735336303710938 -9
vt 14.447311401367188 -9
vt 14.735336303710938 1
vt 15.006799697875977 1
vt 14.735336303710938 -9
vt 15.006799697875977 1
vt 15.006799697875977 -9
vt 14.735336303710938 -9
vt 8.131839752197266 1
vt 8.416583061218262 1
vt 8.131839752197266 -9
vt 8.416583061218262 1
vt 8.416583061218262 -9
vt 8.131839752197266 -9
vt 8.416583061218262 1
vt 8.715797424316406 1
vt 8.416583061218262 -9
vt 8.715797424316406 1
vt 8.715797424316406 -9
vt 8.416583061218262 -9
vt 8.715797424316406 1
vt 9.029483795166016 1
vt 8.715797424316406 -9
vt 9.029483795166016 1
vt 9.029483795166016 -9
vt 8.715797424316406 -9
vt 9.029483795166016 1
vt 9.35764217376709 1
vt 9.029483795166016 -9
vt 9.35764217376709 1
vt 9.35764217376709 -9
vt 9.029483795166016 -9
vt 9.35764217376709 1
vt 9.700272560119629 1
vt 9.35764217376709 -9
vt 9.700272560119629 1
vt 9.700272560119629 -9
vt 9.35764217376709 -9
vt 9.700272560119629 1
vt 10.057374954223633 1
vt 9.700272560119629 -9
vt 10.057374954223633 1
vt 10.057374954223633 -9
vt 9.700272560119629 -9
vt 10.057374954223633 1
vt 10.428949356079102 1
vt 10.057374954223633 -9
vt 10.428949356079102 1
vt 10.428949356079102 -9
vt 10.057374954223633 -9
vt 10.428949356079102 1
vt 10.814995765686035 1
vt 10.428949356079102 -9
vt 10.814995765686035 1
vt 10.814995765686035 -9
vt 10.428949356079102 -9
vt 10.814995765686035 1
vt 11.215514183044434 1
vt 10.814995765686035 -9
vt 11.215514183044434 1
vt 11.215514183044434 -9
vt 10.814995765686035 -9
vt 11.215514183044434 1
vt 11.63050365447998 1
vt 11.215514183044434 -9
vt 11.63050365447998 1
vt 11.63050365447998 -9
vt 11.215514183044434 -9
vt 11.63050365447998 1
vt 12.059966087341309 1
vt 11.63050365447998 -9
vt 12.059966087341309 1
vt 12.059966087341309 -9
vt 11.63050365447998 -9
vt 12.059966087341309 1
vt 12.503899574279785 1
vt 12.059966087341309 -9
vt 12.503899574279785 1
vt 12.503899574279785 -9
vt 12.059966087341309 -9
vt 12.503899574279785 1
vt 12.974913597106934 1
vt 12.503899574279785 -9
vt 12.974913597106934 1
vt 12.974913597106934 -9
vt 12.503899574279785 -9
vt 12.974913597106934 1
vt 13.428321838378906 1
vt 12.974913597106934 -9
vt 13.428321838378906 1
vt 13.428321838378906 -9
vt 12.974913597106934 -9
vt 13.428321838378906 1
vt 13.86412525177002 1
vt 13.428321838378906 -9
vt 13.86412525177002 1
vt 13.86412525177002 -9
vt 13.428321838378906 -9
vt 13.86412525177002 1
vt 14.28232192993164 1
vt 13.86412525177002 -9
vt 14.28232192993164 1
vt 14.28232192993164 -9
vt 13.86412525177002 -9
vt 14.28232192993164 1
vt 14.682913780212402 1
vt 14.28232192993164 -9
vt 14.682913780212402 1
vt 14.682913780212402 -9
vt 14.28232192993164 -9
vt 14.682913780212402 1
vt 15.065899848937988 1
vt 14.682913780212402 -9
vt 15.065899848937988 1
vt 15.065899848937988 -9
vt 14.682913780212402 -9
vt 15.065899848937988 1
vt 15.431280136108398 1
vt 15.065899848937988 -9
vt 15.431280136108398 1
vt 15.431280136108398 -9
vt 15.065899848937988 -9
vt 15.431280136108398 1
vt 15.77905559539795 1
vt 15.431280136108398 -9
vt 15.77905559539795 1
vt 15.77905559539795 -9
vt 15.431280136108398 -9
vt 15.77905559539795 1
vt 16.109224319458008 1
vt 15.77905559539795 -9
vt 16.109224319458008 1
vt 16.109224319458008 -9
vt 15.77905559539795 -9
vt 16.109224319458008 1
vt 16.421789169311523 1
vt 16.109224319458008 -9
vt 16.421789169311523 1
vt 16.421789169311523 -9
vt 16.109224319458008 -9
vt 16.421789169311523 1
vt 16.716747283935547 1
vt 16.421789169311523 -9
vt 16.716747283935547 1
vt 16.716747283935547 -9
vt 16.421789169311523 -9
vt 15.087516784667969 1
vt 14.80270004272461 1
vt 15.087516784667969 -9
vt 14.80270004272461 1
vt 14.80270004272461 -9
vt 15.087516784667969 -9
vt 14.80270004272461 1
vt 14.49505615234375 1
vt 14.80270004272461 -9
vt 14.49505615234375 1
vt 14.49505615234375 -9
vt 14.80270004272461 -9
vt 14.49505615234375 1
vt 14.166525840759277 1
vt 14.49505615234375 -9
vt 14.166525840759277 1
vt 14.166525840759277 -9
vt 14.49505615234375 -9
vt 14.166525840759277 1
vt 13.817107200622559 1
vt 14.166525840759277 -9
vt 13.817107200622559 1
vt 13.817107200622559 -9
vt 14.166525840759277 -9
vt 13.817107200622559 1
vt 13.446802139282227 1
vt 13.817107200622559 -9
vt 13.446802139282227 1
vt 13.446802139282227 -9
vt 13.817107200622559 -9
vt 13.446802139282227 1
vt 13.055609703063965 1
vt 13.446802139282227 -9
vt 13.055609703063965 1
vt 13.055609703063965 -9
vt 13.446802139282227 -9
vt 13.055609703063965 1
vt 12.643529891967773 1
vt 13.055609703063965 -9
vt 12.643529891967773 1
vt 12.643529891967773 -9
vt 13.055609703063965 -9
vt 12.643529891967773 1
vt 12.210562705993652 1
vt 12.643529891967773 -9
vt 12.210562705993652 1
vt 12.210562705993652 -9
vt 12.643529891967773 -9
vt 12.210562705993652 1
vt 11.756709098815918 1
vt 12.210562705993652 -9
vt 11.756709098815918 1
vt 11.756709098815918 -9
vt 12.210562705993652 -9
vt 11.756709098815918 1
vt 11.281967163085938 1
vt 11.756709098815918 -9
vt 11.281967163085938 1
vt 11.281967163085938 -9
vt 11.756709098815918 -9
vt 11.281967163085938 1
vt 10.786338806152344 1
vt 11.281967163085938 -9
vt 10.786338806152344 1
vt 10.786338806152344 -9
vt 11.281967163085938 -9
vt 10.786338806152344 1
vt 10.26982307434082 1
vt 10.786338806152344 -9
vt 10.26982307434082 1
vt 10.26982307434082 -9
vt 10.786338806152344 -9
vt 10.26982307434082 1
vt 9.732419967651367 1
vt 10.26982307434082 -9
vt 9.732419967651367 1
vt 9.732419967651367 -9
vt 10.26982307434082 -9
vt 9.732419967651367 1
vt 9.194340705871582 1
vt 9.732419967651367 -9
vt 9.194340705871582 1
vt 9.194340705871582 -9
vt 9.732419967651367 -9
vn 0 0 -1
vn 0 0 -1
vn 0 0 -1
vn 0 0 -1
vn 0 0 -1
vn 0 0 -1
vn 0 0 -1
vn 0 0 -1
vn 0 0 -1
vn 0 0 -1
vn 0 0 -1
vn 0 0 -1
vn 0 0 -1
vn 0 0 -1
vn 0 0 -1
vn 0 0 -1
vn 0 0 -1
vn 0 0 -1
vn 0 0 -1
vn 0 0 -1
vn 0 0 -1
vn 0 0 -1
vn 0 0 -1
vn 0 0 -1
vn 0 0 -1
vn 0 0 -1
vn 0 0 -1
vn 0 0 -1
vn 0 0 -1
vn 0 0 -1
vn 0 0 -1
vn 0 0 -1
vn 0 0 -1
vn 0 0 -1
vn 0 0 -1
vn 0 0 -1
vn 0 0 -1
vn 0 0 -1
vn 0 0 -1
vn 0 0 -1
vn 0 0 -1
vn 0 0 -1
vn 0 0 -1
vn 0 0 -1
vn 0 0 -1
vn 0 0 -1
vn 0 0 -1
vn 0 0 -1
vn 0 0 -1
vn 0 0 -1
vn 0 0 -1
vn 0 0 -1
vn 0 0 -1
vn 0 0 -1
vn 0 0 -1
vn 0 0 -1
vn 0 0 -1
vn 0 0 -1
vn 0 0 -1
vn 0 0 -1
vn 0 0 -1
vn 0 0 -1
vn 0 0 -1
vn 0 0 -1
vn 0 0 -1
vn 0 0 -1
vn 0 0 -1
vn 0 0 -1
vn 0 0 -1
vn 0 0 -1
vn 0 0 -1
vn 0 0 -1
vn 0 0 -1
vn 0 0 -1
vn 0 0 -1
vn 0 0 -1
vn 0 0 -1
vn 0 0 -1
vn 0 0 -1
vn 0 0 -1
vn 0 0 -1
vn 0 0 -1
vn 0 0 -1
vn 0 0 -1
vn 0 0 -1
vn 0 0 -1
vn 0 0 -1
vn 0 0 -1
vn 0 0 -1
vn 0 0 -1
vn 0 0 -1
vn 0 0 -1
vn 0 0 -1
vn 0 0 -1
vn 0 0 -1
vn 0 0 -1
vn 0 0 -1
vn 0 0 -1
vn 0 0 -1
vn 0 0 -1
vn 0 0 -1
vn 0 0 -1
vn 0 0 -1
vn 0 0 -1
vn 0 0 -1
vn 0 0 -1
vn 0 0 -1
vn 0 0 -1
vn 0 0 -1
vn 0 0 -1
vn 0 0 -1
vn 0 0 -1
vn 0 0 -1
vn 0 0 -1
vn 0 0 -1
vn 0 0 -1
vn 0 0 -1
vn 0 0 -1
vn 0 0 -1
vn 0 0 -1
vn 0 0 -1
vn 0 0 -1
vn 0 0 -1
vn 0 0 -1
vn 0 0 -1
vn 0 0 -1
vn 0 0 -1
vn 0 0 -1
vn 0 0 -1
vn 0 0 -1
vn 0 0 -1
vn 0 0 -1
vn 0 0 -1
vn 0 0 -1
vn 0 0 -1
vn 0 0 -1
vn 0 0 -1
vn 0 0 -1
vn 0 0 -1
vn 0 0 -1
vn 0 0 -1
vn 0 0 -1
vn 0 0 -1
vn 0 0 -1
vn 0 0 -1
vn 0 0 -1
vn 0 0 -1
vn 0 0 -1
vn 0 0 -1
vn 0 0 -1
vn 0 0 -1
vn 0 0 -1
vn 0 0 -1
vn 0 0 -1
vn 0 0 -1
vn 0 0 -1
vn 0 0 -1
vn 0 0 -1
vn 0 0 -1
vn 0 0 -1
vn 0 0 -1
vn 0 0 -1
vn 0 0 -1
vn 0 0 -1
vn 0 0 -1
vn 0 0 -1
vn 0 0 -1
vn 0 0 -1
vn 0 0 -1
vn 0 0 -1
vn 0 0 -1
vn 0 0 -1
vn 0 0 -1
vn 0 0 -1
vn 0 0 -1
vn 0 0 -1
vn 0 0 -1
vn 0 0 -1
vn 0 0 -1
vn 0 0 -1
vn 0 0 -1
vn 0 0 -1
vn 0 0 -1
vn 0 0 -1
vn 0 0 -1
vn 0 0 -1
vn 0 0 -1
vn 0 0 -1
vn 0 0 -1
vn 0 0 -1
vn 0 0 -1
vn 0 0 -1
vn 0 0 -1
vn 0 0 -1
vn 0 0 -1
vn 0 0 -1
vn 0 0 -1
vn 0 0 -1
vn 0 0 -1
vn 0 0 -1
vn 0 0 -1
vn 0 0 -1
vn 0 0 -1
vn 0 0 -1
vn 0 0 -1
vn 0 0 -1
vn 0 0 -1
vn 0 0 -1
vn 0 0 -1
vn 0 0 -1
vn 0 0 -1
vn 0 0 -1
vn 0 0 -1
vn 0 0 -1
vn 0 0 -1
vn 0 0 -1
vn 0 0 -1
vn 0 0 -1
vn 0 0 -1
vn 0 0 -1
vn 0 0 -1
vn 0 0 -1
vn 0 0 -1
vn 0 0 -1
vn 0 0 -1
vn 0 0 -1
vn 0 0 -1
vn 0 0 -1
vn 0 0 -1
vn 0 0 -1
vn 0 0 -1
vn 0 0 -1
vn 0 0 -1
vn 0 0 -1
vn 0 0 -1
vn 0 0 -1
vn 0 0 -1
vn 0 0 -1
vn 0 0 -1
vn 0 0 -1
vn 0 0 -1
vn 0 0 -1
vn 0 0 -1
vn 0 0 -1
vn 0 0 -1
vn 0 0 -1
vn 0 0 -1
vn 0 0 -1
vn 0 0 -1
vn 0 0 -1
vn 0 0 -1
vn 0 0 -1
vn 0 0 -1
vn 0 0 -1
vn 0 0 -1
vn 0 0 -1
vn 0 0 -1
vn 0 0 -1
vn 0 0 -1
vn 0 0 -1
vn 0 0 -1
vn 0 0 -1
vn 0 0 -1
vn 0 0 -1
vn 0 0 -1
vn 0 0 -1
vn 0 0 -1
vn 0 0 -1
vn 0 0 -1
vn 0 0 -1
vn 0 0 -1
vn 0 0 -1
vn 0 0 -1
vn 0 0 -1
vn 0 0 -1
vn 0 0 -1
vn 0 0 -1
vn 0 0 -1
vn 0 0 -1
vn 0 0 -1
vn 0 0 -1
vn 0 0 -1
vn 0 0 -1
vn 0 0 -1
vn 0 0 -1
vn 0 0 -1
vn 0 0 -1
vn 0 0 -1
vn 0 0 -1
vn 0 0 -1
vn 0 0 -1
vn 0 0 -1
vn 0 0 -1
vn 0 0 -1
vn 0 0 -1
vn 0 0 -1
vn 0 0 -1
vn 0 0 -1
vn 0 0 -1
vn 0 0 -1
vn 0 0 -1
vn 0 0 -1
vn 0 0 -1
vn 0 0 -1
vn 0 0 -1
vn 0 0 -1
vn 0 0 -1
vn 0 0 -1
vn 0 0 -1
vn 0 0 -1
vn 0 0 -1
vn 0 0 -1
vn 0 0 -1
vn 0 0 -1
vn 0 0 -1
vn 0 0 -1
vn 0 0 -1
vn 0 0 -1
vn 0 0 -1
vn 0 0 -1
vn 0 0 -1
vn 0 0 -1
vn 0 0 -1
vn 0 0 -1
vn 0 0 -1
vn 0 0 -1
vn 0 0 -1
vn 0 0 -1
vn 0 0 -1
vn 0 0 -1
vn 0 0 -1
vn 0 0 -1
vn 0 0 -1
vn 0 0 -1
vn 0 0 -1
vn 0 0 -1
vn 0 0 -1
vn 0 0 -1
vn 0 0 -1
vn 0 0 -1
vn 0 0 -1
vn 0 0 -1
vn 0 0 -1
vn 0 0 -1
vn 0 0 -1
vn 0 0 -1
vn 0 0 -1
vn 0 0 -1
vn 0 0 -1
vn 0 0 -1
vn 0 0 -1
vn 0 0 -1
vn 0 0 -1
vn 0 0 -1
vn 0 0 -1
vn 0 0 -1
vn 0 0 -1
vn 0 0 -1
vn 0 0 -1
vn 0 0 -1
vn 0 0 -1
vn 0 0 -1
vn 0 0 -1
vn 0 0 -1
vn 0 0 -1
vn 0 0 -1
vn 0 0 -1
vn 0 0 -1
vn 0 0 -1
vn 0 0 -1
vn 0 0 -1
vn 0 0 -1
vn 0 0 -1
vn 0 0 -1
vn 0 0 -1
vn 0 0 -1
vn 0 0 -1
vn 0 0 -1
vn 0 0 -1
vn 0 0 -1
vn 0 0 -1
vn 0 0 -1
vn 0 0 -1
vn 0 0 -1
vn 0 0 -1
vn 0 0 -1
vn 0 0 -1
vn 0 0 -1
vn 0 0 -1
vn 0 0 -1
vn 0 0 -1
vn 0 0 -1
vn 0 0 -1
vn 0 0 -1
vn 0 0 -1
vn 0 0 -1
vn 0 0 -1
vn 0 0 -1
vn 0 0 -1
vn 0 0 -1
vn 0 0 -1
vn 0 0 -1
vn 0 0 -1
vn 0 0 -1
vn 0 0 -1
vn 0 0 -1
vn 0 0 -1
vn 0 0 -1
vn 0 0 -1
vn 0 0 -1
vn 0 0 -1
vn 0 0 -1
vn 0 0 -1
vn 0 0 -1
vn 0 0 -1
vn 0 0 -1
vn 0 0 -1
vn 0 0 -1
vn 0 0 -1
vn 0 0 -1
vn 0 0 -1
vn 0 0 -1
vn 0 0 -1
vn 0 0 -1
vn 0 0 -1
vn 0 0 -1
vn 0 0 -1
vn 0 0 -1
vn 0 0 -1
vn 0 0 -1
vn 0 0 -1
vn 0 0 -1
vn 0 0 -1
vn 0 0 -1
vn 0 0 -1
vn 0 0 -1
vn 0 0 -1
vn 0 0 -1
vn 0 0 -1
vn 0 0 -1
vn 0 0 -1
vn 0 0 -1
vn 0 0 -1
vn 0 0 -1
vn 0 0 -1
vn 0 0 -1
vn 0 0 -1
vn 0 0 -1
vn 0 0 -1
vn 0 0 -1
vn 0 0 -1
vn 0 0 -1
vn 0 0 -1
vn 0 0 -1
vn 0 0 -1
vn 0 0 -1
vn 0 0 -1
vn 0 0 -1
vn 0 0 -1
vn 0 0 -1
vn 0 0 -1
vn 0 0 -1
vn 0 0 -1
vn 0 0 -1
vn 0 0 -1
vn 0 0 -1
vn 0 0 -1
vn 0 0 -1
vn 0 0 -1
vn 0 0 -1
vn 0 0 -1
vn 0 0 -1
vn 0 0 -1
vn 0 0 -1
vn 0 0 -1
vn 0 0 -1
vn 0 0 -1
vn 0 0 -1
vn 0 0 -1
vn 0 0 -1
vn 0 0 -1
vn 0 0 -1
vn 0 0 -1
vn 0 0 -1
vn 0 0 -1
vn 0 0 -1
vn 0 0 -1
vn 0 0 -1
vn 0 0 -1
vn 0 0 -1
vn 0 0 -1
vn 0 0 -1
vn 0 0 -1
vn 0 0 -1
vn 0 0 -1
vn 0 0 -1
vn 0 0 -1
vn 0 0 -1
vn 0 0 -1
vn 0 0 -1
vn 0 0 -1
vn 0 0 -1
vn 0 0 -1
vn 0 0 -1
vn 0 0 -1
vn 0 0 -1
vn 0 0 -1
vn 0 0 -1
vn 0 0 -1
vn 0 0 -1
vn 0 0 -1
vn 0 0 -1
vn 0 0 -1
vn 0 0 -1
vn 0 0 -1
vn 0 0 -1
vn 0 0 -1
vn 0 0 -1
vn 0 0 -1
vn 0 0 -1
vn 0 0 -1
vn 0 0 -1
vn 0 0 -1
vn 0 0 -1
vn 0 0 -1
vn 0 0 -1
vn 0 0 -1
vn 0 0 -1
vn 0 0 -1
vn 0 0 -1
vn 0 0 -1
vn 0 0 -1
vn 0 0 -1
vn 0 0 -1
vn 0 0 -1
vn 0 0 -1
vn 0 0 -1
vn 0 0 -1
vn 0 0 -1
vn 0 0 -1
vn 0 0 -1
vn 0 0 -1
vn 0 0 -1
vn 0 0 -1
vn 0 0 -1
vn 0 0 -1
vn 0 0 -1
vn 0 0 -1
vn 0 0 -1
vn 0 0 -1
vn 0 0 -1
vn 0 0 -1
vn 0 0 -1
vn 0 0 -1
vn 0 0 -1
vn 0 0 -1
vn 0 0 -1
vn 0 0 -1
vn 0 0 -1
vn 0 0 -1
vn 0 0 -1
vn 0 0 -1
vn 0 0 -1
vn 0 0 -1
vn 0 0 -1
vn 0 0 -1
vn 0 0 -1
vn 0 0 -1
vn 0 0 -1
vn 0 0 -1
vn 0 0 -1
vn 0 0 -1
vn 0 0 -1
vn 0 0 -1
vn 0 0 -1
vn 0 0 -1
vn 0 0 -1
vn 0 0 -1
vn 0 0 -1
vn 0 0 -1
vn 0 0 -1
vn 0 0 -1
vn 0 0 -1
vn 0 0 -1
vn 0 0 -1
vn 0 0 -1
vn 0 0 -1
vn 0 0 -1
vn 0 0 -1
vn 0 0 -1
vn 0 0 -1
vn 0 0 -1
vn 0 0 -1
vn 0 0 -1
vn 0 0 -1
vn 0 0 -1
vn 0 0 -1
vn 0 0 -1
vn 0 0 -1
vn 0 0 -1
vn 0 0 -1
vn 0 0 -1
vn 0 0 -1
vn 0 0 -1
vn 0 0 -1
vn 0 0 -1
vn 0 0 -1
vn 0 0 -1
vn 0 0 -1
vn 0 0 -1
vn 0 0 -1
vn 0 0 -1
vn 0 0 -1
vn 0 0 -1
vn 0 0 -1
vn 0 0 -1
vn 0 0 -1
vn 0 0 -1
vn 0 0 -1
vn 0 0 -1
vn 0 0 -1
vn 0 0 -1
vn 0 0 -1
vn 0 0 -1
vn 0 0 -1
vn 0 0 -1
vn 0 0 -1
vn 0 0 -1
vn 0 0 -1
vn 0 0 -1
vn 0 0 -1
vn 0 0 -1
vn 0 0 -1
vn 0 0 -1
vn 0 0 -1
vn 0 0 -1
vn 0 0 -1
vn 0 0 -1
vn 0 0 -1
vn 0 0 -1
vn 0 0 -1
vn 0 0 -1
vn 0 0 -1
vn 0 0 -1
vn 0 0 -1
vn 0 0 -1
vn 0 0 -1
vn 0 0 -1
vn 0 0 -1
vn 0 0 -1
vn 0 0 -1
vn 0 0 -1
vn 0 0 -1
vn 0 0 -1
vn 0 0 -1
vn 0 0 -1
vn 0 0 -1
vn 0 0 -1
vn 0 0 -1
vn 0 0 -1
vn 0 0 -1
vn 0 0 -1
vn 0 0 -1
vn 0 0 -1
vn 0 0 -1
vn 0 0 -1
vn 0 0 -1
vn 0 0 -1
vn 0 0 -1
vn 0 0 -1
vn 0 0 -1
vn 0 0 -1
vn 0 0 -1
vn 0 0 -1
vn 0 0 -1
vn 0 0 -1
vn 0 0 -1
vn 0 0 -1
vn 0 0 -1
vn 0 0 -1
vn 0 0 -1
vn 0 0 -1
vn 0 0 -1
vn 0 0 -1
vn 0 0 -1
vn 0 0 -1
vn 0 0 -1
vn 0 0 -1
vn 0 0 -1
vn 0 0 -1
vn 0 0 -1
vn 0 0 -1
vn 0 0 -1
vn 0 0 -1
vn 0 0 -1
vn 0 0 -1
vn 0 0 -1
vn 0 0 -1
vn 0 0 -1
vn 0 0 -1
vn 0 0 -1
vn 0 0 -1
vn 0 0 -1
vn 0 0 -1
vn 0 0 -1
vn 0 0 -1
vn 0 0 -1
vn 0 0 -1
vn 0 0 -1
vn 0 0 -1
vn 0 0 -1
vn 0 0 -1
vn 0 0 -1
vn 0 0 -1
vn 0 0 -1
vn 0 0 -1
vn 0 0 -1
vn 0 0 -1
vn 0 0 -1
vn 0 0 -1
vn 0 0 -1
vn 0 0 -1
vn 0 0 -1
vn 0 0 -1
vn 0 0 -1
vn 0 0 -1
vn 0 0 -1
vn 0 0 -1
vn 0 0 -1
vn 0 0 -1
vn 0 0 -1
vn 0 0 -1
vn 0 0 -1
vn 0 0 -1
vn 0 0 -1
vn 0 0 -1
vn 0 0 -1
vn 0 0 -1
vn 0 0 -1
vn 0 0 -1
vn 0 0 -1
vn 0 0 -1
vn 0 0 -1
vn 0 0 -1
vn 0 0 -1
vn 0 0 -1
vn 0 0 -1
vn 0 0 -1
vn 0 0 -1
vn 0 0 -1
vn 0 0 -1
vn 0 0 -1
vn 0 0 -1
vn 0 0 -1
vn 0 0 -1
vn 0 0 -1
vn 0 0 -1
vn 0 0 -1
vn 0 0 -1
vn 0 0 -1
vn 0 0 -1
vn 0 0 -1
vn 0 0 -1
vn 0 0 -1
vn 0 0 -1
vn 0 0 -1
vn 0 0 -1
vn 0 0 -1
vn 0 0 -1
vn 0 0 -1
vn 0 0 -1
vn 0 0 -1
vn 0 0 -1
vn 0 0 -1
vn 0 0 -1
vn 0 0 -1
vn 0 0 -1
vn 0 0 -1
vn 0 0 -1
vn 0 0 -1
vn 0 0 -1
vn 0 0 -1
vn 0 0 -1
vn 0 0 -1
vn 0 0 -1
vn 0 0 -1
vn 0 0 -1
vn 0 0 -1
vn 0 0 -1
vn 0 0 -1
vn 0 0 -1
vn 0 0 -1
vn 0 0 -1
vn 0 0 -1
vn 0 0 -1
vn 0 0 -1
vn 0 0 -1
vn 0 0 -1
vn 0 0 -1
vn 0 0 -1
vn 0 0 -1
vn 0 0 -1
vn 0 0 -1
vn 0 0 -1
vn 0 0 -1
vn 0 0 -1
vn 0 0 -1
vn 0 0 -1
vn 0 0 -1
vn 0 0 -1
vn 0 0 -1
vn 0 0 -1
vn 0 0 -1
vn 0 0 -1
vn 0 0 -1
vn 0 0 -1
vn 0 0 -1
vn 0 0 -1
vn 0 0 -1
vn 0 0 -1
vn 0 0 -1
vn 0 0 -1
vn 0 0 -1
vn 0 0 -1
vn 0 0 -1
vn 0 0 -1
vn 0 0 -1
vn 0 0 -1
vn 0 0 -1
vn 0 0 -1
vn 0 0 -1
vn 0 0 -1
vn 0 0 -1
vn 0 0 -1
vn 0 0 -1
vn 0 0 -1
vn 0 0 -1
vn 0 0 -1
vn 0 0 -1
vn 0 0 -1
vn 0 0 -1
vn 0 0 -1
vn 0 0 -1
vn 0 0 -1
vn 0 0 -1
vn 0 0 -1
vn 0 0 -1
vn 0 0 -1
vn 0 0 -1
vn 0 0 -1
vn 0 0 -1
vn 0 0 -1
vn 0 0 -1
vn 0 0 -1
vn 0 0 -1
vn 0 0 -1
vn 0 0 -1
vn 0 0 -1
vn 0 0 -1
vn 0 0 -1
vn 0 0 -1
vn 0 0 -1
vn 0 0 -1
vn 0 0 -1
vn 0 0 -1
vn 0 0 -1
vn 0 0 -1
vn 0 0 1
vn 0 0 1
vn 0 0 1
vn 0 0 1
vn 0 0 1
vn 0 0 1
vn 0 0 1
vn 0 0 1
vn 0 0 1
vn 0 0 1
vn 0 0 1
vn 0 0 1
vn 0 0 1
vn 0 0 1
vn 0 0 1
vn 0 0 1
vn 0 0 1
vn 0 0 1
vn 0 0 1
vn 0 0 1
vn 0 0 1
vn 0 0 1
vn 0 0 1
vn 0 0 1
vn 0 0 1
vn 0 0 1
vn 0 0 1
vn 0 0 1
vn 0 0 1
vn 0 0 1
vn 0 0 1
vn 0 0 1
vn 0 0 1
vn 0 0 1
vn 0 0 1
vn 0 0 1
vn 0 0 1
vn 0 0 1
vn 0 0 1
vn 0 0 1
vn 0 0 1
vn 0 0 1
vn 0 0 1
vn 0 0 1
vn 0 0 1
vn 0 0 1
vn 0 0 1
vn 0 0 1
vn 0 0 1
vn 0 0 1
vn 0 0 1
vn 0 0 1
vn 0 0 1
vn 0 0 1
vn 0 0 1
vn 0 0 1
vn 0 0 1
vn 0 0 1
vn 0 0 1
vn 0 0 1
vn 0 0 1
vn 0 0 1
vn 0 0 1
vn 0 0 1
vn 0 0 1
vn 0 0 1
vn 0 0 1
vn 0 0 1
vn 0 0 1
vn 0 0 1
vn 0 0 1
vn 0 0 1
vn 0 0 1
vn 0 0 1
vn 0 0 1
vn 0 0 1
vn 0 0 1
vn 0 0 1
vn 0 0 1
vn 0 0 1
vn 0 0 1
vn 0 0 1
vn 0 0 1
vn 0 0 1
vn 0 0 1
vn 0 0 1
vn 0 0 1
vn 0 0 1
vn 0 0 1
vn 0 0 1
vn 0 0 1
vn 0 0 1
vn 0 0 1
vn 0 0 1
vn 0 0 1
vn 0 0 1
vn 0 0 1
vn 0 0 1
vn 0 0 1
vn 0 0 1
vn 0 0 1
vn 0 0 1
vn 0 0 1
vn 0 0 1
vn 0 0 1
vn 0 0 1
vn 0 0 1
vn 0 0 1
vn 0 0 1
vn 0 0 1
vn 0 0 1
vn 0 0 1
vn 0 0 1
vn 0 0 1
vn 0 0 1
vn 0 0 1
vn 0 0 1
vn 0 0 1
vn 0 0 1
vn 0 0 1
vn 0 0 1
vn 0 0 1
vn 0 0 1
vn 0 0 1
vn 0 0 1
vn 0 0 1
vn 0 0 1
vn 0 0 1
vn 0 0 1
vn 0 0 1
vn 0 0 1
vn 0 0 1
vn 0 0 1
vn 0 0 1
vn 0 0 1
vn 0 0 1
vn 0 0 1
vn 0 0 1
vn 0 0 1
vn 0 0 1
vn 0 0 1
vn 0 0 1
vn 0 0 1
vn 0 0 1
vn 0 0 1
vn 0 0 1
vn 0 0 1
vn 0 0 1
vn 0 0 1
vn 0 0 1
vn 0 0 1
vn 0 0 1
vn 0 0 1
vn 0 0 1
vn 0 0 1
vn 0 0 1
vn 0 0 1
vn 0 0 1
vn 0 0 1
vn 0 0 1
vn 0 0 1
vn 0 0 1
vn 0 0 1
vn 0 0 1
vn 0 0 1
vn 0 0 1
vn 0 0 1
vn 0 0 1
vn 0 0 1
vn 0 0 1
vn 0 0 1
vn 0 0 1
vn 0 0 1
vn 0 0 1
vn 0 0 1
vn 0 0 1
vn 0 0 1
vn 0 0 1
vn 0 0 1
vn 0 0 1
vn 0 0 1
vn 0 0 1
vn 0 0 1
vn 0 0 1
vn 0 0 1
vn 0 0 1
vn 0 0 1
vn 0 0 1
vn 0 0 1
vn 0 0 1
vn 0 0 1
vn 0 0 1
vn 0 0 1
vn 0 0 1
vn 0 0 1
vn 0 0 1
vn 0 0 1
vn 0 0 1
vn 0 0 1
vn 0 0 1
vn 0 0 1
vn 0 0 1
vn 0 0 1
vn 0 0 1
vn 0 0 1
vn 0 0 1
vn 0 0 1
vn 0 0 1
vn 0 0 1
vn 0 0 1
vn 0 0 1
vn 0 0 1
vn 0 0 1
vn 0 0 1
vn 0 0 1
vn 0 0 1
vn 0 0 1
vn 0 0 1
vn 0 0 1
vn 0 0 1
vn 0 0 1
vn 0 0 1
vn 0 0 1
vn 0 0 1
vn 0 0 1
vn 0 0 1
vn 0 0 1
vn 0 0 1
vn 0 0 1
vn 0 0 1
vn 0 0 1
vn 0 0 1
vn 0 0 1
vn 0 0 1
vn 0 0 1
vn 0 0 1
vn 0 0 1
vn 0 0 1
vn 0 0 1
vn 0 0 1
vn 0 0 1
vn 0 0 1
vn 0 0 1
vn 0 0 1
vn 0 0 1
vn 0 0 1
vn 0 0 1
vn 0 0 1
vn 0 0 1
vn 0 0 1
vn 0 0 1
vn 0 0 1
vn 0 0 1
vn 0 0 1
vn 0 0 1
vn 0 0 1
vn 0 0 1
vn 0 0 1
vn 0 0 1
vn 0 0 1
vn 0 0 1
vn 0 0 1
vn 0 0 1
vn 0 0 1
vn 0 0 1
vn 0 0 1
vn 0 0 1
vn 0 0 1
vn 0 0 1
vn 0 0 1
vn 0 0 1
vn 0 0 1
vn 0 0 1
vn 0 0 1
vn 0 0 1
vn 0 0 1
vn 0 0 1
vn 0 0 1
vn 0 0 1
vn 0 0 1
vn 0 0 1
vn 0 0 1
vn 0 0 1
vn 0 0 1
vn 0 0 1
vn 0 0 1
vn 0 0 1
vn 0 0 1
vn 0 0 1
vn 0 0 1
vn 0 0 1
vn 0 0 1
vn 0 0 1
vn 0 0 1
vn 0 0 1
vn 0 0 1
vn 0 0 1
vn 0 0 1
vn 0 0 1
vn 0 0 1
vn 0 0 1
vn 0 0 1
vn 0 0 1
vn 0 0 1
vn 0 0 1
vn 0 0 1
vn 0 0 1
vn 0 0 1
vn 0 0 1
vn 0 0 1
vn 0 0 1
vn 0 0 1
vn 0 0 1
vn 0 0 1
vn 0 0 1
vn 0 0 1
vn 0 0 1
vn 0 0 1
vn 0 0 1
vn 0 0 1
vn 0 0 1
vn 0 0 1
vn 0 0 1
vn 0 0 1
vn 0 0 1
vn 0 0 1
vn 0 0 1
vn 0 0 1
vn 0 0 1
vn 0 0 1
vn 0 0 1
vn 0 0 1
vn 0 0 1
vn 0 0 1
vn 0 0 1
vn 0 0 1
vn 0 0 1
vn 0 0 1
vn 0 0 1
vn 0 0 1
vn 0 0 1
vn 0 0 1
vn 0 0 1
vn 0 0 1
vn 0 0 1
vn 0 0 1
vn 0 0 1
vn 0 0 1
vn 0 0 1
vn 0 0 1
vn 0 0 1
vn 0 0 1
vn 0 0 1
vn 0 0 1
vn 0 0 1
vn 0 0 1
vn 0 0 1
vn 0 0 1
vn 0 0 1
vn 0 0 1
vn 0 0 1
vn 0 0 1
vn 0 0 1
vn 0 0 1
vn 0 0 1
vn 0 0 1
vn 0 0 1
vn 0 0 1
vn 0 0 1
vn 0 0 1
vn 0 0 1
vn 0 0 1
vn 0 0 1
vn 0 0 1
vn 0 0 1
vn 0 0 1
vn 0 0 1
vn 0 0 1
vn 0 0 1
vn 0 0 1
vn 0 0 1
vn 0 0 1
vn 0 0 1
vn 0 0 1
vn 0 0 1
vn 0 0 1
vn 0 0 1
vn 0 0 1
vn 0 0 1
vn 0 0 1
vn 0 0 1
vn 0 0 1
vn 0 0 1
vn 0 0 1
vn 0 0 1
vn 0 0 1
vn 0 0 1
vn 0 0 1
vn 0 0 1
vn 0 0 1
vn 0 0 1
vn 0 0 1
vn 0 0 1
vn 0 0 1
vn 0 0 1
vn 0 0 1
vn 0 0 1
vn 0 0 1
vn 0 0 1
vn 0 0 1
vn 0 0 1
vn 0 0 1
vn 0 0 1
vn 0 0 1
vn 0 0 1
vn 0 0 1
vn 0 0 1
vn 0 0 1
vn 0 0 1
vn 0 0 1
vn 0 0 1
vn 0 0 1
vn 0 0 1
vn 0 0 1
vn 0 0 1
vn 0 0 1
vn 0 0 1
vn 0 0 1
vn 0 0 1
vn 0 0 1
vn 0 0 1
vn 0 0 1
vn 0 0 1
vn 0 0 1
vn 0 0 1
vn 0 0 1
vn 0 0 1
vn 0 0 1
vn 0 0 1
vn 0 0 1
vn 0 0 1
vn 0 0 1
vn 0 0 1
vn 0 0 1
vn 0 0 1
vn 0 0 1
vn 0 0 1
vn 0 0 1
vn 0 0 1
vn 0 0 1
vn 0 0 1
vn 0 0 1
vn 0 0 1
vn 0 0 1
vn 0 0 1
vn 0 0 1
vn 0 0 1
vn 0 0 1
vn 0 0 1
vn 0 0 1
vn 0 0 1
vn 0 0 1
vn 0 0 1
vn 0 0 1
vn 0 0 1
vn 0 0 1
vn 0 0 1
vn 0 0 1
vn 0 0 1
vn 0 0 1
vn 0 0 1
vn 0 0 1
vn 0 0 1
vn 0 0 1
vn 0 0 1
vn 0 0 1
vn 0 0 1
vn 0 0 1
vn 0 0 1
vn 0 0 1
vn 0 0 1
vn 0 0 1
vn 0 0 1
vn 0 0 1
vn 0 0 1
vn 0 0 1
vn 0 0 1
vn 0 0 1
vn 0 0 1
vn 0 0 1
vn 0 0 1
vn 0 0 1
vn 0 0 1
vn 0 0 1
vn 0 0 1
vn 0 0 1
vn 0 0 1
vn 0 0 1
vn 0 0 1
vn 0 0 1
vn 0 0 1
vn 0 0 1
vn 0 0 1
vn 0 0 1
vn 0 0 1
vn 0 0 1
vn 0 0 1
vn 0 0 1
vn 0 0 1
vn 0 0 1
vn 0 0 1
vn 0 0 1
vn 0 0 1
vn 0 0 1
vn 0 0 1
vn 0 0 1
vn 0 0 1
vn 0 0 1
vn 0 0 1
vn 0 0 1
vn 0 0 1
vn 0 0 1
vn 0 0 1
vn 0 0 1
vn 0 0 1
vn 0 0 1
vn 0 0 1
vn 0 0 1
vn 0 0 1
vn 0 0 1
vn 0 0 1
vn 0 0 1
vn 0 0 1
vn 0 0 1
vn 0 0 1
vn 0 0 1
vn 0 0 1
vn 0 0 1
vn 0 0 1
vn 0 0 1
vn 0 0 1
vn 0 0 1
vn 0 0 1
vn 0 0 1
vn 0 0 1
vn 0 0 1
vn 0 0 1
vn 0 0 1
vn 0 0 1
vn 0 0 1
vn 0 0 1
vn 0 0 1
vn 0 0 1
vn 0 0 1
vn 0 0 1
vn 0 0 1
vn 0 0 1
vn 0 0 1
vn 0 0 1
vn 0 0 1
vn 0 0 1
vn 0 0 1
vn 0 0 1
vn 0 0 1
vn 0 0 1
vn 0 0 1
vn 0 0 1
vn 0 0 1
vn 0 0 1
vn 0 0 1
vn 0 0 1
vn 0 0 1
vn 0 0 1
vn 0 0 1
vn 0 0 1
vn 0 0 1
vn 0 0 1
vn 0 0 1
vn 0 0 1
vn 0 0 1
vn 0 0 1
vn 0 0 1
vn 0 0 1
vn 0 0 1
vn 0 0 1
vn 0 0 1
vn 0 0 1
vn 0 0 1
vn 0 0 1
vn 0 0 1
vn 0 0 1
vn 0 0 1
vn 0 0 1
vn 0 0 1
vn 0 0 1
vn 0 0 1
vn 0 0 1
vn 0 0 1
vn 0 0 1
vn 0 0 1
vn 0 0 1
vn 0 0 1
vn 0 0 1
vn 0 0 1
vn 0 0 1
vn 0 0 1
vn 0 0 1
vn 0 0 1
vn 0 0 1
vn 0 0 1
vn 0 0 1
vn 0 0 1
vn 0 0 1
vn 0 0 1
vn 0 0 1
vn 0 0 1
vn 0 0 1
vn 0 0 1
vn 0 0 1
vn 0 0 1
vn 0 0 1
vn 0 0 1
vn 0 0 1
vn 0 0 1
vn 0 0 1
vn 0 0 1
vn 0 0 1
vn 0 0 1
vn 0 0 1
vn 0 0 1
vn 0 0 1
vn 0 0 1
vn 0 0 1
vn 0 0 1
vn 0 0 1
vn 0 0 1
vn 0 0 1
vn 0 0 1
vn 0 0 1
vn 0 0 1
vn 0 0 1
vn 0 0 1
vn 0 0 1
vn 0 0 1
vn 0 0 1
vn 0 0 1
vn 0 0 1
vn 0 0 1
vn 0 0 1
vn 0 0 1
vn 0 0 1
vn 0 0 1
vn 0 0 1
vn 0 0 1
vn 0 0 1
vn 0 0 1
vn 0 0 1
vn 0 0 1
vn 0 0 1
vn 0 0 1
vn 0 0 1
vn 0 0 1
vn 0 0 1
vn 0 0 1
vn 0 0 1
vn 0 0 1
vn 0 0 1
vn 0 0 1
vn 0 0 1
vn 0 0 1
vn 0 0 1
vn 0 0 1
vn 0 0 1
vn 0 0 1
vn 0 0 1
vn 0 0 1
vn 0 0 1
vn 0 0 1
vn 0 0 1
vn 0 0 1
vn 0 0 1
vn 0 0 1
vn 0 0 1
vn 0 0 1
vn 0 0 1
vn 0 0 1
vn 0 0 1
vn 0 0 1
vn 0 0 1
vn 0 0 1
vn 0 0 1
vn 0 0 1
vn 0 0 1
vn 0 0 1
vn 0 0 1
vn 0 0 1
vn 0 0 1
vn 0 0 1
vn 0 0 1
vn 0 0 1
vn 0 0 1
vn 0 0 1
vn 0 0 1
vn 0 0 1
vn 0 0 1
vn 0 0 1
vn 0 0 1
vn 0 0 1
vn 0 0 1
vn 0 0 1
vn 0 0 1
vn 0 0 1
vn 0 0 1
vn 0 0 1
vn 0 0 1
vn 0 0 1
vn 0 0 1
vn 0 0 1
vn 0 0 1
vn 0 0 1
vn 0 0 1
vn 0 0 1
vn 0 0 1
vn 0 0 1
vn 0 0 1
vn 0 0 1
vn 0 0 1
vn 0 0 1
vn 0 0 1
vn 0 0 1
vn 0 0 1
vn 0 0 1
vn 0 0 1
vn 0 0 1
vn 0 0 1
vn 0 0 1
vn 0 0 1
vn 0 0 1
vn 0 0 1
vn 0 0 1
vn 0 0 1
vn 0 0 1
vn 0 0 1
vn 0 0 1
vn 0 0 1
vn 0 0 1
vn 0 0 1
vn 0 0 1
vn 0 0 1
vn 0 0 1
vn 0 0 1
vn 0 0 1
vn 0 0 1
vn 0 0 1
vn 0 0 1
vn 0 0 1
vn 0 0 1
vn 0 0 1
vn 0 0 1
vn 0 0 1
vn 0 0 1
vn 0 0 1
vn 0 0 1
vn 0 0 1
vn 0 0 1
vn 0 0 1
vn 0 0 1
vn 0 0 1
vn 0 0 1
vn 0 0 1
vn 0 0 1
vn 0 0 1
vn 0 0 1
vn 0 0 1
vn 0 0 1
vn 0 0 1
vn 0 0 1
vn 0 0 1
vn 0 0 1
vn 0 0 1
vn 0 0 1
vn 0 0 1
vn 0 0 1
vn 0 0 1
vn 0 0 1
vn 0 0 1
vn 0 0 1
vn 0 0 1
vn 0 0 1
vn 0 0 1
vn 0 0 1
vn 0 0 1
vn 0 0 1
vn 0 0 1
vn 0 0 1
vn 0 0 1
vn 0 0 1
vn 0 0 1
vn 0 0 1
vn 0 0 1
vn 0 0 1
vn 0 0 1
vn 0 0 1
vn 0 0 1
vn 0 0 1
vn 0 0 1
vn 0 0 1
vn 0 0 1
vn 0 0 1
vn 0 0 1
vn 0 0 1
vn 0 0 1
vn 0 0 1
vn 0 0 1
vn 0 0 1
vn 0 0 1
vn 0 0 1
vn 0 0 1
vn 0 0 1
vn 0 0 1
vn 0 0 1
vn 0 0 1
vn 0 0 1
vn 0 0 1
vn 0 0 1
vn 0 0 1
vn 0 0 1
vn 0 0 1
vn 0 0 1
vn 0 0 1
vn 0 0 1
vn 0 0 1
vn 0 0 1
vn 0 0 1
vn 0 0 1
vn 0 0 1
vn 0 0 1
vn 0 0 1
vn 0 0 1
vn 0 0 1
vn 0 0 1
vn 0 0 1
vn 0 0 1
vn 0 0 1
vn 0 0 1
vn 0 0 1
vn 0 0 1
vn 0 0 1
vn 0 0 1
vn 0 0 1
vn 0 0 1
vn 0 0 1
vn 0 0 1
vn 0 0 1
vn 0 0 1
vn 0 0 1
vn 0 0 1
vn 0 0 1
vn 0 0 1
vn 0 0 1
vn 0 0 1
vn 0 0 1
vn 0 0 1
vn 0 0 1
vn 0 0 1
vn 0 0 1
vn 0 0 1
vn 0.997330985158399 0.07301305392172973 0
vn 0.997330985158399 0.07301305392172973 0
vn 0.997330985158399 0.07301305392172973 0
vn 0.997330985158399 0.07301305392172973 0
vn 0.997330985158399 0.07301305392172973 0
vn 0.997330985158399 0.07301305392172973 0
vn 0.9920875763335687 0.12554776335954995 0
vn 0.9920875763335687 0.12554776335954995 0
vn 0.9920875763335687 0.12554776335954995 0
vn 0.9920875763335687 0.12554776335954995 0
vn 0.9920875763335687 0.12554776335954995 0
vn 0.9920875763335687 0.12554776335954995 0
vn 0.9834899038335319 0.18096300466534698 0
vn 0.9834899038335319 0.18096300466534698 0
vn 0.9834899038335319 0.18096300466534698 0
vn 0.9834899038335319 0.18096300466534698 0
vn 0.9834899038335319 0.18096300466534698 0
vn 0.9834899038335319 0.18096300466534698 0
vn 0.9710348348717598 0.2389379615414303 0
vn 0.9710348348717598 0.2389379615414303 0
vn 0.9710348348717598 0.2389379615414303 0
vn 0.9710348348717598 0.2389379615414303 0
vn 0.9710348348717598 0.2389379615414303 0
vn 0.9710348348717598 0.2389379615414303 0
vn 0.9542594361624961 0.2989798128550409 0
vn 0.9542594361624961 0.2989798128550409 0
vn 0.9542594361624961 0.2989798128550409 0
vn 0.9542594361624961 0.2989798128550409 0
vn 0.9542594361624961 0.2989798128550409 0
vn 0.9542594361624961 0.2989798128550409 0
vn 0.9327777165898601 0.3604521208612961 0
vn 0.9327777165898601 0.3604521208612961 0
vn 0.9327777165898601 0.3604521208612961 0
vn 0.9327777165898601 0.3604521208612961 0
vn 0.9327777165898601 0.3604521208612961 0
vn 0.9327777165898601 0.3604521208612961 0
vn 0.9063422150126481 0.42254442285512017 0
vn 0.9063422150126481 0.42254442285512017 0
vn 0.9063422150126481 0.42254442285512017 0
vn 0.9063422150126481 0.42254442285512017 0
vn 0.9063422150126481 0.42254442285512017 0
vn 0.9063422150126481 0.42254442285512017 0
vn 0.8748753510221428 0.4843481394347279 0
vn 0.8748753510221428 0.4843481394347279 0
vn 0.8748753510221428 0.4843481394347279 0
vn 0.8748753510221428 0.4843481394347279 0
vn 0.8748753510221428 0.4843481394347279 0
vn 0.8748753510221428 0.4843481394347279 0
vn 0.8385189998802028 0.5448723583004595 0
vn 0.8385189998802028 0.5448723583004595 0
vn 0.8385189998802028 0.5448723583004595 0
vn 0.8385189998802028 0.5448723583004595 0
vn 0.8385189998802028 0.5448723583004595 0
vn 0.8385189998802028 0.5448723583004595 0
vn 0.7976435461556424 0.6031291514064393 0
vn 0.7976435461556424 0.6031291514064393 0
vn 0.7976435461556424 0.6031291514064393 0
vn 0.7976435461556424 0.6031291514064393 0
vn 0.7976435461556424 0.6031291514064393 0
vn 0.7976435461556424 0.6031291514064393 0
vn 0.7528209011834025 0.6582254102823817 0
vn 0.7528209011834025 0.6582254102823817 0
vn 0.7528209011834025 0.6582254102823817 0
vn 0.7528209011834025 0.6582254102823817 0
vn 0.7528209011834025 0.6582254102823817 0
vn 0.7528209011834025 0.6582254102823817 0
vn 0.7042855414372656 0.7099168092969892 0
vn 0.7042855414372656 0.7099168092969892 0
vn 0.7042855414372656 0.7099168092969892 0
vn 0.7042855414372656 0.7099168092969892 0
vn 0.7042855414372656 0.7099168092969892 0
vn 0.7042855414372656 0.7099168092969892 0
vn 0.6507368272140378 0.7593033528882958 0
vn 0.6507368272140378 0.7593033528882958 0
vn 0.6507368272140378 0.7593033528882958 0
vn 0.6507368272140378 0.7593033528882958 0
vn 0.6507368272140378 0.7593033528882958 0
vn 0.6507368272140378 0.7593033528882958 0
vn 0.5926366444791085 0.8054699296811414 0
vn 0.5926366444791085 0.8054699296811414 0
vn 0.5926366444791085 0.8054699296811414 0
vn 0.5926366444791085 0.8054699296811414 0
vn 0.5926366444791085 0.8054699296811414 0
vn 0.5926366444791085 0.8054699296811414 0
vn 0.5307968824058599 0.8474990676267554 0
vn 0.5307968824058599 0.8474990676267554 0
vn 0.5307968824058599 0.8474990676267554 0
vn 0.5307968824058599 0.8474990676267554 0
vn 0.5307968824058599 0.8474990676267554 0
vn 0.5307968824058599 0.8474990676267554 0
vn 0.46622197010863126 0.8846677763929386 0
vn 0.46622197010863126 0.8846677763929386 0
vn 0.46622197010863126 0.8846677763929386 0
vn 0.46622197010863126 0.8846677763929386 0
vn 0.46622197010863126 0.8846677763929386 0
vn 0.46622197010863126 0.8846677763929386 0
vn 0.40004664388022243 0.9164947805198731 0
vn 0.40004664388022243 0.9164947805198731 0
vn 0.40004664388022243 0.9164947805198731 0
vn 0.40004664388022243 0.9164947805198731 0
vn 0.40004664388022243 0.9164947805198731 0
vn 0.40004664388022243 0.9164947805198731 0
vn 0.3334332978093159 0.9427736928404419 0
vn 0.3334332978093159 0.9427736928404419 0
vn 0.3334332978093159 0.9427736928404419 0
vn 0.3334332978093159 0.9427736928404419 0
vn 0.3334332978093159 0.9427736928404419 0
vn 0.3334332978093159 0.9427736928404419 0
vn 0.267474239504045 0.9635650114038663 0
vn 0.267474239504045 0.9635650114038663 0
vn 0.267474239504045 0.9635650114038663 0
vn 0.267474239504045 0.9635650114038663 0
vn 0.267474239504045 0.9635650114038663 0
vn 0.267474239504045 0.9635650114038663 0
vn 0.203132171270797 0.9791513269126543 0
vn 0.203132171270797 0.9791513269126543 0
vn 0.203132171270797 0.9791513269126543 0
vn 0.203132171270797 0.9791513269126543 0
vn 0.203132171270797 0.9791513269126543 0
vn 0.203132171270797 0.9791513269126543 0
vn 0.14117592737934578 0.9899845238833694 0
vn 0.14117592737934578 0.9899845238833694 0
vn 0.14117592737934578 0.9899845238833694 0
vn 0.14117592737934578 0.9899845238833694 0
vn 0.14117592737934578 0.9899845238833694 0
vn 0.14117592737934578 0.9899845238833694 0
vn 0.08218263324052452 0.9966172860198911 0
vn 0.08218263324052452 0.9966172860198911 0
vn 0.08218263324052452 0.9966172860198911 0
vn 0.08218263324052452 0.9966172860198911 0
vn 0.08218263324052452 0.9966172860198911 0
vn 0.08218263324052452 0.9966172860198911 0
vn 0.02651470079494677 0.9996484235178659 0
vn 0.02651470079494677 0.9996484235178659 0
vn 0.02651470079494677 0.9996484235178659 0
vn 0.02651470079494677 0.9996484235178659 0
vn 0.02651470079494677 0.9996484235178659 0
vn 0.02651470079494677 0.9996484235178659 0
vn -0.017373312118445908 0.9998490726234811 0
vn -0.017373312118445908 0.9998490726234811 0
vn -0.017373312118445908 0.9998490726234811 0
vn -0.017373312118445908 0.9998490726234811 0
vn -0.017373312118445908 0.9998490726234811 0
vn -0.017373312118445908 0.9998490726234811 0
vn -0.05305411545617386 0.9985916386757717 0
vn -0.05305411545617386 0.9985916386757717 0
vn -0.05305411545617386 0.9985916386757717 0
vn -0.05305411545617386 0.9985916386757717 0
vn -0.05305411545617386 0.9985916386757717 0
vn -0.05305411545617386 0.9985916386757717 0
vn -0.08993946687820532 0.9959472336914563 0
vn -0.08993946687820532 0.9959472336914563 0
vn -0.08993946687820532 0.9959472336914563 0
vn -0.08993946687820532 0.9959472336914563 0
vn -0.08993946687820532 0.9959472336914563 0
vn -0.08993946687820532 0.9959472336914563 0
vn -0.12791265923979303 0.9917854362745021 0
vn -0.12791265923979303 0.9917854362745021 0
vn -0.12791265923979303 0.9917854362745021 0
vn -0.12791265923979303 0.9917854362745021 0
vn -0.12791265923979303 0.9917854362745021 0
vn -0.12791265923979303 0.9917854362745021 0
vn -0.16686815346889822 0.9859792185223177 0
vn -0.16686815346889822 0.9859792185223177 0
vn -0.16686815346889822 0.9859792185223177 0
vn -0.16686815346889822 0.9859792185223177 0
vn -0.16686815346889822 0.9859792185223177 0
vn -0.16686815346889822 0.9859792185223177 0
vn -0.20663905665167265 0.9784172424206897 0
vn -0.20663905665167265 0.9784172424206897 0
vn -0.20663905665167265 0.9784172424206897 0
vn -0.20663905665167265 0.9784172424206897 0
vn -0.20663905665167265 0.9784172424206897 0
vn -0.20663905665167265 0.9784172424206897 0
vn -0.2470526239196232 0.9690020645047303 0
vn -0.2470526239196232 0.9690020645047303 0
vn -0.2470526239196232 0.9690020645047303 0
vn -0.2470526239196232 0.9690020645047303 0
vn -0.2470526239196232 0.9690020645047303 0
vn -0.2470526239196232 0.9690020645047303 0
vn -0.28790470843181604 0.9576590619123232 0
vn -0.28790470843181604 0.9576590619123232 0
vn -0.28790470843181604 0.9576590619123232 0
vn -0.28790470843181604 0.9576590619123232 0
vn -0.28790470843181604 0.9576590619123232 0
vn -0.28790470843181604 0.9576590619123232 0
vn -0.32897147136075555 0.9443398599184191 0
vn -0.32897147136075555 0.9443398599184191 0
vn -0.32897147136075555 0.9443398599184191 0
vn -0.32897147136075555 0.9443398599184191 0
vn -0.32897147136075555 0.9443398599184191 0
vn -0.32897147136075555 0.9443398599184191 0
vn -0.37001306135672923 0.9290265520561946 0
vn -0.37001306135672923 0.9290265520561946 0
vn -0.37001306135672923 0.9290265520561946 0
vn -0.37001306135672923 0.9290265520561946 0
vn -0.37001306135672923 0.9290265520561946 0
vn -0.37001306135672923 0.9290265520561946 0
vn -0.41077759258283647 0.911735580874109 0
vn -0.41077759258283647 0.911735580874109 0
vn -0.41077759258283647 0.911735580874109 0
vn -0.41077759258283647 0.911735580874109 0
vn -0.41077759258283647 0.911735580874109 0
vn -0.41077759258283647 0.911735580874109 0
vn -0.45100945107075335 0.8925191734886471 0
vn -0.45100945107075335 0.8925191734886471 0
vn -0.45100945107075335 0.8925191734886471 0
vn -0.45100945107075335 0.8925191734886471 0
vn -0.45100945107075335 0.8925191734886471 0
vn -0.45100945107075335 0.8925191734886471 0
vn -0.4917084303908807 0.8707599092072029 0
vn -0.4917084303908807 0.8707599092072029 0
vn -0.4917084303908807 0.8707599092072029 0
vn -0.4917084303908807 0.8707599092072029 0
vn -0.4917084303908807 0.8707599092072029 0
vn -0.4917084303908807 0.8707599092072029 0
vn -0.5331894102852296 0.8459958940560462 0
vn -0.5331894102852296 0.8459958940560462 0
vn -0.5331894102852296 0.8459958940560462 0
vn -0.5331894102852296 0.8459958940560462 0
vn -0.5331894102852296 0.8459958940560462 0
vn -0.5331894102852296 0.8459958940560462 0
vn -0.5741312612440771 0.8187632715640618 0
vn -0.5741312612440771 0.8187632715640618 0
vn -0.5741312612440771 0.8187632715640618 0
vn -0.5741312612440771 0.8187632715640618 0
vn -0.5741312612440771 0.8187632715640618 0
vn -0.5741312612440771 0.8187632715640618 0
vn -0.6142048179658808 0.7891466540431501 0
vn -0.6142048179658808 0.7891466540431501 0
vn -0.6142048179658808 0.7891466540431501 0
vn -0.6142048179658808 0.7891466540431501 0
vn -0.6142048179658808 0.7891466540431501 0
vn -0.6142048179658808 0.7891466540431501 0
vn -0.6530616179617866 0.7573047755990541 0
vn -0.6530616179617866 0.7573047755990541 0
vn -0.6530616179617866 0.7573047755990541 0
vn -0.6530616179617866 0.7573047755990541 0
vn -0.6530616179617866 0.7573047755990541 0
vn -0.6530616179617866 0.7573047755990541 0
vn -0.6903886300981574 0.7234386908585891 0
vn -0.6903886300981574 0.7234386908585891 0
vn -0.6903886300981574 0.7234386908585891 0
vn -0.6903886300981574 0.7234386908585891 0
vn -0.6903886300981574 0.7234386908585891 0
vn -0.6903886300981574 0.7234386908585891 0
vn -0.7258977483817501 0.6878026307701255 0
vn -0.7258977483817501 0.6878026307701255 0
vn -0.7258977483817501 0.6878026307701255 0
vn -0.7258977483817501 0.6878026307701255 0
vn -0.7258977483817501 0.6878026307701255 0
vn -0.7258977483817501 0.6878026307701255 0
vn -0.7593434571020138 0.6506900292430815 0
vn -0.7593434571020138 0.6506900292430815 0
vn -0.7593434571020138 0.6506900292430815 0
vn -0.7593434571020138 0.6506900292430815 0
vn -0.7593434571020138 0.6506900292430815 0
vn -0.7593434571020138 0.6506900292430815 0
vn -0.7905351944379219 0.6124166117562431 0
vn -0.7905351944379219 0.6124166117562431 0
vn -0.7905351944379219 0.6124166117562431 0
vn -0.7905351944379219 0.6124166117562431 0
vn -0.7905351944379219 0.6124166117562431 0
vn -0.7905351944379219 0.6124166117562431 0
vn -0.8193332672224564 0.5733175361198841 0
vn -0.8193332672224564 0.5733175361198841 0
vn -0.8193332672224564 0.5733175361198841 0
vn -0.8193332672224564 0.5733175361198841 0
vn -0.8193332672224564 0.5733175361198841 0
vn -0.8193332672224564 0.5733175361198841 0
vn -0.8456590951850792 0.5337234253157276 0
vn -0.8456590951850792 0.5337234253157276 0
vn -0.8456590951850792 0.5337234253157276 0
vn -0.8456590951850792 0.5337234253157276 0
vn -0.8456590951850792 0.5337234253157276 0
vn -0.8456590951850792 0.5337234253157276 0
vn -0.8694834910699593 0.4939620013288429 0
vn -0.8694834910699593 0.4939620013288429 0
vn -0.8694834910699593 0.4939620013288429 0
vn -0.8694834910699593 0.4939620013288429 0
vn -0.8694834910699593 0.4939620013288429 0
vn -0.8694834910699593 0.4939620013288429 0
vn 0.9999128360017547 -0.013203045062700971 0
vn 0.9999128360017547 -0.013203045062700971 0
vn 0.9999128360017547 -0.013203045062700971 0
vn 0.9999128360017547 -0.013203045062700971 0
vn 0.9999128360017547 -0.013203045062700971 0
vn 0.9999128360017547 -0.013203045062700971 0
vn 0.9991494794231617 -0.04123490958429322 0
vn 0.9991494794231617 -0.04123490958429322 0
vn 0.9991494794231617 -0.04123490958429322 0
vn 0.9991494794231617 -0.04123490958429322 0
vn 0.9991494794231617 -0.04123490958429322 0
vn 0.9991494794231617 -0.04123490958429322 0
vn 0.9974331980798109 -0.07160317987548297 0
vn 0.9974331980798109 -0.07160317987548297 0
vn 0.9974331980798109 -0.07160317987548297 0
vn 0.9974331980798109 -0.07160317987548297 0
vn 0.9974331980798109 -0.07160317987548297 0
vn 0.9974331980798109 -0.07160317987548297 0
vn 0.9945232681239841 -0.10451540154441477 0
vn 0.9945232681239841 -0.10451540154441477 0
vn 0.9945232681239841 -0.10451540154441477 0
vn 0.9945232681239841 -0.10451540154441477 0
vn 0.9945232681239841 -0.10451540154441477 0
vn 0.9945232681239841 -0.10451540154441477 0
vn 0.9901255051873741 -0.14018375076109088 0
vn 0.9901255051873741 -0.14018375076109088 0
vn 0.9901255051873741 -0.14018375076109088 0
vn 0.9901255051873741 -0.14018375076109088 0
vn 0.9901255051873741 -0.14018375076109088 0
vn 0.9901255051873741 -0.14018375076109088 0
vn 0.9838835791016594 -0.1788102423635429 0
vn 0.9838835791016594 -0.1788102423635429 0
vn 0.9838835791016594 -0.1788102423635429 0
vn 0.9838835791016594 -0.1788102423635429 0
vn 0.9838835791016594 -0.1788102423635429 0
vn 0.9838835791016594 -0.1788102423635429 0
vn 0.9753695932734625 -0.22057687212752036 0
vn 0.9753695932734625 -0.22057687212752036 0
vn 0.9753695932734625 -0.22057687212752036 0
vn 0.9753695932734625 -0.22057687212752036 0
vn 0.9753695932734625 -0.22057687212752036 0
vn 0.9753695932734625 -0.22057687212752036 0
vn 0.9640783813179099 -0.26561791105917315 0
vn 0.9640783813179099 -0.26561791105917315 0
vn 0.9640783813179099 -0.26561791105917315 0
vn 0.9640783813179099 -0.26561791105917315 0
vn 0.9640783813179099 -0.26561791105917315 0
vn 0.9640783813179099 -0.26561791105917315 0
vn 0.9494235095144702 -0.3139984069724352 0
vn 0.9494235095144702 -0.3139984069724352 0
vn 0.9494235095144702 -0.3139984069724352 0
vn 0.9494235095144702 -0.3139984069724352 0
vn 0.9494235095144702 -0.3139984069724352 0
vn 0.9494235095144702 -0.3139984069724352 0
vn 0.9307441716958129 -0.36567100904265715 0
vn 0.9307441716958129 -0.36567100904265715 0
vn 0.9307441716958129 -0.36567100904265715 0
vn 0.9307441716958129 -0.36567100904265715 0
vn 0.9307441716958129 -0.36567100904265715 0
vn 0.9307441716958129 -0.36567100904265715 0
vn 0.9073225749363354 -0.42043518526747725 0
vn 0.9073225749363354 -0.42043518526747725 0
vn 0.9073225749363354 -0.42043518526747725 0
vn 0.9073225749363354 -0.42043518526747725 0
vn 0.9073225749363354 -0.42043518526747725 0
vn 0.9073225749363354 -0.42043518526747725 0
vn 0.8784251772096411 -0.47787990964698507 0
vn 0.8784251772096411 -0.47787990964698507 0
vn 0.8784251772096411 -0.47787990964698507 0
vn 0.8784251772096411 -0.47787990964698507 0
vn 0.8784251772096411 -0.47787990964698507 0
vn 0.8784251772096411 -0.47787990964698507 0
vn 0.8439878603038222 -0.5363622765070043 0
vn 0.8439878603038222 -0.5363622765070043 0
vn 0.8439878603038222 -0.5363622765070043 0
vn 0.8439878603038222 -0.5363622765070043 0
vn 0.8439878603038222 -0.5363622765070043 0
vn 0.8439878603038222 -0.5363622765070043 0
vn 0.8030108281201455 -0.5959644367928324 0
vn 0.8030108281201455 -0.5959644367928324 0
vn 0.8030108281201455 -0.5959644367928324 0
vn 0.8030108281201455 -0.5959644367928324 0
vn 0.8030108281201455 -0.5959644367928324 0
vn 0.8030108281201455 -0.5959644367928324 0
vn 0.7539728608662958 -0.656905567853625 0
vn 0.7539728608662958 -0.656905567853625 0
vn 0.7539728608662958 -0.656905567853625 0
vn 0.7539728608662958 -0.656905567853625 0
vn 0.7539728608662958 -0.656905567853625 0
vn 0.7539728608662958 -0.656905567853625 0
vn 0.69632123438064 -0.7177302686599067 0
vn 0.69632123438064 -0.7177302686599067 0
vn 0.69632123438064 -0.7177302686599067 0
vn 0.69632123438064 -0.7177302686599067 0
vn 0.69632123438064 -0.7177302686599067 0
vn 0.69632123438064 -0.7177302686599067 0
vn 0.6299823008189374 -0.7766094904486281 0
vn 0.6299823008189374 -0.7766094904486281 0
vn 0.6299823008189374 -0.7766094904486281 0
vn 0.6299823008189374 -0.7766094904486281 0
vn 0.6299823008189374 -0.7766094904486281 0
vn 0.6299823008189374 -0.7766094904486281 0
vn 0.5554905647576489 -0.831522839412862 0
vn 0.5554905647576489 -0.831522839412862 0
vn 0.5554905647576489 -0.831522839412862 0
vn 0.5554905647576489 -0.831522839412862 0
vn 0.5554905647576489 -0.831522839412862 0
vn 0.5554905647576489 -0.831522839412862 0
vn 0.47410359247756506 -0.8804690702119338 0
vn 0.47410359247756506 -0.8804690702119338 0
vn 0.47410359247756506 -0.8804690702119338 0
vn 0.47410359247756506 -0.8804690702119338 0
vn 0.47410359247756506 -0.8804690702119338 0
vn 0.47410359247756506 -0.8804690702119338 0
vn 0.3877172378844915 -0.9217783591770966 0
vn 0.3877172378844915 -0.9217783591770966 0
vn 0.3877172378844915 -0.9217783591770966 0
vn 0.3877172378844915 -0.9217783591770966 0
vn 0.3877172378844915 -0.9217783591770966 0
vn 0.3877172378844915 -0.9217783591770966 0
vn 0.29869087880834233 -0.9543499142959568 0
vn 0.29869087880834233 -0.9543499142959568 0
vn 0.29869087880834233 -0.9543499142959568 0
vn 0.29869087880834233 -0.9543499142959568 0
vn 0.29869087880834233 -0.9543499142959568 0
vn 0.29869087880834233 -0.9543499142959568 0
vn 0.20951953104357984 -0.9778044621044018 0
vn 0.20951953104357984 -0.9778044621044018 0
vn 0.20951953104357984 -0.9778044621044018 0
vn 0.20951953104357984 -0.9778044621044018 0
vn 0.20951953104357984 -0.9778044621044018 0
vn 0.20951953104357984 -0.9778044621044018 0
vn 0.12250971429577415 -0.9924673142744641 0
vn 0.12250971429577415 -0.9924673142744641 0
vn 0.12250971429577415 -0.9924673142744641 0
vn 0.12250971429577415 -0.9924673142744641 0
vn 0.12250971429577415 -0.9924673142744641 0
vn 0.12250971429577415 -0.9924673142744641 0
vn 0.03953968415890641 -0.999218000927032 0
vn 0.03953968415890641 -0.999218000927032 0
vn 0.03953968415890641 -0.999218000927032 0
vn 0.03953968415890641 -0.999218000927032 0
vn 0.03953968415890641 -0.999218000927032 0
vn 0.03953968415890641 -0.999218000927032 0
vn -0.04099518465938848 -0.9991593440661717 0
vn -0.04099518465938848 -0.9991593440661717 0
vn -0.04099518465938848 -0.9991593440661717 0
vn -0.04099518465938848 -0.9991593440661717 0
vn -0.04099518465938848 -0.9991593440661717 0
vn -0.04099518465938848 -0.9991593440661717 0
vn -0.1299828600076689 -0.9915162409684607 0
vn -0.1299828600076689 -0.9915162409684607 0
vn -0.1299828600076689 -0.9915162409684607 0
vn -0.1299828600076689 -0.9915162409684607 0
vn -0.1299828600076689 -0.9915162409684607 0
vn -0.1299828600076689 -0.9915162409684607 0
vn -0.22756291315750465 -0.9737633801675178 0
vn -0.22756291315750465 -0.9737633801675178 0
vn -0.22756291315750465 -0.9737633801675178 0
vn -0.22756291315750465 -0.9737633801675178 0
vn -0.22756291315750465 -0.9737633801675178 0
vn -0.22756291315750465 -0.9737633801675178 0
vn -0.33172163324375986 -0.9433773147781817 0
vn -0.33172163324375986 -0.9433773147781817 0
vn -0.33172163324375986 -0.9433773147781817 0
vn -0.33172163324375986 -0.9433773147781817 0
vn -0.33172163324375986 -0.9433773147781817 0
vn -0.33172163324375986 -0.9433773147781817 0
vn -0.4390255762833159 -0.8984745646756519 0
vn -0.4390255762833159 -0.8984745646756519 0
vn -0.4390255762833159 -0.8984745646756519 0
vn -0.4390255762833159 -0.8984745646756519 0
vn -0.4390255762833159 -0.8984745646756519 0
vn -0.4390255762833159 -0.8984745646756519 0
vn -0.5448237684247128 -0.8385505717364307 0
vn -0.5448237684247128 -0.8385505717364307 0
vn -0.5448237684247128 -0.8385505717364307 0
vn -0.5448237684247128 -0.8385505717364307 0
vn -0.5448237684247128 -0.8385505717364307 0
vn -0.5448237684247128 -0.8385505717364307 0
vn -0.6440259795650627 -0.7650036193674259 0
vn -0.6440259795650627 -0.7650036193674259 0
vn -0.6440259795650627 -0.7650036193674259 0
vn -0.6440259795650627 -0.7650036193674259 0
vn -0.6440259795650627 -0.7650036193674259 0
vn -0.6440259795650627 -0.7650036193674259 0
vn -0.7321831739714989 -0.6811077739631385 0
vn -0.7321831739714989 -0.6811077739631385 0
vn -0.7321831739714989 -0.6811077739631385 0
vn -0.7321831739714989 -0.6811077739631385 0
vn -0.7321831739714989 -0.6811077739631385 0
vn -0.7321831739714989 -0.6811077739631385 0
vn -0.8064381599215976 -0.5913184372419548 0
vn -0.8064381599215976 -0.5913184372419548 0
vn -0.8064381599215976 -0.5913184372419548 0
vn -0.8064381599215976 -0.5913184372419548 0
vn -0.8064381599215976 -0.5913184372419548 0
vn -0.8064381599215976 -0.5913184372419548 0
vn -0.8658823371117107 -0.5002477169142922 0
vn -0.8658823371117107 -0.5002477169142922 0
vn -0.8658823371117107 -0.5002477169142922 0
vn -0.8658823371117107 -0.5002477169142922 0
vn -0.8658823371117107 -0.5002477169142922 0
vn -0.8658823371117107 -0.5002477169142922 0
vn -0.9112953430204029 -0.4117533215279822 0
vn -0.9112953430204029 -0.4117533215279822 0
vn -0.9112953430204029 -0.4117533215279822 0
vn -0.9112953430204029 -0.4117533215279822 0
vn -0.9112953430204029 -0.4117533215279822 0
vn -0.9112953430204029 -0.4117533215279822 0
vn -0.9444952712995203 -0.32852501045254645 0
vn -0.9444952712995203 -0.32852501045254645 0
vn -0.9444952712995203 -0.32852501045254645 0
vn -0.9444952712995203 -0.32852501045254645 0
vn -0.9444952712995203 -0.32852501045254645 0
vn -0.9444952712995203 -0.32852501045254645 0
vn 0.17737137131305888 -0.9841439918215855 0
vn 0.17737137131305888 -0.9841439918215855 0
vn 0.17737137131305888 -0.9841439918215855 0
vn 0.17737137131305888 -0.9841439918215855 0
vn 0.17737137131305888 -0.9841439918215855 0
vn 0.17737137131305888 -0.9841439918215855 0
vn 0.9550354836238306 0.2964915260498955 0
vn 0.9550354836238306 0.2964915260498955 0
vn 0.9550354836238306 0.2964915260498955 0
vn 0.9550354836238306 0.2964915260498955 0
vn 0.9550354836238306 0.2964915260498955 0
vn 0.9550354836238306 0.2964915260498955 0
vn 0.9405524340596172 0.33964852242359206 0
vn 0.9405524340596172 0.33964852242359206 0
vn 0.9405524340596172 0.33964852242359206 0
vn 0.9405524340596172 0.33964852242359206 0
vn 0.9405524340596172 0.33964852242359206 0
vn 0.9405524340596172 0.33964852242359206 0
vn 0.9231454519949515 0.38445087392414223 0
vn 0.9231454519949515 0.38445087392414223 0
vn 0.9231454519949515 0.38445087392414223 0
vn 0.9231454519949515 0.38445087392414223 0
vn 0.9231454519949515 0.38445087392414223 0
vn 0.9231454519949515 0.38445087392414223 0
vn 0.9025232962678127 0.43064103345348104 0
vn 0.9025232962678127 0.43064103345348104 0
vn 0.9025232962678127 0.43064103345348104 0
vn 0.9025232962678127 0.43064103345348104 0
vn 0.9025232962678127 0.43064103345348104 0
vn 0.9025232962678127 0.43064103345348104 0
vn 0.8784254579468153 0.4778793936035825 0
vn 0.8784254579468153 0.4778793936035825 0
vn 0.8784254579468153 0.4778793936035825 0
vn 0.8784254579468153 0.4778793936035825 0
vn 0.8784254579468153 0.4778793936035825 0
vn 0.8784254579468153 0.4778793936035825 0
vn 0.8506436389832996 0.5257427122245726 0
vn 0.8506436389832996 0.5257427122245726 0
vn 0.8506436389832996 0.5257427122245726 0
vn 0.8506436389832996 0.5257427122245726 0
vn 0.8506436389832996 0.5257427122245726 0
vn 0.8506436389832996 0.5257427122245726 0
vn 0.8190556108826051 0.573714132893484 0
vn 0.8190556108826051 0.573714132893484 0
vn 0.8190556108826051 0.573714132893484 0
vn 0.8190556108826051 0.573714132893484 0
vn 0.8190556108826051 0.573714132893484 0
vn 0.8190556108826051 0.573714132893484 0
vn 0.7836280440877651 0.6212303023188612 0
vn 0.7836280440877651 0.6212303023188612 0
vn 0.7836280440877651 0.6212303023188612 0
vn 0.7836280440877651 0.6212303023188612 0
vn 0.7836280440877651 0.6212303023188612 0
vn 0.7836280440877651 0.6212303023188612 0
vn 0.7444613059308868 0.6676656078994025 0
vn 0.7444613059308868 0.6676656078994025 0
vn 0.7444613059308868 0.6676656078994025 0
vn 0.7444613059308868 0.6676656078994025 0
vn 0.7444613059308868 0.6676656078994025 0
vn 0.7444613059308868 0.6676656078994025 0
vn 0.701784921159236 0.7123888856751802 0
vn 0.701784921159236 0.7123888856751802 0
vn 0.701784921159236 0.7123888856751802 0
vn 0.701784921159236 0.7123888856751802 0
vn 0.701784921159236 0.7123888856751802 0
vn 0.701784921159236 0.7123888856751802 0
vn 0.6559579310052442 0.7547974514737839 0
vn 0.6559579310052442 0.7547974514737839 0
vn 0.6559579310052442 0.7547974514737839 0
vn 0.6559579310052442 0.7547974514737839 0
vn 0.6559579310052442 0.7547974514737839 0
vn 0.6559579310052442 0.7547974514737839 0
vn 0.6074598819053717 0.7943503583907494 0
vn 0.6074598819053717 0.7943503583907494 0
vn 0.6074598819053717 0.7943503583907494 0
vn 0.6074598819053717 0.7943503583907494 0
vn 0.6074598819053717 0.7943503583907494 0
vn 0.6074598819053717 0.7943503583907494 0
vn 0.5566403163628296 0.8307536085985356 0
vn 0.5566403163628296 0.8307536085985356 0
vn 0.5566403163628296 0.8307536085985356 0
vn 0.5566403163628296 0.8307536085985356 0
vn 0.5566403163628296 0.8307536085985356 0
vn 0.5566403163628296 0.8307536085985356 0
vn 0.5040925566278702 0.8636496363412525 0
vn 0.5040925566278702 0.8636496363412525 0
vn 0.5040925566278702 0.8636496363412525 0
vn 0.5040925566278702 0.8636496363412525 0
vn 0.5040925566278702 0.8636496363412525 0
vn 0.5040925566278702 0.8636496363412525 0
vn 0.4507059682625573 0.8926724652259141 0
vn 0.4507059682625573 0.8926724652259141 0
vn 0.4507059682625573 0.8926724652259141 0
vn 0.4507059682625573 0.8926724652259141 0
vn 0.4507059682625573 0.8926724652259141 0
vn 0.4507059682625573 0.8926724652259141 0
vn 0.39714883981379334 0.9177542149369612 0
vn 0.39714883981379334 0.9177542149369612 0
vn 0.39714883981379334 0.9177542149369612 0
vn 0.39714883981379334 0.9177542149369612 0
vn 0.39714883981379334 0.9177542149369612 0
vn 0.39714883981379334 0.9177542149369612 0
vn 0.34404632157696274 0.9389526764482655 0
vn 0.34404632157696274 0.9389526764482655 0
vn 0.34404632157696274 0.9389526764482655 0
vn 0.34404632157696274 0.9389526764482655 0
vn 0.34404632157696274 0.9389526764482655 0
vn 0.34404632157696274 0.9389526764482655 0
vn 0.29194390774895645 0.9564354420075977 0
vn 0.29194390774895645 0.9564354420075977 0
vn 0.29194390774895645 0.9564354420075977 0
vn 0.29194390774895645 0.9564354420075977 0
vn 0.29194390774895645 0.9564354420075977 0
vn 0.29194390774895645 0.9564354420075977 0
vn 0.2412836414442753 0.9704546379771651 0
vn 0.2412836414442753 0.9704546379771651 0
vn 0.2412836414442753 0.9704546379771651 0
vn 0.2412836414442753 0.9704546379771651 0
vn 0.2412836414442753 0.9704546379771651 0
vn 0.2412836414442753 0.9704546379771651 0
vn 0.19243080868042903 0.9813105440535103 0
vn 0.19243080868042903 0.9813105440535103 0
vn 0.19243080868042903 0.9813105440535103 0
vn 0.19243080868042903 0.9813105440535103 0
vn 0.19243080868042903 0.9813105440535103 0
vn 0.19243080868042903 0.9813105440535103 0
vn 0.14565113183892425 0.9893360135939864 0
vn 0.14565113183892425 0.9893360135939864 0
vn 0.14565113183892425 0.9893360135939864 0
vn 0.14565113183892425 0.9893360135939864 0
vn 0.14565113183892425 0.9893360135939864 0
vn 0.14565113183892425 0.9893360135939864 0
vn 0.10110588384673362 0.9948756707506576 0
vn 0.10110588384673362 0.9948756707506576 0
vn 0.10110588384673362 0.9948756707506576 0
vn 0.10110588384673362 0.9948756707506576 0
vn 0.10110588384673362 0.9948756707506576 0
vn 0.10110588384673362 0.9948756707506576 0
vn 0.058889765305306 0.9982644917767467 0
vn 0.058889765305306 0.9982644917767467 0
vn 0.058889765305306 0.9982644917767467 0
vn 0.058889765305306 0.9982644917767467 0
vn 0.058889765305306 0.9982644917767467 0
vn 0.058889765305306 0.9982644917767467 0
vn 0.01904165388634333 0.9998186912722089 0
vn 0.01904165388634333 0.9998186912722089 0
vn 0.01904165388634333 0.9998186912722089 0
vn 0.01904165388634333 0.9998186912722089 0
vn 0.01904165388634333 0.9998186912722089 0
vn 0.01904165388634333 0.9998186912722089 0
vn -0.03438472403561722 0.9994086705412327 0
vn -0.03438472403561722 0.9994086705412327 0
vn -0.03438472403561722 0.9994086705412327 0
vn -0.03438472403561722 0.9994086705412327 0
vn -0.03438472403561722 0.9994086705412327 0
vn -0.03438472403561722 0.9994086705412327 0
vn -0.10678388277680569 0.9942822548849544 0
vn -0.10678388277680569 0.9942822548849544 0
vn -0.10678388277680569 0.9942822548849544 0
vn -0.10678388277680569 0.9942822548849544 0
vn -0.10678388277680569 0.9942822548849544 0
vn -0.10678388277680569 0.9942822548849544 0
vn -0.1833988109847543 0.9830385934078978 0
vn -0.1833988109847543 0.9830385934078978 0
vn -0.1833988109847543 0.9830385934078978 0
vn -0.1833988109847543 0.9830385934078978 0
vn -0.1833988109847543 0.9830385934078978 0
vn -0.1833988109847543 0.9830385934078978 0
vn -0.2631059924010475 0.9647669339082159 0
vn -0.2631059924010475 0.9647669339082159 0
vn -0.2631059924010475 0.9647669339082159 0
vn -0.2631059924010475 0.9647669339082159 0
vn -0.2631059924010475 0.9647669339082159 0
vn -0.2631059924010475 0.9647669339082159 0
vn -0.3443792484406677 0.9388306201032435 0
vn -0.3443792484406677 0.9388306201032435 0
vn -0.3443792484406677 0.9388306201032435 0
vn -0.3443792484406677 0.9388306201032435 0
vn -0.3443792484406677 0.9388306201032435 0
vn -0.3443792484406677 0.9388306201032435 0
vn -0.42538314054245124 0.9050133610849296 0
vn -0.42538314054245124 0.9050133610849296 0
vn -0.42538314054245124 0.9050133610849296 0
vn -0.42538314054245124 0.9050133610849296 0
vn -0.42538314054245124 0.9050133610849296 0
vn -0.42538314054245124 0.9050133610849296 0
vn -0.5041345904771817 0.863625100772554 0
vn -0.5041345904771817 0.863625100772554 0
vn -0.5041345904771817 0.863625100772554 0
vn -0.5041345904771817 0.863625100772554 0
vn -0.5041345904771817 0.863625100772554 0
vn -0.5041345904771817 0.863625100772554 0
vn -0.5787280079073698 0.8155206268780498 0
vn -0.5787280079073698 0.8155206268780498 0
vn -0.5787280079073698 0.8155206268780498 0
vn -0.5787280079073698 0.8155206268780498 0
vn -0.5787280079073698 0.8155206268780498 0
vn -0.5787280079073698 0.8155206268780498 0
vn -0.647557752431608 0.7620163759826455 0
vn -0.647557752431608 0.7620163759826455 0
vn -0.647557752431608 0.7620163759826455 0
vn -0.647557752431608 0.7620163759826455 0
vn -0.647557752431608 0.7620163759826455 0
vn -0.647557752431608 0.7620163759826455 0
vn -0.7094898880252731 0.7047156155428126 0
vn -0.7094898880252731 0.7047156155428126 0
vn -0.7094898880252731 0.7047156155428126 0
vn -0.7094898880252731 0.7047156155428126 0
vn -0.7094898880252731 0.7047156155428126 0
vn -0.7094898880252731 0.7047156155428126 0
vn -0.7639194672993542 0.6453115894520033 0
vn -0.7639194672993542 0.6453115894520033 0
vn -0.7639194672993542 0.6453115894520033 0
vn -0.7639194672993542 0.6453115894520033 0
vn -0.7639194672993542 0.6453115894520033 0
vn -0.7639194672993542 0.6453115894520033 0
vn -0.8107500868248135 0.5853924296688139 0
vn -0.8107500868248135 0.5853924296688139 0
vn -0.8107500868248135 0.5853924296688139 0
vn -0.8107500868248135 0.5853924296688139 0
vn -0.8107500868248135 0.5853924296688139 0
vn -0.8107500868248135 0.5853924296688139 0
vn -0.8505943872963422 0.5258223923531218 0
vn -0.8505943872963422 0.5258223923531218 0
vn -0.8505943872963422 0.5258223923531218 0
vn -0.8505943872963422 0.5258223923531218 0
vn -0.8505943872963422 0.5258223923531218 0
vn -0.8505943872963422 0.5258223923531218 0
vn -0.884441909874594 0.4666503059651633 0
vn -0.884441909874594 0.4666503059651633 0
vn -0.884441909874594 0.4666503059651633 0
vn -0.884441909874594 0.4666503059651633 0
vn -0.884441909874594 0.4666503059651633 0
vn -0.884441909874594 0.4666503059651633 0
vn -0.912553240412271 0.4089579237685262 0
vn -0.912553240412271 0.4089579237685262 0
vn -0.912553240412271 0.4089579237685262 0
vn -0.912553240412271 0.4089579237685262 0
vn -0.912553240412271 0.4089579237685262 0
vn -0.912553240412271 0.4089579237685262 0
vn -0.9354519110754915 0.35345398861126254 0
vn -0.9354519110754915 0.35345398861126254 0
vn -0.9354519110754915 0.35345398861126254 0
vn -0.9354519110754915 0.35345398861126254 0
vn -0.9354519110754915 0.35345398861126254 0
vn -0.9354519110754915 0.35345398861126254 0
vn -0.9537419245822023 0.30062658115049773 0
vn -0.9537419245822023 0.30062658115049773 0
vn -0.9537419245822023 0.30062658115049773 0
vn -0.9537419245822023 0.30062658115049773 0
vn -0.9537419245822023 0.30062658115049773 0
vn -0.9537419245822023 0.30062658115049773 0
vn -0.9680458857602514 0.2507731306632557 0
vn -0.9680458857602514 0.2507731306632557 0
vn -0.9680458857602514 0.2507731306632557 0
vn -0.9680458857602514 0.2507731306632557 0
vn -0.9680458857602514 0.2507731306632557 0
vn -0.9680458857602514 0.2507731306632557 0
vn -0.9789638521698562 0.204033762266827 0
vn -0.9789638521698562 0.204033762266827 0
vn -0.9789638521698562 0.204033762266827 0
vn -0.9789638521698562 0.204033762266827 0
vn -0.9789638521698562 0.204033762266827 0
vn -0.9789638521698562 0.204033762266827 0
vn -0.9870479201129606 0.16042569432817855 0
vn -0.9870479201129606 0.16042569432817855 0
vn -0.9870479201129606 0.16042569432817855 0
vn -0.9870479201129606 0.16042569432817855 0
vn -0.9870479201129606 0.16042569432817855 0
vn -0.9870479201129606 0.16042569432817855 0
vn -0.9927881196800672 0.11988223146954145 0
vn -0.9927881196800672 0.11988223146954145 0
vn -0.9927881196800672 0.11988223146954145 0
vn -0.9927881196800672 0.11988223146954145 0
vn -0.9927881196800672 0.11988223146954145 0
vn -0.9927881196800672 0.11988223146954145 0
vn -0.9966095840564748 0.08227598049722964 0
vn -0.9966095840564748 0.08227598049722964 0
vn -0.9966095840564748 0.08227598049722964 0
vn -0.9966095840564748 0.08227598049722964 0
vn -0.9966095840564748 0.08227598049722964 0
vn -0.9966095840564748 0.08227598049722964 0
vn -0.9988738753084553 0.04744450680815035 0
vn -0.9988738753084553 0.04744450680815035 0
vn -0.9988738753084553 0.04744450680815035 0
vn -0.9988738753084553 0.04744450680815035 0
vn -0.9988738753084553 0.04744450680815035 0
vn -0.9988738753084553 0.04744450680815035 0
vn -0.9998843815733227 0.0152060345170542 0
vn -0.9998843815733227 0.0152060345170542 0
vn -0.9998843815733227 0.0152060345170542 0
vn -0.9998843815733227 0.0152060345170542 0
vn -0.9998843815733227 0.0152060345170542 0
vn -0.9998843815733227 0.0152060345170542 0
vn -0.9998744589773446 -0.01584507130821571 0
vn -0.9998744589773446 -0.01584507130821571 0
vn -0.9998744589773446 -0.01584507130821571 0
vn -0.9998744589773446 -0.01584507130821571 0
vn -0.9998744589773446 -0.01584507130821571 0
vn -0.9998744589773446 -0.01584507130821571 0
vn -0.9987747649460021 -0.04948705797537611 0
vn -0.9987747649460021 -0.04948705797537611 0
vn -0.9987747649460021 -0.04948705797537611 0
vn -0.9987747649460021 -0.04948705797537611 0
vn -0.9987747649460021 -0.04948705797537611 0
vn -0.9987747649460021 -0.04948705797537611 0
vn -0.9963037591534324 -0.08590005527786036 0
vn -0.9963037591534324 -0.08590005527786036 0
vn -0.9963037591534324 -0.08590005527786036 0
vn -0.9963037591534324 -0.08590005527786036 0
vn -0.9963037591534324 -0.08590005527786036 0
vn -0.9963037591534324 -0.08590005527786036 0
vn -0.9921219902829587 -0.1252755219385691 0
vn -0.9921219902829587 -0.1252755219385691 0
vn -0.9921219902829587 -0.1252755219385691 0
vn -0.9921219902829587 -0.1252755219385691 0
vn -0.9921219902829587 -0.1252755219385691 0
vn -0.9921219902829587 -0.1252755219385691 0
vn -0.9858242858907478 -0.16778103989425416 0
vn -0.9858242858907478 -0.16778103989425416 0
vn -0.9858242858907478 -0.16778103989425416 0
vn -0.9858242858907478 -0.16778103989425416 0
vn -0.9858242858907478 -0.16778103989425416 0
vn -0.9858242858907478 -0.16778103989425416 0
vn -0.9769351699105078 -0.21353611823747098 0
vn -0.9769351699105078 -0.21353611823747098 0
vn -0.9769351699105078 -0.21353611823747098 0
vn -0.9769351699105078 -0.21353611823747098 0
vn -0.9769351699105078 -0.21353611823747098 0
vn -0.9769351699105078 -0.21353611823747098 0
vn -0.9649079789876274 -0.26258825580366724 0
vn -0.9649079789876274 -0.26258825580366724 0
vn -0.9649079789876274 -0.26258825580366724 0
vn -0.9649079789876274 -0.26258825580366724 0
vn -0.9649079789876274 -0.26258825580366724 0
vn -0.9649079789876274 -0.26258825580366724 0
vn -0.9491321062184646 -0.3148781430098016 0
vn -0.9491321062184646 -0.3148781430098016 0
vn -0.9491321062184646 -0.3148781430098016 0
vn -0.9491321062184646 -0.3148781430098016 0
vn -0.9491321062184646 -0.3148781430098016 0
vn -0.9491321062184646 -0.3148781430098016 0
vn -0.9289527299733716 -0.37019835963307557 0
vn -0.9289527299733716 -0.37019835963307557 0
vn -0.9289527299733716 -0.37019835963307557 0
vn -0.9289527299733716 -0.37019835963307557 0
vn -0.9289527299733716 -0.37019835963307557 0
vn -0.9289527299733716 -0.37019835963307557 0
vn -0.9037050016276025 -0.4281556609847113 0
vn -0.9037050016276025 -0.4281556609847113 0
vn -0.9037050016276025 -0.4281556609847113 0
vn -0.9037050016276025 -0.4281556609847113 0
vn -0.9037050016276025 -0.4281556609847113 0
vn -0.9037050016276025 -0.4281556609847113 0
vn -0.8727701967057776 -0.4881313181328956 0
vn -0.8727701967057776 -0.4881313181328956 0
vn -0.8727701967057776 -0.4881313181328956 0
vn -0.8727701967057776 -0.4881313181328956 0
vn -0.8727701967057776 -0.4881313181328956 0
vn -0.8727701967057776 -0.4881313181328956 0
vn -0.83564800958735 -0.5492653312131581 0
vn -0.83564800958735 -0.5492653312131581 0
vn -0.83564800958735 -0.5492653312131581 0
vn -0.83564800958735 -0.5492653312131581 0
vn -0.83564800958735 -0.5492653312131581 0
vn -0.83564800958735 -0.5492653312131581 0
vn -0.7922047058526582 -0.6102554416184288 0
vn -0.7922047058526582 -0.6102554416184288 0
vn -0.7922047058526582 -0.6102554416184288 0
vn -0.7922047058526582 -0.6102554416184288 0
vn -0.7922047058526582 -0.6102554416184288 0
vn -0.7922047058526582 -0.6102554416184288 0
vn -0.7418343972920116 -0.670583124597091 0
vn -0.7418343972920116 -0.670583124597091 0
vn -0.7418343972920116 -0.670583124597091 0
vn -0.7418343972920116 -0.670583124597091 0
vn -0.7418343972920116 -0.670583124597091 0
vn -0.7418343972920116 -0.670583124597091 0
vn -0.6842668207814494 -0.7292317313293818 0
vn -0.6842668207814494 -0.7292317313293818 0
vn -0.6842668207814494 -0.7292317313293818 0
vn -0.6842668207814494 -0.7292317313293818 0
vn -0.6842668207814494 -0.7292317313293818 0
vn -0.6842668207814494 -0.7292317313293818 0
vn -0.6199861851821582 -0.7846127262435109 0
vn -0.6199861851821582 -0.7846127262435109 0
vn -0.6199861851821582 -0.7846127262435109 0
vn -0.6199861851821582 -0.7846127262435109 0
vn -0.6199861851821582 -0.7846127262435109 0
vn -0.6199861851821582 -0.7846127262435109 0
vn -0.5499601840150975 -0.8351908739911375 0
vn -0.5499601840150975 -0.8351908739911375 0
vn -0.5499601840150975 -0.8351908739911375 0
vn -0.5499601840150975 -0.8351908739911375 0
vn -0.5499601840150975 -0.8351908739911375 0
vn -0.5499601840150975 -0.8351908739911375 0
vn -0.47559199720680956 -0.8796659889940261 0
vn -0.47559199720680956 -0.8796659889940261 0
vn -0.47559199720680956 -0.8796659889940261 0
vn -0.47559199720680956 -0.8796659889940261 0
vn -0.47559199720680956 -0.8796659889940261 0
vn -0.47559199720680956 -0.8796659889940261 0
vn -0.3985852269634015 -0.9171312974959113 0
vn -0.3985852269634015 -0.9171312974959113 0
vn -0.3985852269634015 -0.9171312974959113 0
vn -0.3985852269634015 -0.9171312974959113 0
vn -0.3985852269634015 -0.9171312974959113 0
vn -0.3985852269634015 -0.9171312974959113 0
vn -0.3207555093931827 -0.9471620258403098 0
vn -0.3207555093931827 -0.9471620258403098 0
vn -0.3207555093931827 -0.9471620258403098 0
vn -0.3207555093931827 -0.9471620258403098 0
vn -0.3207555093931827 -0.9471620258403098 0
vn -0.3207555093931827 -0.9471620258403098 0
vn -0.24383312035367968 -0.9698172041259054 0
vn -0.24383312035367968 -0.9698172041259054 0
vn -0.24383312035367968 -0.9698172041259054 0
vn -0.24383312035367968 -0.9698172041259054 0
vn -0.24383312035367968 -0.9698172041259054 0
vn -0.24383312035367968 -0.9698172041259054 0
vn -0.16929905423161754 -0.9855647265584739 0
vn -0.16929905423161754 -0.9855647265584739 0
vn -0.16929905423161754 -0.9855647265584739 0
vn -0.16929905423161754 -0.9855647265584739 0
vn -0.16929905423161754 -0.9855647265584739 0
vn -0.16929905423161754 -0.9855647265584739 0
vn -0.09829450483573811 -0.9951573696250744 0
vn -0.09829450483573811 -0.9951573696250744 0
vn -0.09829450483573811 -0.9951573696250744 0
vn -0.09829450483573811 -0.9951573696250744 0
vn -0.09829450483573811 -0.9951573696250744 0
vn -0.09829450483573811 -0.9951573696250744 0
vn -0.03159153064659788 -0.9995008630268436 0
vn -0.03159153064659788 -0.9995008630268436 0
vn -0.03159153064659788 -0.9995008630268436 0
vn -0.03159153064659788 -0.9995008630268436 0
vn -0.03159153064659788 -0.9995008630268436 0
vn -0.03159153064659788 -0.9995008630268436 0
vn 0.02568862461975329 -0.9996699928302067 0
vn 0.02568862461975329 -0.9996699928302067 0
vn 0.02568862461975329 -0.9996699928302067 0
vn 0.02568862461975329 -0.9996699928302067 0
vn 0.02568862461975329 -0.9996699928302067 0
vn 0.02568862461975329 -0.9996699928302067 0
vn 0.07976939429977856 -0.996813344479821 0
vn 0.07976939429977856 -0.996813344479821 0
vn 0.07976939429977856 -0.996813344479821 0
vn 0.07976939429977856 -0.996813344479821 0
vn 0.07976939429977856 -0.996813344479821 0
vn 0.07976939429977856 -0.996813344479821 0
vn 0.13733582381646647 -0.9905245436114406 0
vn 0.13733582381646647 -0.9905245436114406 0
vn 0.13733582381646647 -0.9905245436114406 0
vn 0.13733582381646647 -0.9905245436114406 0
vn 0.13733582381646647 -0.9905245436114406 0
vn 0.13733582381646647 -0.9905245436114406 0
vn 0.19809821348338402 -0.9801821758299278 0
vn 0.19809821348338402 -0.9801821758299278 0
vn 0.19809821348338402 -0.9801821758299278 0
vn 0.19809821348338402 -0.9801821758299278 0
vn 0.19809821348338402 -0.9801821758299278 0
vn 0.19809821348338402 -0.9801821758299278 0
vn 0.2615721274668251 -0.9651839317624799 0
vn 0.2615721274668251 -0.9651839317624799 0
vn 0.2615721274668251 -0.9651839317624799 0
vn 0.2615721274668251 -0.9651839317624799 0
vn 0.2615721274668251 -0.9651839317624799 0
vn 0.2615721274668251 -0.9651839317624799 0
vn 0.32706265928176825 -0.9450026544425882 0
vn 0.32706265928176825 -0.9450026544425882 0
vn 0.32706265928176825 -0.9450026544425882 0
vn 0.32706265928176825 -0.9450026544425882 0
vn 0.32706265928176825 -0.9450026544425882 0
vn 0.32706265928176825 -0.9450026544425882 0
vn 0.3936639190898397 -0.919254436381369 0
vn 0.3936639190898397 -0.919254436381369 0
vn 0.3936639190898397 -0.919254436381369 0
vn 0.3936639190898397 -0.919254436381369 0
vn 0.3936639190898397 -0.919254436381369 0
vn 0.3936639190898397 -0.919254436381369 0
vn 0.46029594819509434 -0.8877655321509047 0
vn 0.46029594819509434 -0.8877655321509047 0
vn 0.46029594819509434 -0.8877655321509047 0
vn 0.46029594819509434 -0.8877655321509047 0
vn 0.46029594819509434 -0.8877655321509047 0
vn 0.46029594819509434 -0.8877655321509047 0
vn 0.5257696005391024 -0.8506270199969859 0
vn 0.5257696005391024 -0.8506270199969859 0
vn 0.5257696005391024 -0.8506270199969859 0
vn 0.5257696005391024 -0.8506270199969859 0
vn 0.5257696005391024 -0.8506270199969859 0
vn 0.5257696005391024 -0.8506270199969859 0
vn 0.5888713654797925 -0.8082267719631442 0
vn 0.5888713654797925 -0.8082267719631442 0
vn 0.5888713654797925 -0.8082267719631442 0
vn 0.5888713654797925 -0.8082267719631442 0
vn 0.5888713654797925 -0.8082267719631442 0
vn 0.5888713654797925 -0.8082267719631442 0
vn 0.6484833316094784 -0.7612288543037968 0
vn 0.6484833316094784 -0.7612288543037968 0
vn 0.6484833316094784 -0.7612288543037968 0
vn 0.6484833316094784 -0.7612288543037968 0
vn 0.6484833316094784 -0.7612288543037968 0
vn 0.6484833316094784 -0.7612288543037968 0
vn 0.7036612059692781 -0.710535648095056 0
vn 0.7036612059692781 -0.710535648095056 0
vn 0.7036612059692781 -0.710535648095056 0
vn 0.7036612059692781 -0.710535648095056 0
vn 0.7036612059692781 -0.710535648095056 0
vn 0.7036612059692781 -0.710535648095056 0
vn 0.7535418336922745 -0.6573999580739904 0
vn 0.7535418336922745 -0.6573999580739904 0
vn 0.7535418336922745 -0.6573999580739904 0
vn 0.7535418336922745 -0.6573999580739904 0
vn 0.7535418336922745 -0.6573999580739904 0
vn 0.7535418336922745 -0.6573999580739904 0
vn 0.7991481983702262 -0.6011340591262663 0
vn 0.7991481983702262 -0.6011340591262663 0
vn 0.7991481983702262 -0.6011340591262663 0
vn 0.7991481983702262 -0.6011340591262663 0
vn 0.7991481983702262 -0.6011340591262663 0
vn 0.7991481983702262 -0.6011340591262663 0
vn 0.8404743063805118 -0.541851400583405 0
vn 0.8404743063805118 -0.541851400583405 0
vn 0.8404743063805118 -0.541851400583405 0
vn 0.8404743063805118 -0.541851400583405 0
vn 0.8404743063805118 -0.541851400583405 0
vn 0.8404743063805118 -0.541851400583405 0
vn 0.8769756362655108 -0.4805348409810701 0
vn 0.8769756362655108 -0.4805348409810701 0
vn 0.8769756362655108 -0.4805348409810701 0
vn 0.8769756362655108 -0.4805348409810701 0
vn 0.8769756362655108 -0.4805348409810701 0
vn 0.8769756362655108 -0.4805348409810701 0
vn 0.908343797099085 -0.4182242774775469 0
vn 0.908343797099085 -0.4182242774775469 0
vn 0.908343797099085 -0.4182242774775469 0
vn 0.908343797099085 -0.4182242774775469 0
vn 0.908343797099085 -0.4182242774775469 0
vn 0.908343797099085 -0.4182242774775469 0
vn 0.9345133433876127 -0.35592809811885573 0
vn 0.9345133433876127 -0.35592809811885573 0
vn 0.9345133433876127 -0.35592809811885573 0
vn 0.9345133433876127 -0.35592809811885573 0
vn 0.9345133433876127 -0.35592809811885573 0
vn 0.9345133433876127 -0.35592809811885573 0
vn 0.9556303559117778 -0.29456853677867356 0
vn 0.9556303559117778 -0.29456853677867356 0
vn 0.9556303559117778 -0.29456853677867356 0
vn 0.9556303559117778 -0.29456853677867356 0
vn 0.9556303559117778 -0.29456853677867356 0
vn 0.9556303559117778 -0.29456853677867356 0
vn 0.9720166532179471 -0.2349119534357103 0
vn 0.9720166532179471 -0.2349119534357103 0
vn 0.9720166532179471 -0.2349119534357103 0
vn 0.9720166532179471 -0.2349119534357103 0
vn 0.9720166532179471 -0.2349119534357103 0
vn 0.9720166532179471 -0.2349119534357103 0
vn 0.984107319924971 -0.17757472475014738 0
vn 0.984107319924971 -0.17757472475014738 0
vn 0.984107319924971 -0.17757472475014738 0
vn 0.984107319924971 -0.17757472475014738 0
vn 0.984107319924971 -0.17757472475014738 0
vn 0.984107319924971 -0.17757472475014738 0
vn 0.992408507868269 -0.12298517597936734 0
vn 0.992408507868269 -0.12298517597936734 0
vn 0.992408507868269 -0.12298517597936734 0
vn 0.992408507868269 -0.12298517597936734 0
vn 0.992408507868269 -0.12298517597936734 0
vn 0.992408507868269 -0.12298517597936734 0
vn 0.9974468258209376 -0.07141309165507513 0
vn 0.9974468258209376 -0.07141309165507513 0
vn 0.9974468258209376 -0.07141309165507513 0
vn 0.9974468258209376 -0.07141309165507513 0
vn 0.9974468258209376 -0.07141309165507513 0
vn 0.9974468258209376 -0.07141309165507513 0
vn 0.9997353101972478 -0.023006728250935415 0
vn 0.9997353101972478 -0.023006728250935415 0
vn 0.9997353101972478 -0.023006728250935415 0
vn 0.9997353101972478 -0.023006728250935415 0
vn 0.9997353101972478 -0.023006728250935415 0
vn 0.9997353101972478 -0.023006728250935415 0
vn 0.9997225542207072 0.02355450238118407 0
vn 0.9997225542207072 0.02355450238118407 0
vn 0.9997225542207072 0.02355450238118407 0
vn 0.9997225542207072 0.02355450238118407 0
vn 0.9997225542207072 0.02355450238118407 0
vn 0.9997225542207072 0.02355450238118407 0
vn -0.9979660155987443 0.06374818985639355 0
vn -0.9979660155987443 0.06374818985639355 0
vn -0.9979660155987443 0.06374818985639355 0
vn -0.9979660155987443 0.06374818985639355 0
vn -0.9979660155987443 0.06374818985639355 0
vn -0.9979660155987443 0.06374818985639355 0
vn -0.9939358402356612 0.10996156371673824 0
vn -0.9939358402356612 0.10996156371673824 0
vn -0.9939358402356612 0.10996156371673824 0
vn -0.9939358402356612 0.10996156371673824 0
vn -0.9939358402356612 0.10996156371673824 0
vn -0.9939358402356612 0.10996156371673824 0
vn -0.9872547397232235 0.15914797797656774 0
vn -0.9872547397232235 0.15914797797656774 0
vn -0.9872547397232235 0.15914797797656774 0
vn -0.9872547397232235 0.15914797797656774 0
vn -0.9872547397232235 0.15914797797656774 0
vn -0.9872547397232235 0.15914797797656774 0
vn -0.97744434619594 0.2111931582452226 0
vn -0.97744434619594 0.2111931582452226 0
vn -0.97744434619594 0.2111931582452226 0
vn -0.97744434619594 0.2111931582452226 0
vn -0.97744434619594 0.2111931582452226 0
vn -0.97744434619594 0.2111931582452226 0
vn -0.9640076391463461 0.26587454121725956 0
vn -0.9640076391463461 0.26587454121725956 0
vn -0.9640076391463461 0.26587454121725956 0
vn -0.9640076391463461 0.26587454121725956 0
vn -0.9640076391463461 0.26587454121725956 0
vn -0.9640076391463461 0.26587454121725956 0
vn -0.9464595045623101 0.32282256151586813 0
vn -0.9464595045623101 0.32282256151586813 0
vn -0.9464595045623101 0.32282256151586813 0
vn -0.9464595045623101 0.32282256151586813 0
vn -0.9464595045623101 0.32282256151586813 0
vn -0.9464595045623101 0.32282256151586813 0
vn -0.9243628957665854 0.3815143993744049 0
vn -0.9243628957665854 0.3815143993744049 0
vn -0.9243628957665854 0.3815143993744049 0
vn -0.9243628957665854 0.3815143993744049 0
vn -0.9243628957665854 0.3815143993744049 0
vn -0.9243628957665854 0.3815143993744049 0
vn -0.8973825050313049 0.44125348685731636 0
vn -0.8973825050313049 0.44125348685731636 0
vn -0.8973825050313049 0.44125348685731636 0
vn -0.8973825050313049 0.44125348685731636 0
vn -0.8973825050313049 0.44125348685731636 0
vn -0.8973825050313049 0.44125348685731636 0
vn -0.865323486481593 0.5012137904560692 0
vn -0.865323486481593 0.5012137904560692 0
vn -0.865323486481593 0.5012137904560692 0
vn -0.865323486481593 0.5012137904560692 0
vn -0.865323486481593 0.5012137904560692 0
vn -0.865323486481593 0.5012137904560692 0
vn -0.8281938526362844 0.56044173868072 0
vn -0.8281938526362844 0.56044173868072 0
vn -0.8281938526362844 0.56044173868072 0
vn -0.8281938526362844 0.56044173868072 0
vn -0.8281938526362844 0.56044173868072 0
vn -0.8281938526362844 0.56044173868072 0
vn -0.7862126620157637 0.6179560260132486 0
vn -0.7862126620157637 0.6179560260132486 0
vn -0.7862126620157637 0.6179560260132486 0
vn -0.7862126620157637 0.6179560260132486 0
vn -0.7862126620157637 0.6179560260132486 0
vn -0.7862126620157637 0.6179560260132486 0
vn -0.7394977765570357 0.6731589993955368 0
vn -0.7394977765570357 0.6731589993955368 0
vn -0.7394977765570357 0.6731589993955368 0
vn -0.7394977765570357 0.6731589993955368 0
vn -0.7394977765570357 0.6731589993955368 0
vn -0.7394977765570357 0.6731589993955368 0
vn -0.6869268017330387 0.7267266123246202 0
vn -0.6869268017330387 0.7267266123246202 0
vn -0.6869268017330387 0.7267266123246202 0
vn -0.6869268017330387 0.7267266123246202 0
vn -0.6869268017330387 0.7267266123246202 0
vn -0.6869268017330387 0.7267266123246202 0
vn -0.628774637983932 0.7775875864673866 0
vn -0.628774637983932 0.7775875864673866 0
vn -0.628774637983932 0.7775875864673866 0
vn -0.628774637983932 0.7775875864673866 0
vn -0.628774637983932 0.7775875864673866 0
vn -0.628774637983932 0.7775875864673866 0
vn -0.5657571988926572 0.8245718840108085 0
vn -0.5657571988926572 0.8245718840108085 0
vn -0.5657571988926572 0.8245718840108085 0
vn -0.5657571988926572 0.8245718840108085 0
vn -0.5657571988926572 0.8245718840108085 0
vn -0.5657571988926572 0.8245718840108085 0
vn -0.4989013999807166 0.8666587523917825 0
vn -0.4989013999807166 0.8666587523917825 0
vn -0.4989013999807166 0.8666587523917825 0
vn -0.4989013999807166 0.8666587523917825 0
vn -0.4989013999807166 0.8666587523917825 0
vn -0.4989013999807166 0.8666587523917825 0
vn -0.4294585919228952 0.9030865505717621 0
vn -0.4294585919228952 0.9030865505717621 0
vn -0.4294585919228952 0.9030865505717621 0
vn -0.4294585919228952 0.9030865505717621 0
vn -0.4294585919228952 0.9030865505717621 0
vn -0.4294585919228952 0.9030865505717621 0
vn -0.3587918494468612 0.9334175961328888 0
vn -0.3587918494468612 0.9334175961328888 0
vn -0.3587918494468612 0.9334175961328888 0
vn -0.3587918494468612 0.9334175961328888 0
vn -0.3587918494468612 0.9334175961328888 0
vn -0.3587918494468612 0.9334175961328888 0
vn -0.28825306426262975 0.9575542652733601 0
vn -0.28825306426262975 0.9575542652733601 0
vn -0.28825306426262975 0.9575542652733601 0
vn -0.28825306426262975 0.9575542652733601 0
vn -0.28825306426262975 0.9575542652733601 0
vn -0.28825306426262975 0.9575542652733601 0
vn -0.21906891672342918 0.9757093879458284 0
vn -0.21906891672342918 0.9757093879458284 0
vn -0.21906891672342918 0.9757093879458284 0
vn -0.21906891672342918 0.9757093879458284 0
vn -0.21906891672342918 0.9757093879458284 0
vn -0.21906891672342918 0.9757093879458284 0
vn -0.15225196239412234 0.9883417121356046 0
vn -0.15225196239412234 0.9883417121356046 0
vn -0.15225196239412234 0.9883417121356046 0
vn -0.15225196239412234 0.9883417121356046 0
vn -0.15225196239412234 0.9883417121356046 0
vn -0.15225196239412234 0.9883417121356046 0
vn -0.08857233978311724 0.9960697468678305 0
vn -0.08857233978311724 0.9960697468678305 0
vn -0.08857233978311724 0.9960697468678305 0
vn -0.08857233978311724 0.9960697468678305 0
vn -0.08857233978311724 0.9960697468678305 0
vn -0.08857233978311724 0.9960697468678305 0
vn -0.028545724363201144 0.9995924877771842 0
vn -0.028545724363201144 0.9995924877771842 0
vn -0.028545724363201144 0.9995924877771842 0
vn -0.028545724363201144 0.9995924877771842 0
vn -0.028545724363201144 0.9995924877771842 0
vn -0.028545724363201144 0.9995924877771842 0
vn 0.023784423109932208 0.9997171105954563 0
vn 0.023784423109932208 0.9997171105954563 0
vn 0.023784423109932208 0.9997171105954563 0
vn 0.023784423109932208 0.9997171105954563 0
vn 0.023784423109932208 0.9997171105954563 0
vn 0.023784423109932208 0.9997171105954563 0
vn 0.07260406882323044 0.9973608420177281 0
vn 0.07260406882323044 0.9973608420177281 0
vn 0.07260406882323044 0.9973608420177281 0
vn 0.07260406882323044 0.9973608420177281 0
vn 0.07260406882323044 0.9973608420177281 0
vn 0.07260406882323044 0.9973608420177281 0
vn 0.12285568550882876 0.9924245465213745 0
vn 0.12285568550882876 0.9924245465213745 0
vn 0.12285568550882876 0.9924245465213745 0
vn 0.12285568550882876 0.9924245465213745 0
vn 0.12285568550882876 0.9924245465213745 0
vn 0.12285568550882876 0.9924245465213745 0
vn 0.17420247132306818 0.9847098552289073 0
vn 0.17420247132306818 0.9847098552289073 0
vn 0.17420247132306818 0.9847098552289073 0
vn 0.17420247132306818 0.9847098552289073 0
vn 0.17420247132306818 0.9847098552289073 0
vn 0.17420247132306818 0.9847098552289073 0
vn 0.22624915544204824 0.9740694634684735 0
vn 0.22624915544204824 0.9740694634684735 0
vn 0.22624915544204824 0.9740694634684735 0
vn 0.22624915544204824 0.9740694634684735 0
vn 0.22624915544204824 0.9740694634684735 0
vn 0.22624915544204824 0.9740694634684735 0
vn 0.2785547335109959 0.9604203561142475 0
vn 0.2785547335109959 0.9604203561142475 0
vn 0.2785547335109959 0.9604203561142475 0
vn 0.2785547335109959 0.9604203561142475 0
vn 0.2785547335109959 0.9604203561142475 0
vn 0.2785547335109959 0.9604203561142475 0
vn 0.3306478580705328 0.9437542020851449 0
vn 0.3306478580705328 0.9437542020851449 0
vn 0.3306478580705328 0.9437542020851449 0
vn 0.3306478580705328 0.9437542020851449 0
vn 0.3306478580705328 0.9437542020851449 0
vn 0.3306478580705328 0.9437542020851449 0
vn 0.3820424758993885 0.9241447649630793 0
vn 0.3820424758993885 0.9241447649630793 0
vn 0.3820424758993885 0.9241447649630793 0
vn 0.3820424758993885 0.9241447649630793 0
vn 0.3820424758993885 0.9241447649630793 0
vn 0.3820424758993885 0.9241447649630793 0
vn 0.4322709209172646 0.9017437834159657 0
vn 0.4322709209172646 0.9017437834159657 0
vn 0.4322709209172646 0.9017437834159657 0
vn 0.4322709209172646 0.9017437834159657 0
vn 0.4322709209172646 0.9017437834159657 0
vn 0.4322709209172646 0.9017437834159657 0
vn 0.4808859140359191 0.87678317598015 0
vn 0.4808859140359191 0.87678317598015 0
vn 0.4808859140359191 0.87678317598015 0
vn 0.4808859140359191 0.87678317598015 0
vn 0.4808859140359191 0.87678317598015 0
vn 0.4808859140359191 0.87678317598015 0
vn 0.5275023496440336 0.8495535716598593 0
vn 0.5275023496440336 0.8495535716598593 0
vn 0.5275023496440336 0.8495535716598593 0
vn 0.5275023496440336 0.8495535716598593 0
vn 0.5275023496440336 0.8495535716598593 0
vn 0.5275023496440336 0.8495535716598593 0
vn 0.5717954771754725 0.8203962044534785 0
vn 0.5717954771754725 0.8203962044534785 0
vn 0.5717954771754725 0.8203962044534785 0
vn 0.5717954771754725 0.8203962044534785 0
vn 0.5717954771754725 0.8203962044534785 0
vn 0.5717954771754725 0.8203962044534785 0
vn 0.6119601223996638 0.7908886195872266 0
vn 0.6119601223996638 0.7908886195872266 0
vn 0.6119601223996638 0.7908886195872266 0
vn 0.6119601223996638 0.7908886195872266 0
vn 0.6119601223996638 0.7908886195872266 0
vn 0.6119601223996638 0.7908886195872266 0
vn 0.6488021019163037 0.7609571818105052 0
vn 0.6488021019163037 0.7609571818105052 0
vn 0.6488021019163037 0.7609571818105052 0
vn 0.6488021019163037 0.7609571818105052 0
vn 0.6488021019163037 0.7609571818105052 0
vn 0.6488021019163037 0.7609571818105052 0
vn 0.6839852187112284 0.7294958674211616 0
vn 0.6839852187112284 0.7294958674211616 0
vn 0.6839852187112284 0.7294958674211616 0
vn 0.6839852187112284 0.7294958674211616 0
vn 0.6839852187112284 0.7294958674211616 0
vn 0.6839852187112284 0.7294958674211616 0
vn 0.7173135914587919 0.6967504657397002 0
vn 0.7173135914587919 0.6967504657397002 0
vn 0.7173135914587919 0.6967504657397002 0
vn 0.7173135914587919 0.6967504657397002 0
vn 0.7173135914587919 0.6967504657397002 0
vn 0.7173135914587919 0.6967504657397002 0
vn 0.74863201892576 0.6629857466334704 0
vn 0.74863201892576 0.6629857466334704 0
vn 0.74863201892576 0.6629857466334704 0
vn 0.74863201892576 0.6629857466334704 0
vn 0.74863201892576 0.6629857466334704 0
vn 0.74863201892576 0.6629857466334704 0
vn 0.7778334465848176 0.6284704681796781 0
vn 0.7778334465848176 0.6284704681796781 0
vn 0.7778334465848176 0.6284704681796781 0
vn 0.7778334465848176 0.6284704681796781 0
vn 0.7778334465848176 0.6284704681796781 0
vn 0.7778334465848176 0.6284704681796781 0
vn 0.8048512436852704 0.5934766006661708 0
vn 0.8048512436852704 0.5934766006661708 0
vn 0.8048512436852704 0.5934766006661708 0
vn 0.8048512436852704 0.5934766006661708 0
vn 0.8048512436852704 0.5934766006661708 0
vn 0.8048512436852704 0.5934766006661708 0
vn 0.8296600193810606 0.5582689783971684 0
vn 0.8296600193810606 0.5582689783971684 0
vn 0.8296600193810606 0.5582689783971684 0
vn 0.8296600193810606 0.5582689783971684 0
vn 0.8296600193810606 0.5582689783971684 0
vn 0.8296600193810606 0.5582689783971684 0
vn 0.8522820968005738 0.5230824289471185 0
vn 0.8522820968005738 0.5230824289471185 0
vn 0.8522820968005738 0.5230824289471185 0
vn 0.8522820968005738 0.5230824289471185 0
vn 0.8522820968005738 0.5230824289471185 0
vn 0.8522820968005738 0.5230824289471185 0
vn 0.8727623814199115 0.4881452914637659 0
vn 0.8727623814199115 0.4881452914637659 0
vn 0.8727623814199115 0.4881452914637659 0
vn 0.8727623814199115 0.4881452914637659 0
vn 0.8727623814199115 0.4881452914637659 0
vn 0.8727623814199115 0.4881452914637659 0
vn 0.8911793889584514 0.45365107372918356 0
vn 0.8911793889584514 0.45365107372918356 0
vn 0.8911793889584514 0.45365107372918356 0
vn 0.8911793889584514 0.45365107372918356 0
vn 0.8911793889584514 0.45365107372918356 0
vn 0.8911793889584514 0.45365107372918356 0
vn 0.9076308681362318 0.41976923089510726 0
vn 0.9076308681362318 0.41976923089510726 0
vn 0.9076308681362318 0.41976923089510726 0
vn 0.9076308681362318 0.41976923089510726 0
vn 0.9076308681362318 0.41976923089510726 0
vn 0.9076308681362318 0.41976923089510726 0
vn 0.9229163739792626 0.38500047615680894 0
vn 0.9229163739792626 0.38500047615680894 0
vn 0.9229163739792626 0.38500047615680894 0
vn 0.9229163739792626 0.38500047615680894 0
vn 0.9229163739792626 0.38500047615680894 0
vn 0.9229163739792626 0.38500047615680894 0
vn 0.9372117548555409 0.3487608443627201 0
vn 0.9372117548555409 0.3487608443627201 0
vn 0.9372117548555409 0.3487608443627201 0
vn 0.9372117548555409 0.3487608443627201 0
vn 0.9372117548555409 0.3487608443627201 0
vn 0.9372117548555409 0.3487608443627201 0
vn 0.9498765936390515 0.3126251059282862 0
vn 0.9498765936390515 0.3126251059282862 0
vn 0.9498765936390515 0.3126251059282862 0
vn 0.9498765936390515 0.3126251059282862 0
vn 0.9498765936390515 0.3126251059282862 0
vn 0.9498765936390515 0.3126251059282862 0
vn 0.960940621510319 0.2767546240469373 0
vn 0.960940621510319 0.2767546240469373 0
vn 0.960940621510319 0.2767546240469373 0
vn 0.960940621510319 0.2767546240469373 0
vn 0.960940621510319 0.2767546240469373 0
vn 0.960940621510319 0.2767546240469373 0
vn 0.9704482544869598 0.24130931470461883 0
vn 0.9704482544869598 0.24130931470461883 0
vn 0.9704482544869598 0.24130931470461883 0
vn 0.9704482544869598 0.24130931470461883 0
vn 0.9704482544869598 0.24130931470461883 0
vn 0.9704482544869598 0.24130931470461883 0
vn 0.9784628317339461 0.2064230774772714 0
vn 0.9784628317339461 0.2064230774772714 0
vn 0.9784628317339461 0.2064230774772714 0
vn 0.9784628317339461 0.2064230774772714 0
vn 0.9784628317339461 0.2064230774772714 0
vn 0.9784628317339461 0.2064230774772714 0
vn 0.9850587690006793 0.172218528663052 0
vn 0.9850587690006793 0.172218528663052 0
vn 0.9850587690006793 0.172218528663052 0
vn 0.9850587690006793 0.172218528663052 0
vn 0.9850587690006793 0.172218528663052 0
vn 0.9850587690006793 0.172218528663052 0
vn 0.9903208761318925 0.13879683821096603 0
vn 0.9903208761318925 0.13879683821096603 0
vn 0.9903208761318925 0.13879683821096603 0
vn 0.9903208761318925 0.13879683821096603 0
vn 0.9903208761318925 0.13879683821096603 0
vn 0.9903208761318925 0.13879683821096603 0
vn 0.9943399623689511 0.10624518453140969 0
vn 0.9943399623689511 0.10624518453140969 0
vn 0.9943399623689511 0.10624518453140969 0
vn 0.9943399623689511 0.10624518453140969 0
vn 0.9943399623689511 0.10624518453140969 0
vn 0.9943399623689511 0.10624518453140969 0
vn 0.9972112780713097 0.07463020090677125 0
vn 0.9972112780713097 0.07463020090677125 0
vn 0.9972112780713097 0.07463020090677125 0
vn 0.9972112780713097 0.07463020090677125 0
vn 0.9972112780713097 0.07463020090677125 0
vn 0.9972112780713097 0.07463020090677125 0
vn 0.9990312552018683 0.044006262392747415 0
vn 0.9990312552018683 0.044006262392747415 0
vn 0.9990312552018683 0.044006262392747415 0
vn 0.9990312552018683 0.044006262392747415 0
vn 0.9990312552018683 0.044006262392747415 0
vn 0.9990312552018683 0.044006262392747415 0
vn 0.9998962311184298 0.014405797276079928 0
vn 0.9998962311184298 0.014405797276079928 0
vn 0.9998962311184298 0.014405797276079928 0
vn 0.9998962311184298 0.014405797276079928 0
vn 0.9998962311184298 0.014405797276079928 0
vn 0.9998962311184298 0.014405797276079928 0
vn 0.9996753352673835 -0.02547987555002022 0
vn 0.9996753352673835 -0.02547987555002022 0
vn 0.9996753352673835 -0.02547987555002022 0
vn 0.9996753352673835 -0.02547987555002022 0
vn 0.9996753352673835 -0.02547987555002022 0
vn 0.9996753352673835 -0.02547987555002022 0
vn 0.9968653914943798 -0.07911631463078171 0
vn 0.9968653914943798 -0.07911631463078171 0
vn 0.9968653914943798 -0.07911631463078171 0
vn 0.9968653914943798 -0.07911631463078171 0
vn 0.9968653914943798 -0.07911631463078171 0
vn 0.9968653914943798 -0.07911631463078171 0
vn 0.9906809278383645 -0.13620315421207202 0
vn 0.9906809278383645 -0.13620315421207202 0
vn 0.9906809278383645 -0.13620315421207202 0
vn 0.9906809278383645 -0.13620315421207202 0
vn 0.9906809278383645 -0.13620315421207202 0
vn 0.9906809278383645 -0.13620315421207202 0
vn 0.9805111702214259 -0.19646334281745806 0
vn 0.9805111702214259 -0.19646334281745806 0
vn 0.9805111702214259 -0.19646334281745806 0
vn 0.9805111702214259 -0.19646334281745806 0
vn 0.9805111702214259 -0.19646334281745806 0
vn 0.9805111702214259 -0.19646334281745806 0
vn 0.9657612102911921 -0.259432620726253 0
vn 0.9657612102911921 -0.259432620726253 0
vn 0.9657612102911921 -0.259432620726253 0
vn 0.9657612102911921 -0.259432620726253 0
vn 0.9657612102911921 -0.259432620726253 0
vn 0.9657612102911921 -0.259432620726253 0
vn 0.9459078307572972 -0.3244354723392996 0
vn 0.9459078307572972 -0.3244354723392996 0
vn 0.9459078307572972 -0.3244354723392996 0
vn 0.9459078307572972 -0.3244354723392996 0
vn 0.9459078307572972 -0.3244354723392996 0
vn 0.9459078307572972 -0.3244354723392996 0
vn 0.9205632125269971 -0.39059361456886965 0
vn 0.9205632125269971 -0.39059361456886965 0
vn 0.9205632125269971 -0.39059361456886965 0
vn 0.9205632125269971 -0.39059361456886965 0
vn 0.9205632125269971 -0.39059361456886965 0
vn 0.9205632125269971 -0.39059361456886965 0
vn 0.8895418064874775 -0.4568537780417221 0
vn 0.8895418064874775 -0.4568537780417221 0
vn 0.8895418064874775 -0.4568537780417221 0
vn 0.8895418064874775 -0.4568537780417221 0
vn 0.8895418064874775 -0.4568537780417221 0
vn 0.8895418064874775 -0.4568537780417221 0
vn 0.8529140312225459 -0.5220513914776072 0
vn 0.8529140312225459 -0.5220513914776072 0
vn 0.8529140312225459 -0.5220513914776072 0
vn 0.8529140312225459 -0.5220513914776072 0
vn 0.8529140312225459 -0.5220513914776072 0
vn 0.8529140312225459 -0.5220513914776072 0
vn 0.811041000894419 -0.5849893117555046 0
vn 0.811041000894419 -0.5849893117555046 0
vn 0.811041000894419 -0.5849893117555046 0
vn 0.811041000894419 -0.5849893117555046 0
vn 0.811041000894419 -0.5849893117555046 0
vn 0.811041000894419 -0.5849893117555046 0
vn 0.7645565472486038 -0.6445566585330522 0
vn 0.7645565472486038 -0.6445566585330522 0
vn 0.7645565472486038 -0.6445566585330522 0
vn 0.7645565472486038 -0.6445566585330522 0
vn 0.7645565472486038 -0.6445566585330522 0
vn 0.7645565472486038 -0.6445566585330522 0
vn 0.7143319827710003 -0.6998069865258929 0
vn 0.7143319827710003 -0.6998069865258929 0
vn 0.7143319827710003 -0.6998069865258929 0
vn 0.7143319827710003 -0.6998069865258929 0
vn 0.7143319827710003 -0.6998069865258929 0
vn 0.7143319827710003 -0.6998069865258929 0
vn 0.6630589228137729 -0.7485672079893957 0
vn 0.6630589228137729 -0.7485672079893957 0
vn 0.6630589228137729 -0.7485672079893957 0
vn 0.6630589228137729 -0.7485672079893957 0
vn 0.6630589228137729 -0.7485672079893957 0
vn 0.6630589228137729 -0.7485672079893957 0
vn 0.6099116864635304 -0.7924693903963811 0
vn 0.6099116864635304 -0.7924693903963811 0
vn 0.6099116864635304 -0.7924693903963811 0
vn 0.6099116864635304 -0.7924693903963811 0
vn 0.6099116864635304 -0.7924693903963811 0
vn 0.6099116864635304 -0.7924693903963811 0
vn 0.5532833515722145 -0.8329931169421614 0
vn 0.5532833515722145 -0.8329931169421614 0
vn 0.5532833515722145 -0.8329931169421614 0
vn 0.5532833515722145 -0.8329931169421614 0
vn 0.5532833515722145 -0.8329931169421614 0
vn 0.5532833515722145 -0.8329931169421614 0
vn 0.4939448477850982 -0.8694932359406575 0
vn 0.4939448477850982 -0.8694932359406575 0
vn 0.4939448477850982 -0.8694932359406575 0
vn 0.4939448477850982 -0.8694932359406575 0
vn 0.4939448477850982 -0.8694932359406575 0
vn 0.4939448477850982 -0.8694932359406575 0
vn 0.43278711177805174 -0.9014961541120474 0
vn 0.43278711177805174 -0.9014961541120474 0
vn 0.43278711177805174 -0.9014961541120474 0
vn 0.43278711177805174 -0.9014961541120474 0
vn 0.43278711177805174 -0.9014961541120474 0
vn 0.43278711177805174 -0.9014961541120474 0
vn 0.3707585601298133 -0.9287292878392862 0
vn 0.3707585601298133 -0.9287292878392862 0
vn 0.3707585601298133 -0.9287292878392862 0
vn 0.3707585601298133 -0.9287292878392862 0
vn 0.3707585601298133 -0.9287292878392862 0
vn 0.3707585601298133 -0.9287292878392862 0
vn 0.30876854732866893 -0.9511372057597912 0
vn 0.30876854732866893 -0.9511372057597912 0
vn 0.30876854732866893 -0.9511372057597912 0
vn 0.30876854732866893 -0.9511372057597912 0
vn 0.30876854732866893 -0.9511372057597912 0
vn 0.30876854732866893 -0.9511372057597912 0
vn 0.24768671316821794 -0.9688401788323628 0
vn 0.24768671316821794 -0.9688401788323628 0
vn 0.24768671316821794 -0.9688401788323628 0
vn 0.24768671316821794 -0.9688401788323628 0
vn 0.24768671316821794 -0.9688401788323628 0
vn 0.24768671316821794 -0.9688401788323628 0
vn 0.1882289380220905 -0.9821251788296012 0
vn 0.1882289380220905 -0.9821251788296012 0
vn 0.1882289380220905 -0.9821251788296012 0
vn 0.1882289380220905 -0.9821251788296012 0
vn 0.1882289380220905 -0.9821251788296012 0
vn 0.1882289380220905 -0.9821251788296012 0
vn 0.1309867833060563 -0.9913841145585963 0
vn 0.1309867833060563 -0.9913841145585963 0
vn 0.1309867833060563 -0.9913841145585963 0
vn 0.1309867833060563 -0.9913841145585963 0
vn 0.1309867833060563 -0.9913841145585963 0
vn 0.1309867833060563 -0.9913841145585963 0
vn 0.07637885751048026 -0.997078868558247 0
vn 0.07637885751048026 -0.997078868558247 0
vn 0.07637885751048026 -0.997078868558247 0
vn 0.07637885751048026 -0.997078868558247 0
vn 0.07637885751048026 -0.997078868558247 0
vn 0.07637885751048026 -0.997078868558247 0
vn 0.02469289727936588 -0.999695083925069 0
vn 0.02469289727936588 -0.999695083925069 0
vn 0.02469289727936588 -0.999695083925069 0
vn 0.02469289727936588 -0.999695083925069 0
vn 0.02469289727936588 -0.999695083925069 0
vn 0.02469289727936588 -0.999695083925069 0
vn -0.026279960940947596 -0.999654622183553 0
vn -0.026279960940947596 -0.999654622183553 0
vn -0.026279960940947596 -0.999654622183553 0
vn -0.026279960940947596 -0.999654622183553 0
vn -0.026279960940947596 -0.999654622183553 0
vn -0.026279960940947596 -0.999654622183553 0
vn -0.08166009229590365 -0.9966602376568579 0
vn -0.08166009229590365 -0.9966602376568579 0
vn -0.08166009229590365 -0.9966602376568579 0
vn -0.08166009229590365 -0.9966602376568579 0
vn -0.08166009229590365 -0.9966602376568579 0
vn -0.08166009229590365 -0.9966602376568579 0
vn -0.14066575079480376 -0.990057143074749 0
vn -0.14066575079480376 -0.990057143074749 0
vn -0.14066575079480376 -0.990057143074749 0
vn -0.14066575079480376 -0.990057143074749 0
vn -0.14066575079480376 -0.990057143074749 0
vn -0.14066575079480376 -0.990057143074749 0
vn -0.20296443827345495 -0.9791861093767319 0
vn -0.20296443827345495 -0.9791861093767319 0
vn -0.20296443827345495 -0.9791861093767319 0
vn -0.20296443827345495 -0.9791861093767319 0
vn -0.20296443827345495 -0.9791861093767319 0
vn -0.20296443827345495 -0.9791861093767319 0
vn -0.26802960086461625 -0.9634106772609251 0
vn -0.26802960086461625 -0.9634106772609251 0
vn -0.26802960086461625 -0.9634106772609251 0
vn -0.26802960086461625 -0.9634106772609251 0
vn -0.26802960086461625 -0.9634106772609251 0
vn -0.26802960086461625 -0.9634106772609251 0
vn -0.3351064070900617 -0.9421802884412249 0
vn -0.3351064070900617 -0.9421802884412249 0
vn -0.3351064070900617 -0.9421802884412249 0
vn -0.3351064070900617 -0.9421802884412249 0
vn -0.3351064070900617 -0.9421802884412249 0
vn -0.3351064070900617 -0.9421802884412249 0
vn -0.4031933016698711 -0.9151148351373987 0
vn -0.4031933016698711 -0.9151148351373987 0
vn -0.4031933016698711 -0.9151148351373987 0
vn -0.4031933016698711 -0.9151148351373987 0
vn -0.4031933016698711 -0.9151148351373987 0
vn -0.4031933016698711 -0.9151148351373987 0
vn -0.47112082943793304 -0.882068684440001 0
vn -0.47112082943793304 -0.882068684440001 0
vn -0.47112082943793304 -0.882068684440001 0
vn -0.47112082943793304 -0.882068684440001 0
vn -0.47112082943793304 -0.882068684440001 0
vn -0.47112082943793304 -0.882068684440001 0
vn -0.5376180288156063 -0.8431885050760726 0
vn -0.5376180288156063 -0.8431885050760726 0
vn -0.5376180288156063 -0.8431885050760726 0
vn -0.5376180288156063 -0.8431885050760726 0
vn -0.5376180288156063 -0.8431885050760726 0
vn -0.5376180288156063 -0.8431885050760726 0
vn -0.6014062849890901 -0.7989433524196952 0
vn -0.6014062849890901 -0.7989433524196952 0
vn -0.6014062849890901 -0.7989433524196952 0
vn -0.6014062849890901 -0.7989433524196952 0
vn -0.6014062849890901 -0.7989433524196952 0
vn -0.6014062849890901 -0.7989433524196952 0
vn -0.6613251184712736 -0.7500993852010251 0
vn -0.6613251184712736 -0.7500993852010251 0
vn -0.6613251184712736 -0.7500993852010251 0
vn -0.6613251184712736 -0.7500993852010251 0
vn -0.6613251184712736 -0.7500993852010251 0
vn -0.6613251184712736 -0.7500993852010251 0
vn -0.7164313107070315 -0.6976576359781385 0
vn -0.7164313107070315 -0.6976576359781385 0
vn -0.7164313107070315 -0.6976576359781385 0
vn -0.7164313107070315 -0.6976576359781385 0
vn -0.7164313107070315 -0.6976576359781385 0
vn -0.7164313107070315 -0.6976576359781385 0
vn -0.7669866243071995 -0.6416630877133629 0
vn -0.7669866243071995 -0.6416630877133629 0
vn -0.7669866243071995 -0.6416630877133629 0
vn -0.7669866243071995 -0.6416630877133629 0
vn -0.7669866243071995 -0.6416630877133629 0
vn -0.7669866243071995 -0.6416630877133629 0
vn -0.8133441792727193 -0.5817828169026538 0
vn -0.8133441792727193 -0.5817828169026538 0
vn -0.8133441792727193 -0.5817828169026538 0
vn -0.8133441792727193 -0.5817828169026538 0
vn -0.8133441792727193 -0.5817828169026538 0
vn -0.8133441792727193 -0.5817828169026538 0
vn -0.8542805838274037 -0.519812162319727 0
vn -0.8542805838274037 -0.519812162319727 0
vn -0.8542805838274037 -0.519812162319727 0
vn -0.8542805838274037 -0.519812162319727 0
vn -0.8542805838274037 -0.519812162319727 0
vn -0.8542805838274037 -0.519812162319727 0
vn -0.8894904072102883 -0.4569538439283289 0
vn -0.8894904072102883 -0.4569538439283289 0
vn -0.8894904072102883 -0.4569538439283289 0
vn -0.8894904072102883 -0.4569538439283289 0
vn -0.8894904072102883 -0.4569538439283289 0
vn -0.8894904072102883 -0.4569538439283289 0
vn -0.9189744803219037 -0.39431701017973714 0
vn -0.9189744803219037 -0.39431701017973714 0
vn -0.9189744803219037 -0.39431701017973714 0
vn -0.9189744803219037 -0.39431701017973714 0
vn -0.9189744803219037 -0.39431701017973714 0
vn -0.9189744803219037 -0.39431701017973714 0
vn -0.9429662412990242 -0.3328883713354834 0
vn -0.9429662412990242 -0.3328883713354834 0
vn -0.9429662412990242 -0.3328883713354834 0
vn -0.9429662412990242 -0.3328883713354834 0
vn -0.9429662412990242 -0.3328883713354834 0
vn -0.9429662412990242 -0.3328883713354834 0
vn -0.9618824254600247 -0.27346334231691805 0
vn -0.9618824254600247 -0.27346334231691805 0
vn -0.9618824254600247 -0.27346334231691805 0
vn -0.9618824254600247 -0.27346334231691805 0
vn -0.9618824254600247 -0.27346334231691805 0
vn -0.9618824254600247 -0.27346334231691805 0
vn -0.9762519840678548 -0.2166380936113889 0
vn -0.9762519840678548 -0.2166380936113889 0
vn -0.9762519840678548 -0.2166380936113889 0
vn -0.9762519840678548 -0.2166380936113889 0
vn -0.9762519840678548 -0.2166380936113889 0
vn -0.9762519840678548 -0.2166380936113889 0
vn -0.9866597663140478 -0.16279590147515513 0
vn -0.9866597663140478 -0.16279590147515513 0
vn -0.9866597663140478 -0.16279590147515513 0
vn -0.9866597663140478 -0.16279590147515513 0
vn -0.9866597663140478 -0.16279590147515513 0
vn -0.9866597663140478 -0.16279590147515513 0
vn -0.9936880577505622 -0.1121786248975955 0
vn -0.9936880577505622 -0.1121786248975955 0
vn -0.9936880577505622 -0.1121786248975955 0
vn -0.9936880577505622 -0.1121786248975955 0
vn -0.9936880577505622 -0.1121786248975955 0
vn -0.9936880577505622 -0.1121786248975955 0
vn -0.9978946939046744 -0.06485506824370851 0
vn -0.9978946939046744 -0.06485506824370851 0
vn -0.9978946939046744 -0.06485506824370851 0
vn -0.9978946939046744 -0.06485506824370851 0
vn -0.9978946939046744 -0.06485506824370851 0
vn -0.9978946939046744 -0.06485506824370851 0
vn -0.99978326910655 -0.020818617019871595 0
vn -0.99978326910655 -0.020818617019871595 0
vn -0.99978326910655 -0.020818617019871595 0
vn -0.99978326910655 -0.020818617019871595 0
vn -0.99978326910655 -0.020818617019871595 0
vn -0.99978326910655 -0.020818617019871595 0
vn -0.9997895942287472 0.020512612508334777 0
vn -0.9997895942287472 0.020512612508334777 0
vn -0.9997895942287472 0.020512612508334777 0
vn -0.9997895942287472 0.020512612508334777 0
vn -0.9997895942287472 0.020512612508334777 0
vn -0.9997895942287472 0.020512612508334777 0
f 1/1/1 2/2/2 3/3/3
f 4/4/4 5/5/5 6/6/6
f 7/7/7 8/8/8 9/9/9
f 10/10/10 11/11/11 12/12/12
f 13/13/13 14/14/14 15/15/15
f 16/16/16 17/17/17 18/18/18
f 19/19/19 20/20/20 21/21/21
f 22/22/22 23/23/23 24/24/24
f 25/25/25 26/26/26 27/27/27
f 28/28/28 29/29/29 30/30/30
f 31/31/31 32/32/32 33/33/33
f 34/34/34 35/35/35 36/36/36
f 37/37/37 38/38/38 39/39/39
f 40/40/40 41/41/41 42/42/42
f 43/43/43 44/44/44 45/45/45
f 46/46/46 47/47/47 48/48/48
f 49/49/49 50/50/50 51/51/51
f 52/52/52 53/53/53 54/54/54
f 55/55/55 56/56/56 57/57/57
f 58/58/58 59/59/59 60/60/60
f 61/61/61 62/62/62 63/63/63
f 64/64/64 65/65/65 66/66/66
f 67/67/67 68/68/68 69/69/69
f 70/70/70 71/71/71 72/72/72
f 73/73/73 74/74/74 75/75/75
f 76/76/76 77/77/77 78/78/78
f 79/79/79 80/80/80 81/81/81
f 82/82/82 83/83/83 84/84/84
f 85/85/85 86/86/86 87/87/87
f 88/88/88 89/89/89 90/90/90
f 91/91/91 92/92/92 93/93/93
f 94/94/94 95/95/95 96/96/96
f 97/97/97 98/98/98 99/99/99
f 100/100/100 101/101/101 102/102/102
f 103/103/103 104/104/104 105/105/105
f 106/106/106 107/107/107 108/108/108
f 109/109/109 110/110/110 111/111/111
f 112/112/112 113/113/113 114/114/114
f 115/115/115 116/116/116 117/117/117
f 118/118/118 119/119/119 120/120/120
f 121/121/121 122/122/122 123/123/123
f 124/124/124 125/125/125 126/126/126
f 127/127/127 128/128/128 129/129/129
f 130/130/130 131/131/131 132/132/132
f 133/133/133 134/134/134 135/135/135
f 136/136/136 137/137/137 138/138/138
f 139/139/139 140/140/140 141/141/141
f 142/142/142 143/143/143 144/144/144
f 145/145/145 146/146/146 147/147/147
f 148/148/148 149/149/149 150/150/150
f 151/151/151 152/152/152 153/153/153
f 154/154/154 155/155/155 156/156/156
f 157/157/157 158/158/158 159/159/159
f 160/160/160 161/161/161 162/162/162
f 163/163/163 164/164/164 165/165/165
f 166/166/166 167/167/167 168/168/168
f 169/169/169 170/170/170 171/171/171
f 172/172/172 173/173/173 174/174/174
f 175/175/175 176/176/176 177/177/177
f 178/178/178 179/179/179 180/180/180
f 181/181/181 182/182/182 183/183/183
f 184/184/184 185/185/185 186/186/186
f 187/187/187 188/188/188 189/189/189
f 190/190/190 191/191/191 192/192/192
f 193/193/193 194/194/194 195/195/195
f 196/196/196 197/197/197 198/198/198
f 199/199/199 200/200/200 201/201/201
f 202/202/202 203/203/203 204/204/204
f 205/205/205 206/206/206 207/207/207
f 208/208/208 209/209/209 210/210/210
f 211/211/211 212/212/212 213/213/213
f 214/214/214 215/215/215 216/216/216
f 217/217/217 218/218/218 219/219/219
f 220/220/220 221/221/221 222/222/222
f 223/223/223 224/224/224 225/225/225
f 226/226/226 227/227/227 228/228/228
f 229/229/229 230/230/230 231/231/231
f 232/232/232 233/233/233 234/234/234
f 235/235/235 236/236/236 237/237/237
f 238/238/238 239/239/239 240/240/240
f 241/241/241 242/242/242 243/243/243
f 244/244/244 245/245/245 246/246/246
f 247/247/247 248/248/248 249/249/249
f 250/250/250 251/251/251 252/252/252
f 253/253/253 254/254/254 255/255/255
f 256/256/256 257/257/257 258/258/258
f 259/259/259 260/260/260 261/261/261
f 262/262/262 263/263/263 264/264/264
f 265/265/265 266/266/266 267/267/267
f 268/268/268 269/269/269 270/270/270
f 271/271/271 272/272/272 273/273/273
f 274/274/274 275/275/275 276/276/276
f 277/277/277 278/278/278 279/279/279
f 280/280/280 281/281/281 282/282/282
f 283/283/283 284/284/284 285/285/285
f 286/286/286 287/287/287 288/288/288
f 289/289/289 290/290/290 291/291/291
f 292/292/292 293/293/293 294/294/294
f 295/295/295 296/296/296 297/297/297
f 298/298/298 299/299/299 300/300/300
f 301/301/301 302/302/302 303/303/303
f 304/304/304 305/305/305 306/306/306
f 307/307/307 308/308/308 309/309/309
f 310/310/310 311/311/311 312/312/312
f 313/313/313 314/314/314 315/315/315
f 316/316/316 317/317/317 318/318/318
f 319/319/319 320/320/320 321/321/321
f 322/322/322 323/323/323 324/324/324
f 325/325/325 326/326/326 327/327/327
f 328/328/328 329/329/329 330/330/330
f 331/331/331 332/332/332 333/333/333
f 334/334/334 335/335/335 336/336/336
f 337/337/337 338/338/338 339/339/339
f 340/340/340 341/341/341 342/342/342
f 343/343/343 344/344/344 345/345/345
f 346/346/346 347/347/347 348/348/348
f 349/349/349 350/350/350 351/351/351
f 352/352/352 353/353/353 354/354/354
f 355/355/355 356/356/356 357/357/357
f 358/358/358 359/359/359 360/360/360
f 361/361/361 362/362/362 363/363/363
f 364/364/364 365/365/365 366/366/366
f 367/367/367 368/368/368 369/369/369
f 370/370/370 371/371/371 372/372/372
f 373/373/373 374/374/374 375/375/375
f 376/376/376 377/377/377 378/378/378
f 379/379/379 380/380/380 381/381/381
f 382/382/382 383/383/383 384/384/384
f 385/385/385 386/386/386 387/387/387
f 388/388/388 389/389/389 390/390/390
f 391/391/391 392/392/392 393/393/393
f 394/394/394 395/395/395 396/396/396
f 397/397/397 398/398/398 399/399/399
f 400/400/400 401/401/401 402/402/402
f 403/403/403 404/404/404 405/405/405
f 406/406/406 407/407/407 408/408/408
f 409/409/409 410/410/410 411/411/411
f 412/412/412 413/413/413 414/414/414
f 415/415/415 416/416/416 417/417/417
f 418/418/418 419/419/419 420/420/420
f 421/421/421 422/422/422 423/423/423
f 424/424/424 425/425/425 426/426/426
f 427/427/427 428/428/428 429/429/429
f 430/430/430 431/431/431 432/432/432
f 433/433/433 434/434/434 435/435/435
f 436/436/436 437/437/437 438/438/438
f 439/439/439 440/440/440 441/441/441
f 442/442/442 443/443/443 444/444/444
f 445/445/445 446/446/446 447/447/447
f 448/448/448 449/449/449 450/450/450
f 451/451/451 452/452/452 453/453/453
f 454/454/454 455/455/455 456/456/456
f 457/457/457 458/458/458 459/459/459
f 460/460/460 461/461/461 462/462/462
f 463/463/463 464/464/464 465/465/465
f 466/466/466 467/467/467 468/468/468
f 469/469/469 470/470/470 471/471/471
f 472/472/472 473/473/473 474/474/474
f 475/475/475 476/476/476 477/477/477
f 478/478/478 479/479/479 480/480/480
f 481/481/481 482/482/482 483/483/483
f 484/484/484 485/485/485 486/486/486
f 487/487/487 488/488/488 489/489/489
f 490/490/490 491/491/491 492/492/492
f 493/493/493 494/494/494 495/495/495
f 496/496/496 497/497/497 498/498/498
f 499/499/499 500/500/500 501/501/501
f 502/502/502 503/503/503 504/504/504
f 505/505/505 506/506/506 507/507/507
f 508/508/508 509/509/509 510/510/510
f 511/511/511 512/512/512 513/513/513
f 514/514/514 515/515/515 516/516/516
f 517/517/517 518/518/518 519/519/519
f 520/520/520 521/521/521 522/522/522
f 523/523/523 524/524/524 525/525/525
f 526/526/526 527/527/527 528/528/528
f 529/529/529 530/530/530 531/531/531
f 532/532/532 533/533/533 534/534/534
f 535/535/535 536/536/536 537/537/537
f 538/538/538 539/539/539 540/540/540
f 541/541/541 542/542/542 543/543/543
f 544/544/544 545/545/545 546/546/546
f 547/547/547 548/548/548 549/549/549
f 550/550/550 551/551/551 552/552/552
f 553/553/553 554/554/554 555/555/555
f 556/556/556 557/557/557 558/558/558
f 559/559/559 560/560/560 561/561/561
f 562/562/562 563/563/563 564/564/564
f 565/565/565 566/566/566 567/567/567
f 568/568/568 569/569/569 570/570/570
f 571/571/571 572/572/572 573/573/573
f 574/574/574 575/575/575 576/576/576
f 577/577/577 578/578/578 579/579/579
f 580/580/580 581/581/581 582/582/582
f 583/583/583 584/584/584 585/585/585
f 586/586/586 587/587/587 588/588/588
f 589/589/589 590/590/590 591/591/591
f 592/592/592 593/593/593 594/594/594
f 595/595/595 596/596/596 597/597/597
f 598/598/598 599/599/599 600/600/600
f 601/601/601 602/602/602 603/603/603
f 604/604/604 605/605/605 606/606/606
f 607/607/607 608/608/608 609/609/609
f 610/610/610 611/611/611 612/612/612
f 613/613/613 614/614/614 615/615/615
f 616/616/616 617/617/617 618/618/618
f 619/619/619 620/620/620 621/621/621
f 622/622/622 623/623/623 624/624/624
f 625/625/625 626/626/626 627/627/627
f 628/628/628 629/629/629 630/630/630
f 631/631/631 632/632/632 633/633/633
f 634/634/634 635/635/635 636/636/636
f 637/637/637 638/638/638 639/639/639
f 640/640/640 641/641/641 642/642/642
f 643/643/643 644/644/644 645/645/645
f 646/646/646 647/647/647 648/648/648
f 649/649/649 650/650/650 651/651/651
f 652/652/652 653/653/653 654/654/654
f 655/655/655 656/656/656 657/657/657
f 658/658/658 659/659/659 660/660/660
f 661/661/661 662/662/662 663/663/663
f 664/664/664 665/665/665 666/666/666
f 667/667/667 668/668/668 669/669/669
f 670/670/670 671/671/671 672/672/672
f 673/673/673 674/674/674 675/675/675
f 676/676/676 677/677/677 678/678/678
f 679/679/679 680/680/680 681/681/681
f 682/682/682 683/683/683 684/684/684
f 685/685/685 686/686/686 687/687/687
f 688/688/688 689/689/689 690/690/690
f 691/691/691 692/692/692 693/693/693
f 694/694/694 695/695/695 696/696/696
f 697/697/697 698/698/698 699/699/699
f 700/700/700 701/701/701 702/702/702
f 703/703/703 704/704/704 705/705/705
f 706/706/706 707/707/707 708/708/708
f 709/709/709 710/710/710 711/711/711
f 712/712/712 713/713/713 714/714/714
f 715/715/715 716/716/716 717/717/717
f 718/718/718 719/719/719 720/720/720
f 721/721/721 722/722/722 723/723/723
f 724/724/724 725/725/725 726/726/726
f 727/727/727 728/728/728 729/729/729
f 730/730/730 731/731/731 732/732/732
f 733/733/733 734/734/734 735/735/735
f 736/736/736 737/737/737 738/738/738
f 739/739/739 740/740/740 741/741/741
f 742/742/742 743/743/743 744/744/744
f 745/745/745 746/746/746 747/747/747
f 748/748/748 749/749/749 750/750/750
f 751/751/751 752/752/752 753/753/753
f 754/754/754 755/755/755 756/756/756
f 757/757/757 758/758/758 759/759/759
f 760/760/760 761/761/761 762/762/762
f 763/763/763 764/764/764 765/765/765
f 766/766/766 767/767/767 768/768/768
f 769/769/769 770/770/770 771/771/771
f 772/772/772 773/773/773 774/774/774
f 775/775/775 776/776/776 777/777/777
f 778/778/778 779/779/779 780/780/780
f 781/781/781 782/782/782 783/783/783
f 784/784/784 785/785/785 786/786/786
f 787/787/787 788/788/788 789/789/789
f 790/790/790 791/791/791 792/792/792
f 793/793/793 794/794/794 795/795/795
f 796/796/796 797/797/797 798/798/798
f 799/799/799 800/800/800 801/801/801
f 802/802/802 803/803/803 804/804/804
f 805/805/805 806/806/806 807/807/807
f 808/808/808 809/809/809 810/810/810
f 811/811/811 812/812/812 813/813/813
f 814/814/814 815/815/815 816/816/816
f 817/817/817 818/818/818 819/819/819
f 820/820/820 821/821/821 822/822/822
f 823/823/823 824/824/824 825/825/825
f 826/826/826 827/827/827 828/828/828
f 829/829/829 830/830/830 831/831/831
f 832/832/832 833/833/833 834/834/834
f 835/835/835 836/836/836 837/837/837
f 838/838/838 839/839/839 840/840/840
f 841/841/841 842/842/842 843/843/843
f 844/844/844 845/845/845 846/846/846
f 847/847/847 848/848/848 849/849/849
f 850/850/850 851/851/851 852/852/852
f 853/853/853 854/854/854 855/855/855
f 856/856/856 857/857/857 858/858/858
f 859/859/859 860/860/860 861/861/861
f 862/862/862 863/863/863 864/864/864
f 865/865/865 866/866/866 867/867/867
f 868/868/868 869/869/869 870/870/870
f 871/871/871 872/872/872 873/873/873
f 874/874/874 875/875/875 876/876/876
f 877/877/877 878/878/878 879/879/879
f 880/880/880 881/881/881 882/882/882
f 883/883/883 884/884/884 885/885/885
f 886/886/886 887/887/887 888/888/888
f 889/889/889 890/890/890 891/891/891
f 892/892/892 893/893/893 894/894/894
f 895/895/895 896/896/896 897/897/897
f 898/898/898 899/899/899 900/900/900
f 901/901/901 902/902/902 903/903/903
f 904/904/904 905/905/905 906/906/906
f 907/907/907 908/908/908 909/909/909
f 910/910/910 911/911/911 912/912/912
f 913/913/913 914/914/914 915/915/915
f 916/916/916 917/917/917 918/918/918
f 919/919/919 920/920/920 921/921/921
f 922/922/922 923/923/923 924/924/924
f 925/925/925 926/926/926 927/927/927
f 928/928/928 929/929/929 930/930/930
f 931/931/931 932/932/932 933/933/933
f 934/934/934 935/935/935 936/936/936
f 937/937/937 938/938/938 939/939/939
f 940/940/940 941/941/941 942/942/942
f 943/943/943 944/944/944 945/945/945
f 946/946/946 947/947/947 948/948/948
f 949/949/949 950/950/950 951/951/951
f 952/952/952 953/953/953 954/954/954
f 955/955/955 956/956/956 957/957/957
f 958/958/958 959/959/959 960/960/960
f 961/961/961 962/962/962 963/963/963
f 964/964/964 965/965/965 966/966/966
f 967/967/967 968/968/968 969/969/969
f 970/970/970 971/971/971 972/972/972
f 973/973/973 974/974/974 975/975/975
f 976/976/976 977/977/977 978/978/978
f 979/979/979 980/980/980 981/981/981
f 982/982/982 983/983/983 984/984/984
f 985/985/985 986/986/986 987/987/987
f 988/988/988 989/989/989 990/990/990
f 991/991/991 992/992/992 993/993/993
f 994/994/994 995/995/995 996/996/996
f 997/997/997 998/998/998 999/999/999
f 1000/1000/1000 1001/1001/1001 1002/1002/1002
f 1003/1003/1003 1004/1004/1004 1005/1005/1005
f 1006/1006/1006 1007/1007/1007 1008/1008/1008
f 1009/1009/1009 1010/1010/1010 1011/1011/1011
f 1012/1012/1012 1013/1013/1013 1014/1014/1014
f 1015/1015/1015 1016/1016/1016 1017/1017/1017
f 1018/1018/1018 1019/1019/1019 1020/1020/1020
f 1021/1021/1021 1022/1022/1022 1023/1023/1023
f 1024/1024/1024 1025/1025/1025 1026/1026/1026
f 1027/1027/1027 1028/1028/1028 1029/1029/1029
f 1030/1030/1030 1031/1031/1031 1032/1032/1032
f 1033/1033/1033 1034/1034/1034 1035/1035/1035
f 1036/1036/1036 1037/1037/1037 1038/1038/1038
f 1039/1039/1039 1040/1040/1040 1041/1041/1041
f 1042/1042/1042 1043/1043/1043 1044/1044/1044
f 1045/1045/1045 1046/1046/1046 1047/1047/1047
f 1048/1048/1048 1049/1049/1049 1050/1050/1050
f 1051/1051/1051 1052/1052/1052 1053/1053/1053
f 1054/1054/1054 1055/1055/1055 1056/1056/1056
f 1057/1057/1057 1058/1058/1058 1059/1059/1059
f 1060/1060/1060 1061/1061/1061 1062/1062/1062
f 1063/1063/1063 1064/1064/1064 1065/1065/1065
f 1066/1066/1066 1067/1067/1067 1068/1068/1068
f 1069/1069/1069 1070/1070/1070 1071/1071/1071
f 1072/1072/1072 1073/1073/1073 1074/1074/1074
f 1075/1075/1075 1076/1076/1076 1077/1077/1077
f 1078/1078/1078 1079/1079/1079 1080/1080/1080
f 1081/1081/1081 1082/1082/1082 1083/1083/1083
f 1084/1084/1084 1085/1085/1085 1086/1086/1086
f 1087/1087/1087 1088/1088/1088 1089/1089/1089
f 1090/1090/1090 1091/1091/1091 1092/1092/1092
f 1093/1093/1093 1094/1094/1094 1095/1095/1095
f 1096/1096/1096 1097/1097/1097 1098/1098/1098
f 1099/1099/1099 1100/1100/1100 1101/1101/1101
f 1102/1102/1102 1103/1103/1103 1104/1104/1104
f 1105/1105/1105 1106/1106/1106 1107/1107/1107
f 1108/1108/1108 1109/1109/1109 1110/1110/1110
f 1111/1111/1111 1112/1112/1112 1113/1113/1113
f 1114/1114/1114 1115/1115/1115 1116/1116/1116
f 1117/1117/1117 1118/1118/1118 1119/1119/1119
f 1120/1120/1120 1121/1121/1121 1122/1122/1122
f 1123/1123/1123 1124/1124/1124 1125/1125/1125
f 1126/1126/1126 1127/1127/1127 1128/1128/1128
f 1129/1129/1129 1130/1130/1130 1131/1131/1131
f 1132/1132/1132 1133/1133/1133 1134/1134/1134
f 1135/1135/1135 1136/1136/1136 1137/1137/1137
f 1138/1138/1138 1139/1139/1139 1140/1140/1140
f 1141/1141/1141 1142/1142/1142 1143/1143/1143
f 1144/1144/1144 1145/1145/1145 1146/1146/1146
f 1147/1147/1147 1148/1148/1148 1149/1149/1149
f 1150/1150/1150 1151/1151/1151 1152/1152/1152
f 1153/1153/1153 1154/1154/1154 1155/1155/1155
f 1156/1156/1156 1157/1157/1157 1158/1158/1158
f 1159/1159/1159 1160/1160/1160 1161/1161/1161
f 1162/1162/1162 1163/1163/1163 1164/1164/1164
f 1165/1165/1165 1166/1166/1166 1167/1167/1167
f 1168/1168/1168 1169/1169/1169 1170/1170/1170
f 1171/1171/1171 1172/1172/1172 1173/1173/1173
f 1174/1174/1174 1175/1175/1175 1176/1176/1176
f 1177/1177/1177 1178/1178/1178 1179/1179/1179
f 1180/1180/1180 1181/1181/1181 1182/1182/1182
f 1183/1183/1183 1184/1184/1184 1185/1185/1185
f 1186/1186/1186 1187/1187/1187 1188/1188/1188
f 1189/1189/1189 1190/1190/1190 1191/1191/1191
f 1192/1192/1192 1193/1193/1193 1194/1194/1194
f 1195/1195/1195 1196/1196/1196 1197/1197/1197
f 1198/1198/1198 1199/1199/1199 1200/1200/1200
f 1201/1201/1201 1202/1202/1202 1203/1203/1203
f 1204/1204/1204 1205/1205/1205 1206/1206/1206
f 1207/1207/1207 1208/1208/1208 1209/1209/1209
f 1210/1210/1210 1211/1211/1211 1212/1212/1212
f 1213/1213/1213 1214/1214/1214 1215/1215/1215
f 1216/1216/1216 1217/1217/1217 1218/1218/1218
f 1219/1219/1219 1220/1220/1220 1221/1221/1221
f 1222/1222/1222 1223/1223/1223 1224/1224/1224
f 1225/1225/1225 1226/1226/1226 1227/1227/1227
f 1228/1228/1228 1229/1229/1229 1230/1230/1230
f 1231/1231/1231 1232/1232/1232 1233/1233/1233
f 1234/1234/1234 1235/1235/1235 1236/1236/1236
f 1237/1237/1237 1238/1238/1238 1239/1239/1239
f 1240/1240/1240 1241/1241/1241 1242/1242/1242
f 1243/1243/1243 1244/1244/1244 1245/1245/1245
f 1246/1246/1246 1247/1247/1247 1248/1248/1248
f 1249/1249/1249 1250/1250/1250 1251/1251/1251
f 1252/1252/1252 1253/1253/1253 1254/1254/1254
f 1255/1255/1255 1256/1256/1256 1257/1257/1257
f 1258/1258/1258 1259/1259/1259 1260/1260/1260
f 1261/1261/1261 1262/1262/1262 1263/1263/1263
f 1264/1264/1264 1265/1265/1265 1266/1266/1266
f 1267/1267/1267 1268/1268/1268 1269/1269/1269
f 1270/1270/1270 1271/1271/1271 1272/1272/1272
f 1273/1273/1273 1274/1274/1274 1275/1275/1275
f 1276/1276/1276 1277/1277/1277 1278/1278/1278
f 1279/1279/1279 1280/1280/1280 1281/1281/1281
f 1282/1282/1282 1283/1283/1283 1284/1284/1284
f 1285/1285/1285 1286/1286/1286 1287/1287/1287
f 1288/1288/1288 1289/1289/1289 1290/1290/1290
f 1291/1291/1291 1292/1292/1292 1293/1293/1293
f 1294/1294/1294 1295/1295/1295 1296/1296/1296
f 1297/1297/1297 1298/1298/1298 1299/1299/1299
f 1300/1300/1300 1301/1301/1301 1302/1302/1302
f 1303/1303/1303 1304/1304/1304 1305/1305/1305
f 1306/1306/1306 1307/1307/1307 1308/1308/1308
f 1309/1309/1309 1310/1310/1310 1311/1311/1311
f 1312/1312/1312 1313/1313/1313 1314/1314/1314
f 1315/1315/1315 1316/1316/1316 1317/1317/1317
f 1318/1318/1318 1319/1319/1319 1320/1320/1320
f 1321/1321/1321 1322/1322/1322 1323/1323/1323
f 1324/1324/1324 1325/1325/1325 1326/1326/1326
f 1327/1327/1327 1328/1328/1328 1329/1329/1329
f 1330/1330/1330 1331/1331/1331 1332/1332/1332
f 1333/1333/1333 1334/1334/1334 1335/1335/1335
f 1336/1336/1336 1337/1337/1337 1338/1338/1338
f 1339/1339/1339 1340/1340/1340 1341/1341/1341
f 1342/1342/1342 1343/1343/1343 1344/1344/1344
f 1345/1345/1345 1346/1346/1346 1347/1347/1347
f 1348/1348/1348 1349/1349/1349 1350/1350/1350
f 1351/1351/1351 1352/1352/1352 1353/1353/1353
f 1354/1354/1354 1355/1355/1355 1356/1356/1356
f 1357/1357/1357 1358/1358/1358 1359/1359/1359
f 1360/1360/1360 1361/1361/1361 1362/1362/1362
f 1363/1363/1363 1364/1364/1364 1365/1365/1365
f 1366/1366/1366 1367/1367/1367 1368/1368/1368
f 1369/1369/1369 1370/1370/1370 1371/1371/1371
f 1372/1372/1372 1373/1373/1373 1374/1374/1374
f 1375/1375/1375 1376/1376/1376 1377/1377/1377
f 1378/1378/1378 1379/1379/1379 1380/1380/1380
f 1381/1381/1381 1382/1382/1382 1383/1383/1383
f 1384/1384/1384 1385/1385/1385 1386/1386/1386
f 1387/1387/1387 1388/1388/1388 1389/1389/1389
f 1390/1390/1390 1391/1391/1391 1392/1392/1392
f 1393/1393/1393 1394/1394/1394 1395/1395/1395
f 1396/1396/1396 1397/1397/1397 1398/1398/1398
f 1399/1399/1399 1400/1400/1400 1401/1401/1401
f 1402/1402/1402 1403/1403/1403 1404/1404/1404
f 1405/1405/1405 1406/1406/1406 1407/1407/1407
f 1408/1408/1408 1409/1409/1409 1410/1410/1410
f 1411/1411/1411 1412/1412/1412 1413/1413/1413
f 1414/1414/1414 1415/1415/1415 1416/1416/1416
f 1417/1417/1417 1418/1418/1418 1419/1419/1419
f 1420/1420/1420 1421/1421/1421 1422/1422/1422
f 1423/1423/1423 1424/1424/1424 1425/1425/1425
f 1426/1426/1426 1427/1427/1427 1428/1428/1428
f 1429/1429/1429 1430/1430/1430 1431/1431/1431
f 1432/1432/1432 1433/1433/1433 1434/1434/1434
f 1435/1435/1435 1436/1436/1436 1437/1437/1437
f 1438/1438/1438 1439/1439/1439 1440/1440/1440
f 1441/1441/1441 1442/1442/1442 1443/1443/1443
f 1444/1444/1444 1445/1445/1445 1446/1446/1446
f 1447/1447/1447 1448/1448/1448 1449/1449/1449
f 1450/1450/1450 1451/1451/1451 1452/1452/1452
f 1453/1453/1453 1454/1454/1454 1455/1455/1455
f 1456/1456/1456 1457/1457/1457 1458/1458/1458
f 1459/1459/1459 1460/1460/1460 1461/1461/1461
f 1462/1462/1462 1463/1463/1463 1464/1464/1464
f 1465/1465/1465 1466/1466/1466 1467/1467/1467
f 1468/1468/1468 1469/1469/1469 1470/1470/1470
f 1471/1471/1471 1472/1472/1472 1473/1473/1473
f 1474/1474/1474 1475/1475/1475 1476/1476/1476
f 1477/1477/1477 1478/1478/1478 1479/1479/1479
f 1480/1480/1480 1481/1481/1481 1482/1482/1482
f 1483/1483/1483 1484/1484/1484 1485/1485/1485
f 1486/1486/1486 1487/1487/1487 1488/1488/1488
f 1489/1489/1489 1490/1490/1490 1491/1491/1491
f 1492/1492/1492 1493/1493/1493 1494/1494/1494
f 1495/1495/1495 1496/1496/1496 1497/1497/1497
f 1498/1498/1498 1499/1499/1499 1500/1500/1500
f 1501/1501/1501 1502/1502/1502 1503/1503/1503
f 1504/1504/1504 1505/1505/1505 1506/1506/1506
f 1507/1507/1507 1508/1508/1508 1509/1509/1509
f 1510/1510/1510 1511/1511/1511 1512/1512/1512
f 1513/1513/1513 1514/1514/1514 1515/1515/1515
f 1516/1516/1516 1517/1517/1517 1518/1518/1518
f 1519/1519/1519 1520/1520/1520 1521/1521/1521
f 1522/1522/1522 1523/1523/1523 1524/1524/1524
f 1525/1525/1525 1526/1526/1526 1527/1527/1527
f 1528/1528/1528 1529/1529/1529 1530/1530/1530
f 1531/1531/1531 1532/1532/1532 1533/1533/1533
f 1534/1534/1534 1535/1535/1535 1536/1536/1536
f 1537/1537/1537 1538/1538/1538 1539/1539/1539
f 1540/1540/1540 1541/1541/1541 1542/1542/1542
f 1543/1543/1543 1544/1544/1544 1545/1545/1545
f 1546/1546/1546 1547/1547/1547 1548/1548/1548
f 1549/1549/1549 1550/1550/1550 1551/1551/1551
f 1552/1552/1552 1553/1553/1553 1554/1554/1554
f 1555/1555/1555 1556/1556/1556 1557/1557/1557
f 1558/1558/1558 1559/1559/1559 1560/1560/1560
f 1561/1561/1561 1562/1562/1562 1563/1563/1563
f 1564/1564/1564 1565/1565/1565 1566/1566/1566
f 1567/1567/1567 1568/1568/1568 1569/1569/1569
f 1570/1570/1570 1571/1571/1571 1572/1572/1572
f 1573/1573/1573 1574/1574/1574 1575/1575/1575
f 1576/1576/1576 1577/1577/1577 1578/1578/1578
f 1579/1579/1579 1580/1580/1580 1581/1581/1581
f 1582/1582/1582 1583/1583/1583 1584/1584/1584
f 1585/1585/1585 1586/1586/1586 1587/1587/1587
f 1588/1588/1588 1589/1589/1589 1590/1590/1590
f 1591/1591/1591 1592/1592/1592 1593/1593/1593
f 1594/1594/1594 1595/1595/1595 1596/1596/1596
f 1597/1597/1597 1598/1598/1598 1599/1599/1599
f 1600/1600/1600 1601/1601/1601 1602/1602/1602
f 1603/1603/1603 1604/1604/1604 1605/1605/1605
f 1606/1606/1606 1607/1607/1607 1608/1608/1608
f 1609/1609/1609 1610/1610/1610 1611/1611/1611
f 1612/1612/1612 1613/1613/1613 1614/1614/1614
f 1615/1615/1615 1616/1616/1616 1617/1617/1617
f 1618/1618/1618 1619/1619/1619 1620/1620/1620
f 1621/1621/1621 1622/1622/1622 1623/1623/1623
f 1624/1624/1624 1625/1625/1625 1626/1626/1626
f 1627/1627/1627 1628/1628/1628 1629/1629/1629
f 1630/1630/1630 1631/1631/1631 1632/1632/1632
f 1633/1633/1633 1634/1634/1634 1635/1635/1635
f 1636/1636/1636 1637/1637/1637 1638/1638/1638
f 1639/1639/1639 1640/1640/1640 1641/1641/1641
f 1642/1642/1642 1643/1643/1643 1644/1644/1644
f 1645/1645/1645 1646/1646/1646 1647/1647/1647
f 1648/1648/1648 1649/1649/1649 1650/1650/1650
f 1651/1651/1651 1652/1652/1652 1653/1653/1653
f 1654/1654/1654 1655/1655/1655 1656/1656/1656
f 1657/1657/1657 1658/1658/1658 1659/1659/1659
f 1660/1660/1660 1661/1661/1661 1662/1662/1662
f 1663/1663/1663 1664/1664/1664 1665/1665/1665
f 1666/1666/1666 1667/1667/1667 1668/1668/1668
f 1669/1669/1669 1670/1670/1670 1671/1671/1671
f 1672/1672/1672 1673/1673/1673 1674/1674/1674
f 1675/1675/1675 1676/1676/1676 1677/1677/1677
f 1678/1678/1678 1679/1679/1679 1680/1680/1680
f 1681/1681/1681 1682/1682/1682 1683/1683/1683
f 1684/1684/1684 1685/1685/1685 1686/1686/1686
f 1687/1687/1687 1688/1688/1688 1689/1689/1689
f 1690/1690/1690 1691/1691/1691 1692/1692/1692
f 1693/1693/1693 1694/1694/1694 1695/1695/1695
f 1696/1696/1696 1697/1697/1697 1698/1698/1698
f 1699/1699/1699 1700/1700/1700 1701/1701/1701
f 1702/1702/1702 1703/1703/1703 1704/1704/1704
f 1705/1705/1705 1706/1706/1706 1707/1707/1707
f 1708/1708/1708 1709/1709/1709 1710/1710/1710
f 1711/1711/1711 1712/1712/1712 1713/1713/1713
f 1714/1714/1714 1715/1715/1715 1716/1716/1716
f 1717/1717/1717 1718/1718/1718 1719/1719/1719
f 1720/1720/1720 1721/1721/1721 1722/1722/1722
f 1723/1723/1723 1724/1724/1724 1725/1725/1725
f 1726/1726/1726 1727/1727/1727 1728/1728/1728
f 1729/1729/1729 1730/1730/1730 1731/1731/1731
f 1732/1732/1732 1733/1733/1733 1734/1734/1734
f 1735/1735/1735 1736/1736/1736 1737/1737/1737
f 1738/1738/1738 1739/1739/1739 1740/1740/1740
f 1741/1741/1741 1742/1742/1742 1743/1743/1743
f 1744/1744/1744 1745/1745/1745 1746/1746/1746
f 1747/1747/1747 1748/1748/1748 1749/1749/1749
f 1750/1750/1750 1751/1751/1751 1752/1752/1752
f 1753/1753/1753 1754/1754/1754 1755/1755/1755
f 1756/1756/1756 1757/1757/1757 1758/1758/1758
f 1759/1759/1759 1760/1760/1760 1761/1761/1761
f 1762/1762/1762 1763/1763/1763 1764/1764/1764
f 1765/1765/1765 1766/1766/1766 1767/1767/1767
f 1768/1768/1768 1769/1769/1769 1770/1770/1770
f 1771/1771/1771 1772/1772/1772 1773/1773/1773
f 1774/1774/1774 1775/1775/1775 1776/1776/1776
f 1777/1777/1777 1778/1778/1778 1779/1779/1779
f 1780/1780/1780 1781/1781/1781 1782/1782/1782
f 1783/1783/1783 1784/1784/1784 1785/1785/1785
f 1786/1786/1786 1787/1787/1787 1788/1788/1788
f 1789/1789/1789 1790/1790/1790 1791/1791/1791
f 1792/1792/1792 1793/1793/1793 1794/1794/1794
f 1795/1795/1795 1796/1796/1796 1797/1797/1797
f 1798/1798/1798 1799/1799/1799 1800/1800/1800
f 1801/1801/1801 1802/1802/1802 1803/1803/1803
f 1804/1804/1804 1805/1805/1805 1806/1806/1806
f 1807/1807/1807 1808/1808/1808 1809/1809/1809
f 1810/1810/1810 1811/1811/1811 1812/1812/1812
f 1813/1813/1813 1814/1814/1814 1815/1815/1815
f 1816/1816/1816 1817/1817/1817 1818/1818/1818
f 1819/1819/1819 1820/1820/1820 1821/1821/1821
f 1822/1822/1822 1823/1823/1823 1824/1824/1824
f 1825/1825/1825 1826/1826/1826 1827/1827/1827
f 1828/1828/1828 1829/1829/1829 1830/1830/1830
f 1831/1831/1831 1832/1832/1832 1833/1833/1833
f 1834/1834/1834 1835/1835/1835 1836/1836/1836
f 1837/1837/1837 1838/1838/1838 1839/1839/1839
f 1840/1840/1840 1841/1841/1841 1842/1842/1842
f 1843/1843/1843 1844/1844/1844 1845/1845/1845
f 1846/1846/1846 1847/1847/1847 1848/1848/1848
f 1849/1849/1849 1850/1850/1850 1851/1851/1851
f 1852/1852/1852 1853/1853/1853 1854/1854/1854
f 1855/1855/1855 1856/1856/1856 1857/1857/1857
f 1858/1858/1858 1859/1859/1859 1860/1860/1860
f 1861/1861/1861 1862/1862/1862 1863/1863/1863
f 1864/1864/1864 1865/1865/1865 1866/1866/1866
f 1867/1867/1867 1868/1868/1868 1869/1869/1869
f 1870/1870/1870 1871/1871/1871 1872/1872/1872
f 1873/1873/1873 1874/1874/1874 1875/1875/1875
f 1876/1876/1876 1877/1877/1877 1878/1878/1878
f 1879/1879/1879 1880/1880/1880 1881/1881/1881
f 1882/1882/1882 1883/1883/1883 1884/1884/1884
f 1885/1885/1885 1886/1886/1886 1887/1887/1887
f 1888/1888/1888 1889/1889/1889 1890/1890/1890
f 1891/1891/1891 1892/1892/1892 1893/1893/1893
f 1894/1894/1894 1895/1895/1895 1896/1896/1896
f 1897/1897/1897 1898/1898/1898 1899/1899/1899
f 1900/1900/1900 1901/1901/1901 1902/1902/1902
f 1903/1903/1903 1904/1904/1904 1905/1905/1905
f 1906/1906/1906 1907/1907/1907 1908/1908/1908
f 1909/1909/1909 1910/1910/1910 1911/1911/1911
f 1912/1912/1912 1913/1913/1913 1914/1914/1914
f 1915/1915/1915 1916/1916/1916 1917/1917/1917
f 1918/1918/1918 1919/1919/1919 1920/1920/1920
f 1921/1921/1921 1922/1922/1922 1923/1923/1923
f 1924/1924/1924 1925/1925/1925 1926/1926/1926
f 1927/1927/1927 1928/1928/1928 1929/1929/1929
f 1930/1930/1930 1931/1931/1931 1932/1932/1932
f 1933/1933/1933 1934/1934/1934 1935/1935/1935
f 1936/1936/1936 1937/1937/1937 1938/1938/1938
f 1939/1939/1939 1940/1940/1940 1941/1941/1941
f 1942/1942/1942 1943/1943/1943 1944/1944/1944
f 1945/1945/1945 1946/1946/1946 1947/1947/1947
f 1948/1948/1948 1949/1949/1949 1950/1950/1950
f 1951/1951/1951 1952/1952/1952 1953/1953/1953
f 1954/1954/1954 1955/1955/1955 1956/1956/1956
f 1957/1957/1957 1958/1958/1958 1959/1959/1959
f 1960/1960/1960 1961/1961/1961 1962/1962/1962
f 1963/1963/1963 1964/1964/1964 1965/1965/1965
f 1966/1966/1966 1967/1967/1967 1968/1968/1968
f 1969/1969/1969 1970/1970/1970 1971/1971/1971
f 1972/1972/1972 1973/1973/1973 1974/1974/1974
f 1975/1975/1975 1976/1976/1976 1977/1977/1977
f 1978/1978/1978 1979/1979/1979 1980/1980/1980
f 1981/1981/1981 1982/1982/1982 1983/1983/1983
f 1984/1984/1984 1985/1985/1985 1986/1986/1986
f 1987/1987/1987 1988/1988/1988 1989/1989/1989
f 1990/1990/1990 1991/1991/1991 1992/1992/1992
f 1993/1993/1993 1994/1994/1994 1995/1995/1995
f 1996/1996/1996 1997/1997/1997 1998/1998/1998
f 1999/1999/1999 2000/2000/2000 2001/2001/2001
f 2002/2002/2002 2003/2003/2003 2004/2004/2004
f 2005/2005/2005 2006/2006/2006 2007/2007/2007
f 2008/2008/2008 2009/2009/2009 2010/2010/2010
f 2011/2011/2011 2012/2012/2012 2013/2013/2013
f 2014/2014/2014 2015/2015/2015 2016/2016/2016
f 2017/2017/2017 2018/2018/2018 2019/2019/2019
f 2020/2020/2020 2021/2021/2021 2022/2022/2022
f 2023/2023/2023 2024/2024/2024 2025/2025/2025
f 2026/2026/2026 2027/2027/2027 2028/2028/2028
f 2029/2029/2029 2030/2030/2030 2031/2031/2031
f 2032/2032/2032 2033/2033/2033 2034/2034/2034
f 2035/2035/2035 2036/2036/2036 2037/2037/2037
f 2038/2038/2038 2039/2039/2039 2040/2040/2040
f 2041/2041/2041 2042/2042/2042 2043/2043/2043
f 2044/2044/2044 2045/2045/2045 2046/2046/2046
f 2047/2047/2047 2048/2048/2048 2049/2049/2049
f 2050/2050/2050 2051/2051/2051 2052/2052/2052
f 2053/2053/2053 2054/2054/2054 2055/2055/2055
f 2056/2056/2056 2057/2057/2057 2058/2058/2058
f 2059/2059/2059 2060/2060/2060 2061/2061/2061
f 2062/2062/2062 2063/2063/2063 2064/2064/2064
f 2065/2065/2065 2066/2066/2066 2067/2067/2067
f 2068/2068/2068 2069/2069/2069 2070/2070/2070
f 2071/2071/2071 2072/2072/2072 2073/2073/2073
f 2074/2074/2074 2075/2075/2075 2076/2076/2076
f 2077/2077/2077 2078/2078/2078 2079/2079/2079
f 2080/2080/2080 2081/2081/2081 2082/2082/2082
f 2083/2083/2083 2084/2084/2084 2085/2085/2085
f 2086/2086/2086 2087/2087/2087 2088/2088/2088
f 2089/2089/2089 2090/2090/2090 2091/2091/2091
f 2092/2092/2092 2093/2093/2093 2094/2094/2094
f 2095/2095/2095 2096/2096/2096 2097/2097/2097
f 2098/2098/2098 2099/2099/2099 2100/2100/2100
f 2101/2101/2101 2102/2102/2102 2103/2103/2103
f 2104/2104/2104 2105/2105/2105 2106/2106/2106
f 2107/2107/2107 2108/2108/2108 2109/2109/2109
f 2110/2110/2110 2111/2111/2111 2112/2112/2112
f 2113/2113/2113 2114/2114/2114 2115/2115/2115
f 2116/2116/2116 2117/2117/2117 2118/2118/2118
f 2119/2119/2119 2120/2120/2120 2121/2121/2121
f 2122/2122/2122 2123/2123/2123 2124/2124/2124
f 2125/2125/2125 2126/2126/2126 2127/2127/2127
f 2128/2128/2128 2129/2129/2129 2130/2130/2130
f 2131/2131/2131 2132/2132/2132 2133/2133/2133
f 2134/2134/2134 2135/2135/2135 2136/2136/2136
f 2137/2137/2137 2138/2138/2138 2139/2139/2139
f 2140/2140/2140 2141/2141/2141 2142/2142/2142
f 2143/2143/2143 2144/2144/2144 2145/2145/2145
f 2146/2146/2146 2147/2147/2147 2148/2148/2148
f 2149/2149/2149 2150/2150/2150 2151/2151/2151
f 2152/2152/2152 2153/2153/2153 2154/2154/2154
f 2155/2155/2155 2156/2156/2156 2157/2157/2157
f 2158/2158/2158 2159/2159/2159 2160/2160/2160
f 2161/2161/2161 2162/2162/2162 2163/2163/2163
f 2164/2164/2164 2165/2165/2165 2166/2166/2166
f 2167/2167/2167 2168/2168/2168 2169/2169/2169
f 2170/2170/2170 2171/2171/2171 2172/2172/2172
f 2173/2173/2173 2174/2174/2174 2175/2175/2175
f 2176/2176/2176 2177/2177/2177 2178/2178/2178
f 2179/2179/2179 2180/2180/2180 2181/2181/2181
f 2182/2182/2182 2183/2183/2183 2184/2184/2184
f 2185/2185/2185 2186/2186/2186 2187/2187/2187
f 2188/2188/2188 2189/2189/2189 2190/2190/2190
f 2191/2191/2191 2192/2192/2192 2193/2193/2193
f 2194/2194/2194 2195/2195/2195 2196/2196/2196
f 2197/2197/2197 2198/2198/2198 2199/2199/2199
f 2200/2200/2200 2201/2201/2201 2202/2202/2202
f 2203/2203/2203 2204/2204/2204 2205/2205/2205
f 2206/2206/2206 2207/2207/2207 2208/2208/2208
f 2209/2209/2209 2210/2210/2210 2211/2211/2211
f 2212/2212/2212 2213/2213/2213 2214/2214/2214
f 2215/2215/2215 2216/2216/2216 2217/2217/2217
f 2218/2218/2218 2219/2219/2219 2220/2220/2220
f 2221/2221/2221 2222/2222/2222 2223/2223/2223
f 2224/2224/2224 2225/2225/2225 2226/2226/2226
f 2227/2227/2227 2228/2228/2228 2229/2229/2229
f 2230/2230/2230 2231/2231/2231 2232/2232/2232
f 2233/2233/2233 2234/2234/2234 2235/2235/2235
f 2236/2236/2236 2237/2237/2237 2238/2238/2238
f 2239/2239/2239 2240/2240/2240 2241/2241/2241
f 2242/2242/2242 2243/2243/2243 2244/2244/2244
f 2245/2245/2245 2246/2246/2246 2247/2247/2247
f 2248/2248/2248 2249/2249/2249 2250/2250/2250
f 2251/2251/2251 2252/2252/2252 2253/2253/2253
f 2254/2254/2254 2255/2255/2255 2256/2256/2256
f 2257/2257/2257 2258/2258/2258 2259/2259/2259
f 2260/2260/2260 2261/2261/2261 2262/2262/2262
f 2263/2263/2263 2264/2264/2264 2265/2265/2265
f 2266/2266/2266 2267/2267/2267 2268/2268/2268
f 2269/2269/2269 2270/2270/2270 2271/2271/2271
f 2272/2272/2272 2273/2273/2273 2274/2274/2274
f 2275/2275/2275 2276/2276/2276 2277/2277/2277
f 2278/2278/2278 2279/2279/2279 2280/2280/2280
f 2281/2281/2281 2282/2282/2282 2283/2283/2283
f 2284/2284/2284 2285/2285/2285 2286/2286/2286
f 2287/2287/2287 2288/2288/2288 2289/2289/2289
f 2290/2290/2290 2291/2291/2291 2292/2292/2292
f 2293/2293/2293 2294/2294/2294 2295/2295/2295
f 2296/2296/2296 2297/2297/2297 2298/2298/2298
f 2299/2299/2299 2300/2300/2300 2301/2301/2301
f 2302/2302/2302 2303/2303/2303 2304/2304/2304
f 2305/2305/2305 2306/2306/2306 2307/2307/2307
f 2308/2308/2308 2309/2309/2309 2310/2310/2310
f 2311/2311/2311 2312/2312/2312 2313/2313/2313
f 2314/2314/2314 2315/2315/2315 2316/2316/2316
f 2317/2317/2317 2318/2318/2318 2319/2319/2319
f 2320/2320/2320 2321/2321/2321 2322/2322/2322
f 2323/2323/2323 2324/2324/2324 2325/2325/2325
f 2326/2326/2326 2327/2327/2327 2328/2328/2328
f 2329/2329/2329 2330/2330/2330 2331/2331/2331
f 2332/2332/2332 2333/2333/2333 2334/2334/2334
f 2335/2335/2335 2336/2336/2336 2337/2337/2337
f 2338/2338/2338 2339/2339/2339 2340/2340/2340
f 2341/2341/2341 2342/2342/2342 2343/2343/2343
f 2344/2344/2344 2345/2345/2345 2346/2346/2346
f 2347/2347/2347 2348/2348/2348 2349/2349/2349
f 2350/2350/2350 2351/2351/2351 2352/2352/2352
f 2353/2353/2353 2354/2354/2354 2355/2355/2355
f 2356/2356/2356 2357/2357/2357 2358/2358/2358
f 2359/2359/2359 2360/2360/2360 2361/2361/2361
f 2362/2362/2362 2363/2363/2363 2364/2364/2364
f 2365/2365/2365 2366/2366/2366 2367/2367/2367
f 2368/2368/2368 2369/2369/2369 2370/2370/2370
f 2371/2371/2371 2372/2372/2372 2373/2373/2373
f 2374/2374/2374 2375/2375/2375 2376/2376/2376
f 2377/2377/2377 2378/2378/2378 2379/2379/2379
f 2380/2380/2380 2381/2381/2381 2382/2382/2382
f 2383/2383/2383 2384/2384/2384 2385/2385/2385
f 2386/2386/2386 2387/2387/2387 2388/2388/2388
f 2389/2389/2389 2390/2390/2390 2391/2391/2391
f 2392/2392/2392 2393/2393/2393 2394/2394/2394
f 2395/2395/2395 2396/2396/2396 2397/2397/2397
f 2398/2398/2398 2399/2399/2399 2400/2400/2400
f 2401/2401/2401 2402/2402/2402 2403/2403/2403
f 2404/2404/2404 2405/2405/2405 2406/2406/2406
f 2407/2407/2407 2408/2408/2408 2409/2409/2409
f 2410/2410/2410 2411/2411/2411 2412/2412/2412
f 2413/2413/2413 2414/2414/2414 2415/2415/2415
f 2416/2416/2416 2417/2417/2417 2418/2418/2418
f 2419/2419/2419 2420/2420/2420 2421/2421/2421
f 2422/2422/2422 2423/2423/2423 2424/2424/2424
f 2425/2425/2425 2426/2426/2426 2427/2427/2427
f 2428/2428/2428 2429/2429/2429 2430/2430/2430
f 2431/2431/2431 2432/2432/2432 2433/2433/2433
f 2434/2434/2434 2435/2435/2435 2436/2436/2436
f 2437/2437/2437 2438/2438/2438 2439/2439/2439
f 2440/2440/2440 2441/2441/2441 2442/2442/2442
f 2443/2443/2443 2444/2444/2444 2445/2445/2445
f 2446/2446/2446 2447/2447/2447 2448/2448/2448
f 2449/2449/2449 2450/2450/2450 2451/2451/2451
f 2452/2452/2452 2453/2453/2453 2454/2454/2454
f 2455/2455/2455 2456/2456/2456 2457/2457/2457
f 2458/2458/2458 2459/2459/2459 2460/2460/2460
f 2461/2461/2461 2462/2462/2462 2463/2463/2463
f 2464/2464/2464 2465/2465/2465 2466/2466/2466
f 2467/2467/2467 2468/2468/2468 2469/2469/2469
f 2470/2470/2470 2471/2471/2471 2472/2472/2472
f 2473/2473/2473 2474/2474/2474 2475/2475/2475
f 2476/2476/2476 2477/2477/2477 2478/2478/2478
f 2479/2479/2479 2480/2480/2480 2481/2481/2481
f 2482/2482/2482 2483/2483/2483 2484/2484/2484
f 2485/2485/2485 2486/2486/2486 2487/2487/2487
f 2488/2488/2488 2489/2489/2489 2490/2490/2490
f 2491/2491/2491 2492/2492/2492 2493/2493/2493
f 2494/2494/2494 2495/2495/2495 2496/2496/2496
f 2497/2497/2497 2498/2498/2498 2499/2499/2499
f 2500/2500/2500 2501/2501/2501 2502/2502/2502
f 2503/2503/2503 2504/2504/2504 2505/2505/2505
f 2506/2506/2506 2507/2507/2507 2508/2508/2508
f 2509/2509/2509 2510/2510/2510 2511/2511/2511
f 2512/2512/2512 2513/2513/2513 2514/2514/2514
f 2515/2515/2515 2516/2516/2516 2517/2517/2517
f 2518/2518/2518 2519/2519/2519 2520/2520/2520
f 2521/2521/2521 2522/2522/2522 2523/2523/2523
f 2524/2524/2524 2525/2525/2525 2526/2526/2526
f 2527/2527/2527 2528/2528/2528 2529/2529/2529
f 2530/2530/2530 2531/2531/2531 2532/2532/2532
f 2533/2533/2533 2534/2534/2534 2535/2535/2535
f 2536/2536/2536 2537/2537/2537 2538/2538/2538
f 2539/2539/2539 2540/2540/2540 2541/2541/2541
f 2542/2542/2542 2543/2543/2543 2544/2544/2544
f 2545/2545/2545 2546/2546/2546 2547/2547/2547
f 2548/2548/2548 2549/2549/2549 2550/2550/2550
f 2551/2551/2551 2552/2552/2552 2553/2553/2553
f 2554/2554/2554 2555/2555/2555 2556/2556/2556
f 2557/2557/2557 2558/2558/2558 2559/2559/2559
f 2560/2560/2560 2561/2561/2561 2562/2562/2562
f 2563/2563/2563 2564/2564/2564 2565/2565/2565
f 2566/2566/2566 2567/2567/2567 2568/2568/2568
f 2569/2569/2569 2570/2570/2570 2571/2571/2571
f 2572/2572/2572 2573/2573/2573 2574/2574/2574
f 2575/2575/2575 2576/2576/2576 2577/2577/2577
f 2578/2578/2578 2579/2579/2579 2580/2580/2580
f 2581/2581/2581 2582/2582/2582 2583/2583/2583
f 2584/2584/2584 2585/2585/2585 2586/2586/2586
f 2587/2587/2587 2588/2588/2588 2589/2589/2589
f 2590/2590/2590 2591/2591/2591 2592/2592/2592
f 2593/2593/2593 2594/2594/2594 2595/2595/2595
f 2596/2596/2596 2597/2597/2597 2598/2598/2598
f 2599/2599/2599 2600/2600/2600 2601/2601/2601
f 2602/2602/2602 2603/2603/2603 2604/2604/2604
f 2605/2605/2605 2606/2606/2606 2607/2607/2607
f 2608/2608/2608 2609/2609/2609 2610/2610/2610
f 2611/2611/2611 2612/2612/2612 2613/2613/2613
f 2614/2614/2614 2615/2615/2615 2616/2616/2616
f 2617/2617/2617 2618/2618/2618 2619/2619/2619
f 2620/2620/2620 2621/2621/2621 2622/2622/2622
f 2623/2623/2623 2624/2624/2624 2625/2625/2625
f 2626/2626/2626 2627/2627/2627 2628/2628/2628
f 2629/2629/2629 2630/2630/2630 2631/2631/2631
f 2632/2632/2632 2633/2633/2633 2634/2634/2634
f 2635/2635/2635 2636/2636/2636 2637/2637/2637
f 2638/2638/2638 2639/2639/2639 2640/2640/2640
f 2641/2641/2641 2642/2642/2642 2643/2643/2643
f 2644/2644/2644 2645/2645/2645 2646/2646/2646
f 2647/2647/2647 2648/2648/2648 2649/2649/2649
f 2650/2650/2650 2651/2651/2651 2652/2652/2652
f 2653/2653/2653 2654/2654/2654 2655/2655/2655
f 2656/2656/2656 2657/2657/2657 2658/2658/2658
f 2659/2659/2659 2660/2660/2660 2661/2661/2661
f 2662/2662/2662 2663/2663/2663 2664/2664/2664
f 2665/2665/2665 2666/2666/2666 2667/2667/2667
f 2668/2668/2668 2669/2669/2669 2670/2670/2670
f 2671/2671/2671 2672/2672/2672 2673/2673/2673
f 2674/2674/2674 2675/2675/2675 2676/2676/2676
f 2677/2677/2677 2678/2678/2678 2679/2679/2679
f 2680/2680/2680 2681/2681/2681 2682/2682/2682
f 2683/2683/2683 2684/2684/2684 2685/2685/2685
f 2686/2686/2686 2687/2687/2687 2688/2688/2688
f 2689/2689/2689 2690/2690/2690 2691/2691/2691
f 2692/2692/2692 2693/2693/2693 2694/2694/2694
f 2695/2695/2695 2696/2696/2696 2697/2697/2697
f 2698/2698/2698 2699/2699/2699 2700/2700/2700
f 2701/2701/2701 2702/2702/2702 2703/2703/2703
f 2704/2704/2704 2705/2705/2705 2706/2706/2706
f 2707/2707/2707 2708/2708/2708 2709/2709/2709
f 2710/2710/2710 2711/2711/2711 2712/2712/2712
f 2713/2713/2713 2714/2714/2714 2715/2715/2715
f 2716/2716/2716 2717/2717/2717 2718/2718/2718
f 2719/2719/2719 2720/2720/2720 2721/2721/2721
f 2722/2722/2722 2723/2723/2723 2724/2724/2724
f 2725/2725/2725 2726/2726/2726 2727/2727/2727
f 2728/2728/2728 2729/2729/2729 2730/2730/2730
f 2731/2731/2731 2732/2732/2732 2733/2733/2733
f 2734/2734/2734 2735/2735/2735 2736/2736/2736
f 2737/2737/2737 2738/2738/2738 2739/2739/2739
f 2740/2740/2740 2741/2741/2741 2742/2742/2742
f 2743/2743/2743 2744/2744/2744 2745/2745/2745
f 2746/2746/2746 2747/2747/2747 2748/2748/2748
f 2749/2749/2749 2750/2750/2750 2751/2751/2751
f 2752/2752/2752 2753/2753/2753 2754/2754/2754
f 2755/2755/2755 2756/2756/2756 2757/2757/2757
f 2758/2758/2758 2759/2759/2759 2760/2760/2760
f 2761/2761/2761 2762/2762/2762 2763/2763/2763
f 2764/2764/2764 2765/2765/2765 2766/2766/2766
f 2767/2767/2767 2768/2768/2768 2769/2769/2769
f 2770/2770/2770 2771/2771/2771 2772/2772/2772
f 2773/2773/2773 2774/2774/2774 2775/2775/2775
f 2776/2776/2776 2777/2777/2777 2778/2778/2778
f 2779/2779/2779 2780/2780/2780 2781/2781/2781
f 2782/2782/2782 2783/2783/2783 2784/2784/2784
f 2785/2785/2785 2786/2786/2786 2787/2787/2787
f 2788/2788/2788 2789/2789/2789 2790/2790/2790
f 2791/2791/2791 2792/2792/2792 2793/2793/2793
f 2794/2794/2794 2795/2795/2795 2796/2796/2796
f 2797/2797/2797 2798/2798/2798 2799/2799/2799
f 2800/2800/2800 2801/2801/2801 2802/2802/2802
f 2803/2803/2803 2804/2804/2804 2805/2805/2805
f 2806/2806/2806 2807/2807/2807 2808/2808/2808
f 2809/2809/2809 2810/2810/2810 2811/2811/2811
f 2812/2812/2812 2813/2813/2813 2814/2814/2814
f 2815/2815/2815 2816/2816/2816 2817/2817/2817
f 2818/2818/2818 2819/2819/2819 2820/2820/2820
f 2821/2821/2821 2822/2822/2822 2823/2823/2823
f 2824/2824/2824 2825/2825/2825 2826/2826/2826
f 2827/2827/2827 2828/2828/2828 2829/2829/2829
f 2830/2830/2830 2831/2831/2831 2832/2832/2832
f 2833/2833/2833 2834/2834/2834 2835/2835/2835
f 2836/2836/2836 2837/2837/2837 2838/2838/2838
f 2839/2839/2839 2840/2840/2840 2841/2841/2841
f 2842/2842/2842 2843/2843/2843 2844/2844/2844
f 2845/2845/2845 2846/2846/2846 2847/2847/2847
f 2848/2848/2848 2849/2849/2849 2850/2850/2850
f 2851/2851/2851 2852/2852/2852 2853/2853/2853
f 2854/2854/2854 2855/2855/2855 2856/2856/2856
f 2857/2857/2857 2858/2858/2858 2859/2859/2859
f 2860/2860/2860 2861/2861/2861 2862/2862/2862
f 2863/2863/2863 2864/2864/2864 2865/2865/2865
f 2866/2866/2866 2867/2867/2867 2868/2868/2868
f 2869/2869/2869 2870/2870/2870 2871/2871/2871
f 2872/2872/2872 2873/2873/2873 2874/2874/2874
f 2875/2875/2875 2876/2876/2876 2877/2877/2877
f 2878/2878/2878 2879/2879/2879 2880/2880/2880
f 2881/2881/2881 2882/2882/2882 2883/2883/2883
f 2884/2884/2884 2885/2885/2885 2886/2886/2886
f 2887/2887/2887 2888/2888/2888 2889/2889/2889
f 2890/2890/2890 2891/2891/2891 2892/2892/2892
f 2893/2893/2893 2894/2894/2894 2895/2895/2895
f 2896/2896/2896 2897/2897/2897 2898/2898/2898
f 2899/2899/2899 2900/2900/2900 2901/2901/2901
f 2902/2902/2902 2903/2903/2903 2904/2904/2904
f 2905/2905/2905 2906/2906/2906 2907/2907/2907
f 2908/2908/2908 2909/2909/2909 2910/2910/2910
f 2911/2911/2911 2912/2912/2912 2913/2913/2913
f 2914/2914/2914 2915/2915/2915 2916/2916/2916
f 2917/2917/2917 2918/2918/2918 2919/2919/2919
f 2920/2920/2920 2921/2921/2921 2922/2922/2922
f 2923/2923/2923 2924/2924/2924 2925/2925/2925
f 2926/2926/2926 2927/2927/2927 2928/2928/2928
f 2929/2929/2929 2930/2930/2930 2931/2931/2931
f 2932/2932/2932 2933/2933/2933 2934/2934/2934
f 2935/2935/2935 2936/2936/2936 2937/2937/2937
f 2938/2938/2938 2939/2939/2939 2940/2940/2940
f 2941/2941/2941 2942/2942/2942 2943/2943/2943
f 2944/2944/2944 2945/2945/2945 2946/2946/2946
f 2947/2947/2947 2948/2948/2948 2949/2949/2949
f 2950/2950/2950 2951/2951/2951 2952/2952/2952
f 2953/2953/2953 2954/2954/2954 2955/2955/2955
f 2956/2956/2956 2957/2957/2957 2958/2958/2958
f 2959/2959/2959 2960/2960/2960 2961/2961/2961
f 2962/2962/2962 2963/2963/2963 2964/2964/2964
f 2965/2965/2965 2966/2966/2966 2967/2967/2967
f 2968/2968/2968 2969/2969/2969 2970/2970/2970
f 2971/2971/2971 2972/2972/2972 2973/2973/2973
f 2974/2974/2974 2975/2975/2975 2976/2976/2976
f 2977/2977/2977 2978/2978/2978 2979/2979/2979
f 2980/2980/2980 2981/2981/2981 2982/2982/2982
f 2983/2983/2983 2984/2984/2984 2985/2985/2985
f 2986/2986/2986 2987/2987/2987 2988/2988/2988
f 2989/2989/2989 2990/2990/2990 2991/2991/2991
f 2992/2992/2992 2993/2993/2993 2994/2994/2994
f 2995/2995/2995 2996/2996/2996 2997/2997/2997
f 2998/2998/2998 2999/2999/2999 3000/3000/3000
f 3001/3001/3001 3002/3002/3002 3003/3003/3003
f 3004/3004/3004 3005/3005/3005 3006/3006/3006
f 3007/3007/3007 3008/3008/3008 3009/3009/3009
f 3010/3010/3010 3011/3011/3011 3012/3012/3012
f 3013/3013/3013 3014/3014/3014 3015/3015/3015
f 3016/3016/3016 3017/3017/3017 3018/3018/3018
f 3019/3019/3019 3020/3020/3020 3021/3021/3021
f 3022/3022/3022 3023/3023/3023 3024/3024/3024
f 3025/3025/3025 3026/3026/3026 3027/3027/3027
f 3028/3028/3028 3029/3029/3029 3030/3030/3030
f 3031/3031/3031 3032/3032/3032 3033/3033/3033
f 3034/3034/3034 3035/3035/3035 3036/3036/3036
f 3037/3037/3037 3038/3038/3038 3039/3039/3039
f 3040/3040/3040 3041/3041/3041 3042/3042/3042
f 3043/3043/3043 3044/3044/3044 3045/3045/3045
f 3046/3046/3046 3047/3047/3047 3048/3048/3048
f 3049/3049/3049 3050/3050/3050 3051/3051/3051
f 3052/3052/3052 3053/3053/3053 3054/3054/3054
f 3055/3055/3055 3056/3056/3056 3057/3057/3057
f 3058/3058/3058 3059/3059/3059 3060/3060/3060
f 3061/3061/3061 3062/3062/3062 3063/3063/3063
f 3064/3064/3064 3065/3065/3065 3066/3066/3066
f 3067/3067/3067 3068/3068/3068 3069/3069/3069
f 3070/3070/3070 3071/3071/3071 3072/3072/3072
f 3073/3073/3073 3074/3074/3074 3075/3075/3075
f 3076/3076/3076 3077/3077/3077 3078/3078/3078
f 3079/3079/3079 3080/3080/3080 3081/3081/3081
f 3082/3082/3082 3083/3083/3083 3084/3084/3084
f 3085/3085/3085 3086/3086/3086 3087/3087/3087
f 3088/3088/3088 3089/3089/3089 3090/3090/3090
f 3091/3091/3091 3092/3092/3092 3093/3093/3093
f 3094/3094/3094 3095/3095/3095 3096/3096/3096
f 3097/3097/3097 3098/3098/3098 3099/3099/3099
f 3100/3100/3100 3101/3101/3101 3102/3102/3102
f 3103/3103/3103 3104/3104/3104 3105/3105/3105
f 3106/3106/3106 3107/3107/3107 3108/3108/3108
f 3109/3109/3109 3110/3110/3110 3111/3111/3111
f 3112/3112/3112 3113/3113/3113 3114/3114/3114
f 3115/3115/3115 3116/3116/3116 3117/3117/3117
f 3118/3118/3118 3119/3119/3119 3120/3120/3120
f 3121/3121/3121 3122/3122/3122 3123/3123/3123
f 3124/3124/3124 3125/3125/3125 3126/3126/3126
f 3127/3127/3127 3128/3128/3128 3129/3129/3129
f 3130/3130/3130 3131/3131/3131 3132/3132/3132
f 3133/3133/3133 3134/3134/3134 3135/3135/3135
f 3136/3136/3136 3137/3137/3137 3138/3138/3138
f 3139/3139/3139 3140/3140/3140 3141/3141/3141
f 3142/3142/3142 3143/3143/3143 3144/3144/3144
f 3145/3145/3145 3146/3146/3146 3147/3147/3147
f 3148/3148/3148 3149/3149/3149 3150/3150/3150
f 3151/3151/3151 3152/3152/3152 3153/3153/3153
f 3154/3154/3154 3155/3155/3155 3156/3156/3156
f 3157/3157/3157 3158/3158/3158 3159/3159/3159
f 3160/3160/3160 3161/3161/3161 3162/3162/3162
f 3163/3163/3163 3164/3164/3164 3165/3165/3165
f 3166/3166/3166 3167/3167/3167 3168/3168/3168
f 3169/3169/3169 3170/3170/3170 3171/3171/3171
f 3172/3172/3172 3173/3173/3173 3174/3174/3174
f 3175/3175/3175 3176/3176/3176 3177/3177/3177
f 3178/3178/3178 3179/3179/3179 3180/3180/3180
f 3181/3181/3181 3182/3182/3182 3183/3183/3183
f 3184/3184/3184 3185/3185/3185 3186/3186/3186
f 3187/3187/3187 3188/3188/3188 3189/3189/3189
f 3190/3190/3190 3191/3191/3191 3192/3192/3192
f 3193/3193/3193 3194/3194/3194 3195/3195/3195
f 3196/3196/3196 3197/3197/3197 3198/3198/3198
f 3199/3199/3199 3200/3200/3200 3201/3201/3201
f 3202/3202/3202 3203/3203/3203 3204/3204/3204
f 3205/3205/3205 3206/3206/3206 3207/3207/3207
f 3208/3208/3208 3209/3209/3209 3210/3210/3210
f 3211/3211/3211 3212/3212/3212 3213/3213/3213
f 3214/3214/3214 3215/3215/3215 3216/3216/3216
f 3217/3217/3217 3218/3218/3218 3219/3219/3219
f 3220/3220/3220 3221/3221/3221 3222/3222/3222
f 3223/3223/3223 3224/3224/3224 3225/3225/3225
f 3226/3226/3226 3227/3227/3227 3228/3228/3228
f 3229/3229/3229 3230/3230/3230 3231/3231/3231
f 3232/3232/3232 3233/3233/3233 3234/3234/3234
f 3235/3235/3235 3236/3236/3236 3237/3237/3237
f 3238/3238/3238 3239/3239/3239 3240/3240/3240
f 3241/3241/3241 3242/3242/3242 3243/3243/3243
f 3244/3244/3244 3245/3245/3245 3246/3246/3246
f 3247/3247/3247 3248/3248/3248 3249/3249/3249
f 3250/3250/3250 3251/3251/3251 3252/3252/3252
f 3253/3253/3253 3254/3254/3254 3255/3255/3255
f 3256/3256/3256 3257/3257/3257 3258/3258/3258
f 3259/3259/3259 3260/3260/3260 3261/3261/3261
f 3262/3262/3262 3263/3263/3263 3264/3264/3264
f 3265/3265/3265 3266/3266/3266 3267/3267/3267
f 3268/3268/3268 3269/3269/3269 3270/3270/3270
f 3271/3271/3271 3272/3272/3272 3273/3273/3273
f 3274/3274/3274 3275/3275/3275 3276/3276/3276
f 3277/3277/3277 3278/3278/3278 3279/3279/3279
f 3280/3280/3280 3281/3281/3281 3282/3282/3282
f 3283/3283/3283 3284/3284/3284 3285/3285/3285
f 3286/3286/3286 3287/3287/3287 3288/3288/3288
f 3289/3289/3289 3290/3290/3290 3291/3291/3291
f 3292/3292/3292 3293/3293/3293 3294/3294/3294
f 3295/3295/3295 3296/3296/3296 3297/3297/3297
f 3298/3298/3298 3299/3299/3299 3300/3300/3300
f 3301/3301/3301 3302/3302/3302 3303/3303/3303
f 3304/3304/3304 3305/3305/3305 3306/3306/3306
f 3307/3307/3307 3308/3308/3308 3309/3309/3309
f 3310/3310/3310 3311/3311/3311 3312/3312/3312
f 3313/3313/3313 3314/3314/3314 3315/3315/3315
f 3316/3316/3316 3317/3317/3317 3318/3318/3318
f 3319/3319/3319 3320/3320/3320 3321/3321/3321
f 3322/3322/3322 3323/3323/3323 3324/3324/3324
f 3325/3325/3325 3326/3326/3326 3327/3327/3327
f 3328/3328/3328 3329/3329/3329 3330/3330/3330
f 3331/3331/3331 3332/3332/3332 3333/3333/3333
f 3334/3334/3334 3335/3335/3335 3336/3336/3336
f 3337/3337/3337 3338/3338/3338 3339/3339/3339
f 3340/3340/3340 3341/3341/3341 3342/3342/3342
f 3343/3343/3343 3344/3344/3344 3345/3345/3345
f 3346/3346/3346 3347/3347/3347 3348/3348/3348
f 3349/3349/3349 3350/3350/3350 3351/3351/3351
f 3352/3352/3352 3353/3353/3353 3354/3354/3354
f 3355/3355/3355 3356/3356/3356 3357/3357/3357
f 3358/3358/3358 3359/3359/3359 3360/3360/3360
f 3361/3361/3361 3362/3362/3362 3363/3363/3363
f 3364/3364/3364 3365/3365/3365 3366/3366/3366
f 3367/3367/3367 3368/3368/3368 3369/3369/3369
f 3370/3370/3370 3371/3371/3371 3372/3372/3372
f 3373/3373/3373 3374/3374/3374 3375/3375/3375
f 3376/3376/3376 3377/3377/3377 3378/3378/3378
f 3379/3379/3379 3380/3380/3380 3381/3381/3381
f 3382/3382/3382 3383/3383/3383 3384/3384/3384
f 3385/3385/3385 3386/3386/3386 3387/3387/3387
f 3388/3388/3388 3389/3389/3389 3390/3390/3390
f 3391/3391/3391 3392/3392/3392 3393/3393/3393
f 3394/3394/3394 3395/3395/3395 3396/3396/3396
f 3397/3397/3397 3398/3398/3398 3399/3399/3399
f 3400/3400/3400 3401/3401/3401 3402/3402/3402
f 3403/3403/3403 3404/3404/3404 3405/3405/3405
f 3406/3406/3406 3407/3407/3407 3408/3408/3408
f 3409/3409/3409 3410/3410/3410 3411/3411/3411
f 3412/3412/3412 3413/3413/3413 3414/3414/3414
f 3415/3415/3415 3416/3416/3416 3417/3417/3417
f 3418/3418/3418 3419/3419/3419 3420/3420/3420
f 3421/3421/3421 3422/3422/3422 3423/3423/3423
f 3424/3424/3424 3425/3425/3425 3426/3426/3426
f 3427/3427/3427 3428/3428/3428 3429/3429/3429
f 3430/3430/3430 3431/3431/3431 3432/3432/3432
f 3433/3433/3433 3434/3434/3434 3435/3435/3435
f 3436/3436/3436 3437/3437/3437 3438/3438/3438
f 3439/3439/3439 3440/3440/3440 3441/3441/3441
f 3442/3442/3442 3443/3443/3443 3444/3444/3444
f 3445/3445/3445 3446/3446/3446 3447/3447/3447
f 3448/3448/3448 3449/3449/3449 3450/3450/3450
f 3451/3451/3451 3452/3452/3452 3453/3453/3453
f 3454/3454/3454 3455/3455/3455 3456/3456/3456
f 3457/3457/3457 3458/3458/3458 3459/3459/3459
f 3460/3460/3460 3461/3461/3461 3462/3462/3462
f 3463/3463/3463 3464/3464/3464 3465/3465/3465
f 3466/3466/3466 3467/3467/3467 3468/3468/3468
