o 
v 22.979413986206055 11.58692741394043 0
v 23.031827926635742 10.87098217010498 0
v 23.049299240112305 10.129400253295898 0
v 22.769756317138672 12.941910743713379 0
v 22.89205551147461 12.277237892150879 0
v 22.979413986206055 11.58692741394043 0
v 22.420324325561523 14.194350242614746 0
v 22.612512588500977 13.580948829650879 0
v 22.769756317138672 12.941910743713379 0
v 21.931121826171875 15.344244003295898 0
v 22.193195343017578 14.78211498260498 0
v 22.420324325561523 14.194350242614746 0
v 21.302146911621094 16.39159393310547 0
v 21.634105682373047 15.8807373046875 0
v 21.931121826171875 15.344244003295898 0
v 20.53339958190918 17.33639907836914 0
v 20.935245513916016 16.876815795898438 0
v 21.302146911621094 16.39159393310547 0
v 19.64566421508789 18.155502319335938 0
v 20.101816177368164 17.76456642150879 0
v 20.53339958190918 17.33639907836914 0
v 18.65965461730957 18.8256778717041 0
v 19.16494369506836 18.509206771850586 0
v 19.64566421508789 18.155502319335938 0
v 17.575374603271484 19.346925735473633 0
v 18.129798889160156 19.104917526245117 0
v 18.65965461730957 18.8256778717041 0
v 16.392822265625 19.7192440032959 0
v 16.996381759643555 19.551700592041016 0
v 17.575374603271484 19.346925735473633 0
v 15.111997604370117 19.942636489868164 0
v 15.764694213867188 19.84955596923828 0
v 16.392822265625 19.7192440032959 0
v 13.73289966583252 20.017099380493164 0
v 14.434732437133789 19.998483657836914 0
v 15.111997604370117 19.942636489868164 0
v 12.906499862670898 19.988107681274414 0
v 13.315732955932617 20.009851455688477 0
v 13.73289966583252 20.017099380493164 0
v 12.111832618713379 19.901132583618164 0
v 12.505199432373047 19.951868057250977 0
v 12.906499862670898 19.988107681274414 0
v 11.348897933959961 19.756174087524414 0
v 11.726398468017578 19.835901260375977 0
v 12.111832618713379 19.901132583618164 0
v 10.617695808410645 19.553234100341797 0
v 10.979330062866211 19.66195297241211 0
v 11.348897933959961 19.756174087524414 0
v 9.91822624206543 19.292308807373047 0
v 10.263994216918945 19.43001937866211 0
v 10.617695808410645 19.553234100341797 0
v 9.250490188598633 18.973400115966797 0
v 9.580391883850098 19.14010238647461 0
v 9.91822624206543 19.292308807373047 0
v 8.623047828674316 18.598949432373047 0
v 8.930665016174316 18.79281234741211 0
v 9.250490188598633 18.973400115966797 0
v 8.04443359375 18.17140007019043 0
v 8.32763671875 18.391813278198242 0
v 8.623047828674316 18.598949432373047 0
v 7.514647483825684 17.690750122070312 0
v 7.773437023162842 17.937711715698242 0
v 8.04443359375 18.17140007019043 0
v 7.033689975738525 17.156999588012695 0
v 7.268064975738525 17.430513381958008 0
v 7.514647483825684 17.690750122070312 0
v 6.601561069488525 16.57015037536621 0
v 6.811522006988525 16.87021255493164 0
v 7.033689975738525 17.156999588012695 0
v 6.218259811401367 15.93019962310791 0
v 6.403806686401367 16.256813049316406 0
v 6.601561069488525 16.57015037536621 0
v 22.192399978637695 25.114700317382812 0
v 18.41309928894043 24.4335994720459 0
v 18.203134536743164 25.03723907470703 0
v 21.855785369873047 26.118732452392578 0
v 22.033170700073242 25.62755012512207 0
v 22.192399978637695 25.114700317382812 0
v 21.446544647216797 27.036100387573242 0
v 21.66024398803711 26.58824920654297 0
v 21.855785369873047 26.118732452392578 0
v 20.964675903320312 27.86680030822754 0
v 21.21468734741211 27.462284088134766 0
v 21.446544647216797 27.036100387573242 0
v 20.41017723083496 28.6108341217041 0
v 20.696504592895508 28.249649047851562 0
v 20.964675903320312 27.86680030822754 0
v 19.783052444458008 29.268199920654297 0
v 20.105693817138672 28.950349807739258 0
v 20.41017723083496 28.6108341217041 0
v 19.08329963684082 29.838899612426758 0
v 19.4422550201416 29.564382553100586 0
v 19.783052444458008 29.268199920654297 0
v 18.31088638305664 30.322288513183594 0
v 18.7061710357666 30.091581344604492 0
v 19.08329963684082 29.838899612426758 0
v 17.465845108032227 30.717788696289062 0
v 17.897443771362305 30.531024932861328 0
v 18.31088638305664 30.322288513183594 0
v 16.548175811767578 31.025400161743164 0
v 17.016088485717773 30.882579803466797 0
v 17.465845108032227 30.717788696289062 0
v 15.557877540588379 31.2451229095459 0
v 16.062105178833008 31.14624786376953 0
v 16.548175811767578 31.025400161743164 0
v 14.494953155517578 31.376955032348633 0
v 15.035493850708008 31.322025299072266 0
v 15.557877540588379 31.2451229095459 0
v 13.359399795532227 31.420900344848633 0
v 13.936254501342773 31.409914016723633 0
v 14.494953155517578 31.376955032348633 0
v 11.654679298400879 31.301271438598633 0
v 12.490102767944336 31.390993118286133 0
v 13.359399795532227 31.420900344848633 0
v 10.085458755493164 30.9423885345459 0
v 10.853132247924805 31.151737213134766 0
v 11.654679298400879 31.301271438598633 0
v 8.651737213134766 30.344249725341797 0
v 9.35166072845459 30.673227310180664 0
v 10.085458755493164 30.9423885345459 0
v 7.353515625 29.506855010986328 0
v 7.985689163208008 29.955459594726562 0
v 8.651737213134766 30.344249725341797 0
v 6.190793037414551 28.430206298828125 0
v 6.7552170753479 28.998437881469727 0
v 7.353515625 29.506855010986328 0
v 5.163569927215576 27.114299774169922 0
v 5.660243988037109 27.802160263061523 0
v 6.190793037414551 28.430206298828125 0
v 4.284055709838867 25.574974060058594 0
v 4.703824043273926 26.370576858520508 0
v 5.163569927215576 27.114299774169922 0
v 3.564453363418579 23.82813262939453 0
v 3.9042656421661377 24.727493286132812 0
v 4.284055709838867 25.574974060058594 0
v 3.0047624111175537 21.873775482177734 0
v 3.2646188735961914 22.876893997192383 0
v 3.564453363418579 23.82813262939453 0
v 2.604983329772949 19.71190071105957 0
v 2.784883975982666 20.818777084350586 0
v 3.0047624111175537 21.873775482177734 0
v 2.3651158809661865 17.34250831604004 0
v 2.4650607109069824 18.553144454956055 0
v 2.604983329772949 19.71190071105957 0
v 2.2851600646972656 14.765600204467773 0
v 2.3051488399505615 16.079994201660156 0
v 2.3651158809661865 17.34250831604004 0
v 2.3620641231536865 12.388289451599121 0
v 2.3043861389160156 13.552377700805664 0
v 2.2851600646972656 14.765600204467773 0
v 6.613770008087158 10.89840030670166 0
v 2.4581942558288574 11.273333549499512 0
v 2.3620641231536865 12.388289451599121 0
v 2.4581942558288574 11.273333549499512 0
v 6.613770008087158 10.89840030670166 0
v 6.619415760040283 10.506560325622559 0
v 2.765810966491699 9.19081974029541 0
v 2.5927767753601074 10.207509994506836 0
v 2.4581942558288574 11.273333549499512 0
v 3.227236032485962 7.304838180541992 0
v 2.97729754447937 8.223262786865234 0
v 2.765810966491699 9.19081974029541 0
v 3.8424694538116455 5.615387916564941 0
v 3.5156266689300537 6.435546875 0
v 3.227236032485962 7.304838180541992 0
v 4.61151123046875 4.122469902038574 0
v 4.207764148712158 4.844362735748291 0
v 3.8424694538116455 5.615387916564941 0
v 5.5322265625 2.828524351119995 0
v 5.053709983825684 3.449709892272949 0
v 4.61151123046875 4.122469902038574 0
v 6.591800689697266 1.7482011318206787 0
v 6.044923782348633 2.261354684829712 0
v 5.5322265625 2.828524351119995 0
v 7.788094997406006 0.883942723274231 0
v 7.172857761383057 1.2890639305114746 0
v 6.591800689697266 1.7482011318206787 0
v 9.121109962463379 0.23574891686439514 0
v 8.437512397766113 0.5328377485275269 0
v 7.788094997406006 0.883942723274231 0
v 10.590846061706543 -0.19638031721115112 0
v 9.838888168334961 -0.00732377776876092 0
v 9.121109962463379 0.23574891686439514 0
v 12.197301864624023 -0.41244491934776306 0
v 11.376983642578125 -0.3314206898212433 0
v 10.590846061706543 -0.19638031721115112 0
v 13.817779541015625 -0.41976916790008545 0
v 13.051799774169922 -0.43945300579071045 0
v 12.197301864624023 -0.41244491934776306 0
v 15.265512466430664 -0.26229843497276306 0
v 14.555683135986328 -0.36071762442588806 0
v 13.817779541015625 -0.41976916790008545 0
v 16.6009464263916 0.05264300853013992 0
v 15.947266578674316 -0.12451155483722687 0
v 15.265512466430664 -0.26229843497276306 0
v 17.824079513549805 0.5250551700592041 0
v 17.22654914855957 0.2691652476787567 0
v 16.6009464263916 0.05264300853013992 0
v 18.934911727905273 1.1549381017684937 0
v 18.39353370666504 0.8203127980232239 0
v 17.824079513549805 0.5250551700592041 0
v 19.93344497680664 1.9422916173934937 0
v 19.448217391967773 1.5289310216903687 0
v 18.934911727905273 1.1549381017684937 0
v 20.81525421142578 2.88177490234375 0
v 20.390600204467773 2.395020008087158 0
v 19.93344497680664 1.9422916173934937 0
v 21.553781509399414 3.941344976425171 0
v 21.202980041503906 3.397216558456421 0
v 20.81525421142578 2.88177490234375 0
v 22.144603729248047 5.11566162109375 0
v 21.86765480041504 4.51416015625 0
v 21.553781509399414 3.941344976425171 0
v 22.58772087097168 6.404725074768066 0
v 22.384624481201172 5.745850086212158 0
v 22.144603729248047 5.11566162109375 0
v 22.88313102722168 7.808535099029541 0
v 22.753889083862305 7.092286586761475 0
v 22.58772087097168 6.404725074768066 0
v 23.03083610534668 9.327091217041016 0
v 22.975446701049805 8.55346965789795 0
v 22.88313102722168 7.808535099029541 0
v 22.979413986206055 11.58692741394043 0
v 23.049299240112305 10.129400253295898 0
v 23.03083610534668 9.327091217041016 0
v 22.420324325561523 14.194350242614746 0
v 22.769756317138672 12.941910743713379 0
v 22.979413986206055 11.58692741394043 0
v 21.302146911621094 16.39159393310547 0
v 21.931121826171875 15.344244003295898 0
v 22.420324325561523 14.194350242614746 0
v 19.64566421508789 18.155502319335938 0
v 20.53339958190918 17.33639907836914 0
v 21.302146911621094 16.39159393310547 0
v 17.575374603271484 19.346925735473633 0
v 18.65965461730957 18.8256778717041 0
v 19.64566421508789 18.155502319335938 0
v 15.111997604370117 19.942636489868164 0
v 16.392822265625 19.7192440032959 0
v 17.575374603271484 19.346925735473633 0
v 12.906499862670898 19.988107681274414 0
v 13.73289966583252 20.017099380493164 0
v 15.111997604370117 19.942636489868164 0
v 11.348897933959961 19.756174087524414 0
v 12.111832618713379 19.901132583618164 0
v 12.906499862670898 19.988107681274414 0
v 9.91822624206543 19.292308807373047 0
v 10.617695808410645 19.553234100341797 0
v 11.348897933959961 19.756174087524414 0
v 8.623047828674316 18.598949432373047 0
v 9.250490188598633 18.973400115966797 0
v 9.91822624206543 19.292308807373047 0
v 7.514647483825684 17.690750122070312 0
v 8.04443359375 18.17140007019043 0
v 8.623047828674316 18.598949432373047 0
v 6.601561069488525 16.57015037536621 0
v 7.033689975738525 17.156999588012695 0
v 7.514647483825684 17.690750122070312 0
v 22.192399978637695 25.114700317382812 0
v 18.203134536743164 25.03723907470703 0
v 17.95410919189453 25.58838653564453 0
v 21.446544647216797 27.036100387573242 0
v 21.855785369873047 26.118732452392578 0
v 22.192399978637695 25.114700317382812 0
v 20.41017723083496 28.6108341217041 0
v 20.964675903320312 27.86680030822754 0
v 21.446544647216797 27.036100387573242 0
v 19.08329963684082 29.838899612426758 0
v 19.783052444458008 29.268199920654297 0
v 20.41017723083496 28.6108341217041 0
v 17.465845108032227 30.717788696289062 0
v 18.31088638305664 30.322288513183594 0
v 19.08329963684082 29.838899612426758 0
v 15.557877540588379 31.2451229095459 0
v 16.548175811767578 31.025400161743164 0
v 17.465845108032227 30.717788696289062 0
v 13.359399795532227 31.420900344848633 0
v 14.494953155517578 31.376955032348633 0
v 15.557877540588379 31.2451229095459 0
v 10.085458755493164 30.9423885345459 0
v 11.654679298400879 31.301271438598633 0
v 13.359399795532227 31.420900344848633 0
v 7.353515625 29.506855010986328 0
v 8.651737213134766 30.344249725341797 0
v 10.085458755493164 30.9423885345459 0
v 5.163569927215576 27.114299774169922 0
v 6.190793037414551 28.430206298828125 0
v 7.353515625 29.506855010986328 0
v 3.564453363418579 23.82813262939453 0
v 4.284055709838867 25.574974060058594 0
v 5.163569927215576 27.114299774169922 0
v 2.604983329772949 19.71190071105957 0
v 3.0047624111175537 21.873775482177734 0
v 3.564453363418579 23.82813262939453 0
v 2.2851600646972656 14.765600204467773 0
v 2.3651158809661865 17.34250831604004 0
v 2.604983329772949 19.71190071105957 0
v 6.613770008087158 10.89840030670166 0
v 2.3620641231536865 12.388289451599121 0
v 2.2851600646972656 14.765600204467773 0
v 2.4581942558288574 11.273333549499512 0
v 6.619415760040283 10.506560325622559 0
v 6.636353015899658 10.122044563293457 0
v 3.227236032485962 7.304838180541992 0
v 2.765810966491699 9.19081974029541 0
v 2.4581942558288574 11.273333549499512 0
v 4.61151123046875 4.122469902038574 0
v 3.8424694538116455 5.615387916564941 0
v 3.227236032485962 7.304838180541992 0
v 6.591800689697266 1.7482011318206787 0
v 5.5322265625 2.828524351119995 0
v 4.61151123046875 4.122469902038574 0
v 9.121109962463379 0.23574891686439514 0
v 7.788094997406006 0.883942723274231 0
v 6.591800689697266 1.7482011318206787 0
v 12.197301864624023 -0.41244491934776306 0
v 10.590846061706543 -0.19638031721115112 0
v 9.121109962463379 0.23574891686439514 0
v 15.265512466430664 -0.26229843497276306 0
v 13.817779541015625 -0.41976916790008545 0
v 12.197301864624023 -0.41244491934776306 0
v 17.824079513549805 0.5250551700592041 0
v 16.6009464263916 0.05264300853013992 0
v 15.265512466430664 -0.26229843497276306 0
v 19.93344497680664 1.9422916173934937 0
v 18.934911727905273 1.1549381017684937 0
v 17.824079513549805 0.5250551700592041 0
v 21.553781509399414 3.941344976425171 0
v 20.81525421142578 2.88177490234375 0
v 19.93344497680664 1.9422916173934937 0
v 22.58772087097168 6.404725074768066 0
v 22.144603729248047 5.11566162109375 0
v 21.553781509399414 3.941344976425171 0
v 23.03083610534668 9.327091217041016 0
v 22.88313102722168 7.808535099029541 0
v 22.58772087097168 6.404725074768066 0
v 22.420324325561523 14.194350242614746 0
v 22.979413986206055 11.58692741394043 0
v 23.03083610534668 9.327091217041016 0
v 19.64566421508789 18.155502319335938 0
v 21.302146911621094 16.39159393310547 0
v 22.420324325561523 14.194350242614746 0
v 15.111997604370117 19.942636489868164 0
v 17.575374603271484 19.346925735473633 0
v 19.64566421508789 18.155502319335938 0
v 11.348897933959961 19.756174087524414 0
v 12.906499862670898 19.988107681274414 0
v 15.111997604370117 19.942636489868164 0
v 8.623047828674316 18.598949432373047 0
v 9.91822624206543 19.292308807373047 0
v 11.348897933959961 19.756174087524414 0
v 6.601561069488525 16.57015037536621 0
v 7.514647483825684 17.690750122070312 0
v 8.623047828674316 18.598949432373047 0
v 22.192399978637695 25.114700317382812 0
v 17.95410919189453 25.58838653564453 0
v 17.666019439697266 26.08704376220703 0
v 20.41017723083496 28.6108341217041 0
v 21.446544647216797 27.036100387573242 0
v 22.192399978637695 25.114700317382812 0
v 17.465845108032227 30.717788696289062 0
v 19.08329963684082 29.838899612426758 0
v 20.41017723083496 28.6108341217041 0
v 13.359399795532227 31.420900344848633 0
v 15.557877540588379 31.2451229095459 0
v 17.465845108032227 30.717788696289062 0
v 7.353515625 29.506855010986328 0
v 10.085458755493164 30.9423885345459 0
v 13.359399795532227 31.420900344848633 0
v 3.564453363418579 23.82813262939453 0
v 5.163569927215576 27.114299774169922 0
v 7.353515625 29.506855010986328 0
v 2.2851600646972656 14.765600204467773 0
v 2.604983329772949 19.71190071105957 0
v 3.564453363418579 23.82813262939453 0
v 6.625595569610596 11.362347602844238 0
v 6.613770008087158 10.89840030670166 0
v 2.2851600646972656 14.765600204467773 0
v 2.4581942558288574 11.273333549499512 0
v 6.636353015899658 10.122044563293457 0
v 6.664581775665283 9.744852066040039 0
v 4.61151123046875 4.122469902038574 0
v 3.227236032485962 7.304838180541992 0
v 2.4581942558288574 11.273333549499512 0
v 9.121109962463379 0.23574891686439514 0
v 6.591800689697266 1.7482011318206787 0
v 4.61151123046875 4.122469902038574 0
v 15.265512466430664 -0.26229843497276306 0
v 12.197301864624023 -0.41244491934776306 0
v 9.121109962463379 0.23574891686439514 0
v 19.93344497680664 1.9422916173934937 0
v 17.824079513549805 0.5250551700592041 0
v 15.265512466430664 -0.26229843497276306 0
v 22.58772087097168 6.404725074768066 0
v 21.553781509399414 3.941344976425171 0
v 19.93344497680664 1.9422916173934937 0
v 22.420324325561523 14.194350242614746 0
v 23.03083610534668 9.327091217041016 0
v 22.58772087097168 6.404725074768066 0
v 15.111997604370117 19.942636489868164 0
v 19.64566421508789 18.155502319335938 0
v 22.420324325561523 14.194350242614746 0
v 8.623047828674316 18.598949432373047 0
v 11.348897933959961 19.756174087524414 0
v 15.111997604370117 19.942636489868164 0
v 6.218259811401367 15.93019962310791 0
v 6.601561069488525 16.57015037536621 0
v 8.623047828674316 18.598949432373047 0
v 22.192399978637695 25.114700317382812 0
v 17.666019439697266 26.08704376220703 0
v 17.3388671875 26.53321075439453 0
v 17.465845108032227 30.717788696289062 0
v 20.41017723083496 28.6108341217041 0
v 22.192399978637695 25.114700317382812 0
v 7.353515625 29.506855010986328 0
v 13.359399795532227 31.420900344848633 0
v 17.465845108032227 30.717788696289062 0
v 2.2851600646972656 14.765600204467773 0
v 3.564453363418579 23.82813262939453 0
v 7.353515625 29.506855010986328 0
v 6.661072254180908 11.809358596801758 0
v 6.625595569610596 11.362347602844238 0
v 2.2851600646972656 14.765600204467773 0
v 2.4581942558288574 11.273333549499512 0
v 6.664581775665283 9.744852066040039 0
v 6.704102039337158 9.374983787536621 0
v 9.121109962463379 0.23574891686439514 0
v 4.61151123046875 4.122469902038574 0
v 2.4581942558288574 11.273333549499512 0
v 19.93344497680664 1.9422916173934937 0
v 15.265512466430664 -0.26229843497276306 0
v 9.121109962463379 0.23574891686439514 0
v 22.420324325561523 14.194350242614746 0
v 22.58772087097168 6.404725074768066 0
v 19.93344497680664 1.9422916173934937 0
v 6.218259811401367 15.93019962310791 0
v 8.623047828674316 18.598949432373047 0
v 15.111997604370117 19.942636489868164 0
v 22.192399978637695 25.114700317382812 0
v 17.3388671875 26.53321075439453 0
v 16.972652435302734 26.92688751220703 0
v 6.720200061798096 12.239431381225586 0
v 6.661072254180908 11.809358596801758 0
v 2.2851600646972656 14.765600204467773 0
v 2.4581942558288574 11.273333549499512 0
v 6.704102039337158 9.374983787536621 0
v 6.754914283752441 9.012438774108887 0
v 22.192399978637695 25.114700317382812 0
v 16.972652435302734 26.92688751220703 0
v 16.56737518310547 27.268075942993164 0
v 6.802978992462158 12.652566909790039 0
v 6.720200061798096 12.239431381225586 0
v 2.2851600646972656 14.765600204467773 0
v 2.4581942558288574 11.273333549499512 0
v 6.754914283752441 9.012438774108887 0
v 6.817017555236816 8.657217025756836 0
v 22.192399978637695 25.114700317382812 0
v 16.56737518310547 27.268075942993164 0
v 16.123035430908203 27.556772232055664 0
v 6.909409046173096 13.0487642288208 0
v 6.802978992462158 12.652566909790039 0
v 2.2851600646972656 14.765600204467773 0
v 2.4581942558288574 11.273333549499512 0
v 6.817017555236816 8.657217025756836 0
v 6.890412330627441 8.309320449829102 0
v 22.192399978637695 25.114700317382812 0
v 16.123035430908203 27.556772232055664 0
v 15.639633178710938 27.792978286743164 0
v 7.039490222930908 13.428025245666504 0
v 6.909409046173096 13.0487642288208 0
v 2.2851600646972656 14.765600204467773 0
v 2.4581942558288574 11.273333549499512 0
v 6.890412330627441 8.309320449829102 0
v 6.975099086761475 7.968746662139893 0
v 17.465845108032227 30.717788696289062 0
v 22.192399978637695 25.114700317382812 0
v 15.639633178710938 27.792978286743164 0
v 7.1932220458984375 13.790348052978516 0
v 7.039490222930908 13.428025245666504 0
v 2.2851600646972656 14.765600204467773 0
v 2.4581942558288574 11.273333549499512 0
v 6.975099086761475 7.968746662139893 0
v 7.0710768699646 7.635497093200684 0
v 17.465845108032227 30.717788696289062 0
v 15.639633178710938 27.792978286743164 0
v 15.117168426513672 27.976694107055664 0
v 7.37060546875 14.135733604431152 0
v 7.1932220458984375 13.790348052978516 0
v 2.2851600646972656 14.765600204467773 0
v 2.4581942558288574 11.273333549499512 0
v 7.0710768699646 7.635497093200684 0
v 7.178346157073975 7.309570789337158 0
v 17.465845108032227 30.717788696289062 0
v 15.117168426513672 27.976694107055664 0
v 14.555642127990723 28.107919692993164 0
v 7.5716400146484375 14.464180946350098 0
v 7.37060546875 14.135733604431152 0
v 2.2851600646972656 14.765600204467773 0
v 2.4581942558288574 11.273333549499512 0
v 7.178346157073975 7.309570789337158 0
v 7.296907424926758 6.990968704223633 0
v 17.465845108032227 30.717788696289062 0
v 14.555642127990723 28.107919692993164 0
v 13.955052375793457 28.186655044555664 0
v 7.79632568359375 14.775691986083984 0
v 7.5716400146484375 14.464180946350098 0
v 2.2851600646972656 14.765600204467773 0
v 2.4581942558288574 11.273333549499512 0
v 7.296907424926758 6.990968704223633 0
v 7.426760196685791 6.679689884185791 0
v 17.465845108032227 30.717788696289062 0
v 13.955052375793457 28.186655044555664 0
v 13.315400123596191 28.212900161743164 0
v 8.044662475585938 15.07026481628418 0
v 7.79632568359375 14.775691986083984 0
v 2.2851600646972656 14.765600204467773 0
v 2.4581942558288574 11.273333549499512 0
v 7.426760196685791 6.679689884185791 0
v 7.5664544105529785 6.377641201019287 0
v 17.465845108032227 30.717788696289062 0
v 13.315400123596191 28.212900161743164 0
v 12.762044906616211 28.191003799438477 0
v 8.316650390625 15.347900390625 0
v 8.044662475585938 15.07026481628418 0
v 2.2851600646972656 14.765600204467773 0
v 2.4581942558288574 11.273333549499512 0
v 7.5664544105529785 6.377641201019287 0
v 7.714540958404541 6.086731433868408 0
v 17.465845108032227 30.717788696289062 0
v 12.762044906616211 28.191003799438477 0
v 12.229898452758789 28.125314712524414 0
v 8.60785961151123 15.605851173400879 0
v 8.316650390625 15.347900390625 0
v 2.2851600646972656 14.765600204467773 0
v 2.4581942558288574 11.273333549499512 0
v 7.714540958404541 6.086731433868408 0
v 7.8710198402404785 5.806960582733154 0
v 17.465845108032227 30.717788696289062 0
v 12.229898452758789 28.125314712524414 0
v 11.718961715698242 28.015830993652344 0
v 8.913870811462402 15.8413724899292 0
v 8.60785961151123 15.605851173400879 0
v 2.2851600646972656 14.765600204467773 0
v 2.4581942558288574 11.273333549499512 0
v 7.8710198402404785 5.806960582733154 0
v 8.03589153289795 5.538329124450684 0
v 17.465845108032227 30.717788696289062 0
v 11.718961715698242 28.015830993652344 0
v 11.22923469543457 27.86255645751953 0
v 9.234683990478516 16.054462432861328 0
v 8.913870811462402 15.8413724899292 0
v 2.2851600646972656 14.765600204467773 0
v 2.4581942558288574 11.273333549499512 0
v 8.03589153289795 5.538329124450684 0
v 8.20915412902832 5.28083610534668 0
v 17.465845108032227 30.717788696289062 0
v 11.22923469543457 27.86255645751953 0
v 10.760716438293457 27.66548728942871 0
v 9.570300102233887 16.2451229095459 0
v 9.234683990478516 16.054462432861328 0
v 2.2851600646972656 14.765600204467773 0
v 2.4581942558288574 11.273333549499512 0
v 8.20915412902832 5.28083610534668 0
v 8.390810012817383 5.034482479095459 0
v 7.353515625 29.506855010986328 0
v 17.465845108032227 30.717788696289062 0
v 10.760716438293457 27.66548728942871 0
v 9.920717239379883 16.41335105895996 0
v 9.570300102233887 16.2451229095459 0
v 2.2851600646972656 14.765600204467773 0
v 2.4581942558288574 11.273333549499512 0
v 8.390810012817383 5.034482479095459 0
v 8.58085823059082 4.799267768859863 0
v 7.353515625 29.506855010986328 0
v 10.760716438293457 27.66548728942871 0
v 10.313407897949219 27.424625396728516 0
v 10.285937309265137 16.55915069580078 0
v 9.920717239379883 16.41335105895996 0
v 2.2851600646972656 14.765600204467773 0
v 2.4581942558288574 11.273333549499512 0
v 8.58085823059082 4.799267768859863 0
v 8.779297828674316 4.575192451477051 0
v 7.353515625 29.506855010986328 0
v 10.313407897949219 27.424625396728516 0
v 9.887308120727539 27.139970779418945 0
v 10.665959358215332 16.682518005371094 0
v 10.285937309265137 16.55915069580078 0
v 2.2851600646972656 14.765600204467773 0
v 9.121109962463379 0.23574891686439514 0
v 2.4581942558288574 11.273333549499512 0
v 8.779297828674316 4.575192451477051 0
v 7.353515625 29.506855010986328 0
v 9.887308120727539 27.139970779418945 0
v 9.482418060302734 26.811521530151367 0
v 11.060783386230469 16.78345489501953 0
v 10.665959358215332 16.682518005371094 0
v 2.2851600646972656 14.765600204467773 0
v 9.121109962463379 0.23574891686439514 0
v 8.779297828674316 4.575192451477051 0
v 8.986129760742188 4.362255573272705 0
v 7.353515625 29.506855010986328 0
v 9.482418060302734 26.811521530151367 0
v 9.098736763000488 26.439281463623047 0
v 9.121109962463379 0.23574891686439514 0
v 8.986129760742188 4.362255573272705 0
v 9.201354026794434 4.160458087921143 0
v 7.353515625 29.506855010986328 0
v 9.098736763000488 26.439281463623047 0
v 8.736265182495117 26.02324676513672 0
v 9.121109962463379 0.23574891686439514 0
v 9.201354026794434 4.160458087921143 0
v 9.424971580505371 3.969799518585205 0
v 7.353515625 29.506855010986328 0
v 8.736265182495117 26.02324676513672 0
v 8.395003318786621 25.563419342041016 0
v 9.121109962463379 0.23574891686439514 0
v 9.424971580505371 3.969799518585205 0
v 9.65697956085205 3.7902801036834717 0
v 7.353515625 29.506855010986328 0
v 8.395003318786621 25.563419342041016 0
v 8.074950218200684 25.059799194335938 0
v 9.121109962463379 0.23574891686439514 0
v 9.65697956085205 3.7902801036834717 0
v 9.896159172058105 3.623577833175659 0
v 7.353515625 29.506855010986328 0
v 8.074950218200684 25.059799194335938 0
v 7.778395175933838 24.514677047729492 0
v 9.121109962463379 0.23574891686439514 0
v 9.896159172058105 3.623577833175659 0
v 10.141288757324219 3.471371650695801 0
v 7.353515625 29.506855010986328 0
v 7.778395175933838 24.514677047729492 0
v 7.507627964019775 23.930339813232422 0
v 9.121109962463379 0.23574891686439514 0
v 10.141288757324219 3.471371650695801 0
v 10.392370223999023 3.3336613178253174 0
v 7.353515625 29.506855010986328 0
v 7.507627964019775 23.930339813232422 0
v 7.262648105621338 23.306787490844727 0
v 9.121109962463379 0.23574891686439514 0
v 10.392370223999023 3.3336613178253174 0
v 10.649402618408203 3.21044659614563 0
v 7.353515625 29.506855010986328 0
v 7.262648105621338 23.306787490844727 0
v 7.043455600738525 22.64402198791504 0
v 9.121109962463379 0.23574891686439514 0
v 10.649402618408203 3.21044659614563 0
v 10.912385940551758 3.1017279624938965 0
v 7.353515625 29.506855010986328 0
v 7.043455600738525 22.64402198791504 0
v 6.850050449371338 21.94204330444336 0
v 9.121109962463379 0.23574891686439514 0
v 10.912385940551758 3.1017279624938965 0
v 11.181320190429688 3.007504940032959 0
v 7.353515625 29.506855010986328 0
v 6.850050449371338 21.94204330444336 0
v 6.682432651519775 21.200849533081055 0
v 9.121109962463379 0.23574891686439514 0
v 11.181320190429688 3.007504940032959 0
v 11.456205368041992 2.9277780055999756 0
v 7.353515625 29.506855010986328 0
v 6.682432651519775 21.200849533081055 0
v 6.540602207183838 20.420442581176758 0
v 9.121109962463379 0.23574891686439514 0
v 11.456205368041992 2.9277780055999756 0
v 11.737042427062988 2.862546682357788 0
v 7.353515625 29.506855010986328 0
v 6.540602207183838 20.420442581176758 0
v 6.424559116363525 19.60082244873047 0
v 9.121109962463379 0.23574891686439514 0
v 11.737042427062988 2.862546682357788 0
v 12.02383041381836 2.8118112087249756 0
v 7.353515625 29.506855010986328 0
v 6.424559116363525 19.60082244873047 0
v 6.33430290222168 18.741987228393555 0
v 9.121109962463379 0.23574891686439514 0
v 12.02383041381836 2.8118112087249756 0
v 12.316569328308105 2.775571584701538 0
v 2.2851600646972656 14.765600204467773 0
v 7.353515625 29.506855010986328 0
v 6.33430290222168 18.741987228393555 0
v 9.121109962463379 0.23574891686439514 0
v 12.316569328308105 2.775571584701538 0
v 12.615259170532227 2.7538278102874756 0
v 2.2851600646972656 14.765600204467773 0
v 6.33430290222168 18.741987228393555 0
v 6.269834518432617 17.84393882751465 0
v 9.121109962463379 0.23574891686439514 0
v 12.615259170532227 2.7538278102874756 0
v 12.919899940490723 2.746579885482788 0
v 2.2851600646972656 14.765600204467773 0
v 6.269834518432617 17.84393882751465 0
v 6.23115348815918 16.90667724609375 0
v 9.121109962463379 0.23574891686439514 0
v 12.919899940490723 2.746579885482788 0
v 13.38743782043457 2.7599315643310547 0
v 2.2851600646972656 14.765600204467773 0
v 6.23115348815918 16.90667724609375 0
v 6.218259811401367 15.93019962310791 0
v 9.121109962463379 0.23574891686439514 0
v 13.38743782043457 2.7599315643310547 0
v 13.837882995605469 2.799985885620117 0
v 11.060783386230469 16.78345489501953 0
v 2.2851600646972656 14.765600204467773 0
v 6.218259811401367 15.93019962310791 0
v 9.121109962463379 0.23574891686439514 0
v 13.837882995605469 2.799985885620117 0
v 14.27123737335205 2.8667430877685547 0
v 11.060783386230469 16.78345489501953 0
v 6.218259811401367 15.93019962310791 0
v 15.111997604370117 19.942636489868164 0
v 9.121109962463379 0.23574891686439514 0
v 14.27123737335205 2.8667430877685547 0
v 14.6875 2.9602034091949463 0
v 11.470409393310547 16.861963272094727 0
v 11.060783386230469 16.78345489501953 0
v 15.111997604370117 19.942636489868164 0
v 9.121109962463379 0.23574891686439514 0
v 14.6875 2.9602034091949463 0
v 15.086670875549316 3.080366373062134 0
v 11.894837379455566 16.918039321899414 0
v 11.470409393310547 16.861963272094727 0
v 15.111997604370117 19.942636489868164 0
v 9.121109962463379 0.23574891686439514 0
v 15.086670875549316 3.080366373062134 0
v 15.46875 3.2272324562072754 0
v 12.334067344665527 16.951684951782227 0
v 11.894837379455566 16.918039321899414 0
v 15.111997604370117 19.942636489868164 0
v 19.93344497680664 1.9422916173934937 0
v 9.121109962463379 0.23574891686439514 0
v 15.46875 3.2272324562072754 0
v 12.788100242614746 16.962900161743164 0
v 12.334067344665527 16.951684951782227 0
v 15.111997604370117 19.942636489868164 0
v 19.93344497680664 1.9422916173934937 0
v 15.46875 3.2272324562072754 0
v 15.83373737335205 3.400801420211792 0
v 13.269814491271973 16.95023536682129 0
v 12.788100242614746 16.962900161743164 0
v 15.111997604370117 19.942636489868164 0
v 19.93344497680664 1.9422916173934937 0
v 15.83373737335205 3.400801420211792 0
v 16.18163299560547 3.6010732650756836 0
v 13.733525276184082 16.912240982055664 0
v 13.269814491271973 16.95023536682129 0
v 15.111997604370117 19.942636489868164 0
v 19.93344497680664 1.9422916173934937 0
v 16.18163299560547 3.6010732650756836 0
v 16.51243782043457 3.8280482292175293 0
v 14.179231643676758 16.848918914794922 0
v 13.733525276184082 16.912240982055664 0
v 15.111997604370117 19.942636489868164 0
v 19.93344497680664 1.9422916173934937 0
v 16.51243782043457 3.8280482292175293 0
v 16.82615089416504 4.081725597381592 0
v 14.60693359375 16.76026725769043 0
v 14.179231643676758 16.848918914794922 0
v 15.111997604370117 19.942636489868164 0
v 19.93344497680664 1.9422916173934937 0
v 16.82615089416504 4.081725597381592 0
v 17.122770309448242 4.3621063232421875 0
v 15.016631126403809 16.646286010742188 0
v 14.60693359375 16.76026725769043 0
v 15.111997604370117 19.942636489868164 0
v 19.93344497680664 1.9422916173934937 0
v 17.122770309448242 4.3621063232421875 0
v 17.402299880981445 4.669189929962158 0
v 15.016631126403809 16.646286010742188 0
v 15.111997604370117 19.942636489868164 0
v 22.420324325561523 14.194350242614746 0
v 19.93344497680664 1.9422916173934937 0
v 17.402299880981445 4.669189929962158 0
v 17.66200828552246 4.999619483947754 0
v 15.4083251953125 16.506975173950195 0
v 15.016631126403809 16.646286010742188 0
v 22.420324325561523 14.194350242614746 0
v 19.93344497680664 1.9422916173934937 0
v 17.66200828552246 4.999619483947754 0
v 17.899133682250977 5.350037574768066 0
v 15.782014846801758 16.342334747314453 0
v 15.4083251953125 16.506975173950195 0
v 22.420324325561523 14.194350242614746 0
v 19.93344497680664 1.9422916173934937 0
v 17.899133682250977 5.350037574768066 0
v 18.11367416381836 5.720445156097412 0
v 16.137699127197266 16.152366638183594 0
v 15.782014846801758 16.342334747314453 0
v 22.420324325561523 14.194350242614746 0
v 19.93344497680664 1.9422916173934937 0
v 18.11367416381836 5.720445156097412 0
v 18.305633544921875 6.110841274261475 0
v 16.47538185119629 15.937068939208984 0
v 16.137699127197266 16.152366638183594 0
v 22.420324325561523 14.194350242614746 0
v 19.93344497680664 1.9422916173934937 0
v 18.305633544921875 6.110841274261475 0
v 18.475008010864258 6.521225929260254 0
v 16.795059204101562 15.696441650390625 0
v 16.47538185119629 15.937068939208984 0
v 22.420324325561523 14.194350242614746 0
v 19.93344497680664 1.9422916173934937 0
v 18.475008010864258 6.521225929260254 0
v 18.62179946899414 6.951600074768066 0
v 17.096731185913086 15.430485725402832 0
v 16.795059204101562 15.696441650390625 0
v 22.420324325561523 14.194350242614746 0
v 19.93344497680664 1.9422916173934937 0
v 18.62179946899414 6.951600074768066 0
v 18.746007919311523 7.401962757110596 0
v 17.380399703979492 15.139200210571289 0
v 17.096731185913086 15.430485725402832 0
v 22.420324325561523 14.194350242614746 0
v 19.93344497680664 1.9422916173934937 0
v 18.746007919311523 7.401962757110596 0
v 18.847633361816406 7.872314453125 0
v 17.643606185913086 14.824552536010742 0
v 17.380399703979492 15.139200210571289 0
v 22.420324325561523 14.194350242614746 0
v 19.93344497680664 1.9422916173934937 0
v 18.847633361816406 7.872314453125 0
v 18.92667579650879 8.362654685974121 0
v 17.88392448425293 14.488544464111328 0
v 17.643606185913086 14.824552536010742 0
v 22.420324325561523 14.194350242614746 0
v 19.93344497680664 1.9422916173934937 0
v 18.92667579650879 8.362654685974121 0
v 18.98313331604004 8.872984886169434 0
v 18.101356506347656 14.131175994873047 0
v 17.88392448425293 14.488544464111328 0
v 22.420324325561523 14.194350242614746 0
v 19.93344497680664 1.9422916173934937 0
v 18.98313331604004 8.872984886169434 0
v 19.01700782775879 9.403303146362305 0
v 18.295900344848633 13.752445220947266 0
v 18.101356506347656 14.131175994873047 0
v 22.420324325561523 14.194350242614746 0
v 19.93344497680664 1.9422916173934937 0
v 19.01700782775879 9.403303146362305 0
v 19.02829933166504 9.95361042022705 0
v 18.46755599975586 13.352354049682617 0
v 18.295900344848633 13.752445220947266 0
v 22.420324325561523 14.194350242614746 0
v 19.93344497680664 1.9422916173934937 0
v 19.02829933166504 9.95361042022705 0
v 19.016857147216797 10.503228187561035 0
v 18.61632537841797 12.930902481079102 0
v 18.46755599975586 13.352354049682617 0
v 22.420324325561523 14.194350242614746 0
v 19.93344497680664 1.9422916173934937 0
v 19.016857147216797 10.503228187561035 0
v 18.982524871826172 11.031484603881836 0
v 18.742206573486328 12.488089561462402 0
v 18.61632537841797 12.930902481079102 0
v 22.420324325561523 14.194350242614746 0
v 22.420324325561523 14.194350242614746 0
v 19.93344497680664 1.9422916173934937 0
v 18.982524871826172 11.031484603881836 0
v 18.845199584960938 12.02391529083252 0
v 18.742206573486328 12.488089561462402 0
v 22.420324325561523 14.194350242614746 0
v 22.420324325561523 14.194350242614746 0
v 18.982524871826172 11.031484603881836 0
v 18.92530632019043 11.53838062286377 0
v 18.92530632019043 11.53838062286377 0
v 18.845199584960938 12.02391529083252 0
v 22.420324325561523 14.194350242614746 0
v 23.049299240112305 10.129400253295898 10
v 23.031827926635742 10.87098217010498 10
v 22.979413986206055 11.58692741394043 10
v 22.979413986206055 11.58692741394043 10
v 22.89205551147461 12.277237892150879 10
v 22.769756317138672 12.941910743713379 10
v 22.769756317138672 12.941910743713379 10
v 22.612512588500977 13.580948829650879 10
v 22.420324325561523 14.194350242614746 10
v 22.420324325561523 14.194350242614746 10
v 22.193195343017578 14.78211498260498 10
v 21.931121826171875 15.344244003295898 10
v 21.931121826171875 15.344244003295898 10
v 21.634105682373047 15.8807373046875 10
v 21.302146911621094 16.39159393310547 10
v 21.302146911621094 16.39159393310547 10
v 20.935245513916016 16.876815795898438 10
v 20.53339958190918 17.33639907836914 10
v 20.53339958190918 17.33639907836914 10
v 20.101816177368164 17.76456642150879 10
v 19.64566421508789 18.155502319335938 10
v 19.64566421508789 18.155502319335938 10
v 19.16494369506836 18.509206771850586 10
v 18.65965461730957 18.8256778717041 10
v 18.65965461730957 18.8256778717041 10
v 18.129798889160156 19.104917526245117 10
v 17.575374603271484 19.346925735473633 10
v 17.575374603271484 19.346925735473633 10
v 16.996381759643555 19.551700592041016 10
v 16.392822265625 19.7192440032959 10
v 16.392822265625 19.7192440032959 10
v 15.764694213867188 19.84955596923828 10
v 15.111997604370117 19.942636489868164 10
v 15.111997604370117 19.942636489868164 10
v 14.434732437133789 19.998483657836914 10
v 13.73289966583252 20.017099380493164 10
v 13.73289966583252 20.017099380493164 10
v 13.315732955932617 20.009851455688477 10
v 12.906499862670898 19.988107681274414 10
v 12.906499862670898 19.988107681274414 10
v 12.505199432373047 19.951868057250977 10
v 12.111832618713379 19.901132583618164 10
v 12.111832618713379 19.901132583618164 10
v 11.726398468017578 19.835901260375977 10
v 11.348897933959961 19.756174087524414 10
v 11.348897933959961 19.756174087524414 10
v 10.979330062866211 19.66195297241211 10
v 10.617695808410645 19.553234100341797 10
v 10.617695808410645 19.553234100341797 10
v 10.263994216918945 19.43001937866211 10
v 9.91822624206543 19.292308807373047 10
v 9.91822624206543 19.292308807373047 10
v 9.580391883850098 19.14010238647461 10
v 9.250490188598633 18.973400115966797 10
v 9.250490188598633 18.973400115966797 10
v 8.930665016174316 18.79281234741211 10
v 8.623047828674316 18.598949432373047 10
v 8.623047828674316 18.598949432373047 10
v 8.32763671875 18.391813278198242 10
v 8.04443359375 18.17140007019043 10
v 8.04443359375 18.17140007019043 10
v 7.773437023162842 17.937711715698242 10
v 7.514647483825684 17.690750122070312 10
v 7.514647483825684 17.690750122070312 10
v 7.268064975738525 17.430513381958008 10
v 7.033689975738525 17.156999588012695 10
v 7.033689975738525 17.156999588012695 10
v 6.811522006988525 16.87021255493164 10
v 6.601561069488525 16.57015037536621 10
v 6.601561069488525 16.57015037536621 10
v 6.403806686401367 16.256813049316406 10
v 6.218259811401367 15.93019962310791 10
v 18.203134536743164 25.03723907470703 10
v 18.41309928894043 24.4335994720459 10
v 22.192399978637695 25.114700317382812 10
v 22.192399978637695 25.114700317382812 10
v 22.033170700073242 25.62755012512207 10
v 21.855785369873047 26.118732452392578 10
v 21.855785369873047 26.118732452392578 10
v 21.66024398803711 26.58824920654297 10
v 21.446544647216797 27.036100387573242 10
v 21.446544647216797 27.036100387573242 10
v 21.21468734741211 27.462284088134766 10
v 20.964675903320312 27.86680030822754 10
v 20.964675903320312 27.86680030822754 10
v 20.696504592895508 28.249649047851562 10
v 20.41017723083496 28.6108341217041 10
v 20.41017723083496 28.6108341217041 10
v 20.105693817138672 28.950349807739258 10
v 19.783052444458008 29.268199920654297 10
v 19.783052444458008 29.268199920654297 10
v 19.4422550201416 29.564382553100586 10
v 19.08329963684082 29.838899612426758 10
v 19.08329963684082 29.838899612426758 10
v 18.7061710357666 30.091581344604492 10
v 18.31088638305664 30.322288513183594 10
v 18.31088638305664 30.322288513183594 10
v 17.897443771362305 30.531024932861328 10
v 17.465845108032227 30.717788696289062 10
v 17.465845108032227 30.717788696289062 10
v 17.016088485717773 30.882579803466797 10
v 16.548175811767578 31.025400161743164 10
v 16.548175811767578 31.025400161743164 10
v 16.062105178833008 31.14624786376953 10
v 15.557877540588379 31.2451229095459 10
v 15.557877540588379 31.2451229095459 10
v 15.035493850708008 31.322025299072266 10
v 14.494953155517578 31.376955032348633 10
v 14.494953155517578 31.376955032348633 10
v 13.936254501342773 31.409914016723633 10
v 13.359399795532227 31.420900344848633 10
v 13.359399795532227 31.420900344848633 10
v 12.490102767944336 31.390993118286133 10
v 11.654679298400879 31.301271438598633 10
v 11.654679298400879 31.301271438598633 10
v 10.853132247924805 31.151737213134766 10
v 10.085458755493164 30.9423885345459 10
v 10.085458755493164 30.9423885345459 10
v 9.35166072845459 30.673227310180664 10
v 8.651737213134766 30.344249725341797 10
v 8.651737213134766 30.344249725341797 10
v 7.985689163208008 29.955459594726562 10
v 7.353515625 29.506855010986328 10
v 7.353515625 29.506855010986328 10
v 6.7552170753479 28.998437881469727 10
v 6.190793037414551 28.430206298828125 10
v 6.190793037414551 28.430206298828125 10
v 5.660243988037109 27.802160263061523 10
v 5.163569927215576 27.114299774169922 10
v 5.163569927215576 27.114299774169922 10
v 4.703824043273926 26.370576858520508 10
v 4.284055709838867 25.574974060058594 10
v 4.284055709838867 25.574974060058594 10
v 3.9042656421661377 24.727493286132812 10
v 3.564453363418579 23.82813262939453 10
v 3.564453363418579 23.82813262939453 10
v 3.2646188735961914 22.876893997192383 10
v 3.0047624111175537 21.873775482177734 10
v 3.0047624111175537 21.873775482177734 10
v 2.784883975982666 20.818777084350586 10
v 2.604983329772949 19.71190071105957 10
v 2.604983329772949 19.71190071105957 10
v 2.4650607109069824 18.553144454956055 10
v 2.3651158809661865 17.34250831604004 10
v 2.3651158809661865 17.34250831604004 10
v 2.3051488399505615 16.079994201660156 10
v 2.2851600646972656 14.765600204467773 10
v 2.2851600646972656 14.765600204467773 10
v 2.3043861389160156 13.552377700805664 10
v 2.3620641231536865 12.388289451599121 10
v 2.3620641231536865 12.388289451599121 10
v 2.4581942558288574 11.273333549499512 10
v 6.613770008087158 10.89840030670166 10
v 6.619415760040283 10.506560325622559 10
v 6.613770008087158 10.89840030670166 10
v 2.4581942558288574 11.273333549499512 10
v 2.4581942558288574 11.273333549499512 10
v 2.5927767753601074 10.207509994506836 10
v 2.765810966491699 9.19081974029541 10
v 2.765810966491699 9.19081974029541 10
v 2.97729754447937 8.223262786865234 10
v 3.227236032485962 7.304838180541992 10
v 3.227236032485962 7.304838180541992 10
v 3.5156266689300537 6.435546875 10
v 3.8424694538116455 5.615387916564941 10
v 3.8424694538116455 5.615387916564941 10
v 4.207764148712158 4.844362735748291 10
v 4.61151123046875 4.122469902038574 10
v 4.61151123046875 4.122469902038574 10
v 5.053709983825684 3.449709892272949 10
v 5.5322265625 2.828524351119995 10
v 5.5322265625 2.828524351119995 10
v 6.044923782348633 2.261354684829712 10
v 6.591800689697266 1.7482011318206787 10
v 6.591800689697266 1.7482011318206787 10
v 7.172857761383057 1.2890639305114746 10
v 7.788094997406006 0.883942723274231 10
v 7.788094997406006 0.883942723274231 10
v 8.437512397766113 0.5328377485275269 10
v 9.121109962463379 0.23574891686439514 10
v 9.121109962463379 0.23574891686439514 10
v 9.838888168334961 -0.00732377776876092 10
v 10.590846061706543 -0.19638031721115112 10
v 10.590846061706543 -0.19638031721115112 10
v 11.376983642578125 -0.3314206898212433 10
v 12.197301864624023 -0.41244491934776306 10
v 12.197301864624023 -0.41244491934776306 10
v 13.051799774169922 -0.43945300579071045 10
v 13.817779541015625 -0.41976916790008545 10
v 13.817779541015625 -0.41976916790008545 10
v 14.555683135986328 -0.36071762442588806 10
v 15.265512466430664 -0.26229843497276306 10
v 15.265512466430664 -0.26229843497276306 10
v 15.947266578674316 -0.12451155483722687 10
v 16.6009464263916 0.05264300853013992 10
v 16.6009464263916 0.05264300853013992 10
v 17.22654914855957 0.2691652476787567 10
v 17.824079513549805 0.5250551700592041 10
v 17.824079513549805 0.5250551700592041 10
v 18.39353370666504 0.8203127980232239 10
v 18.934911727905273 1.1549381017684937 10
v 18.934911727905273 1.1549381017684937 10
v 19.448217391967773 1.5289310216903687 10
v 19.93344497680664 1.9422916173934937 10
v 19.93344497680664 1.9422916173934937 10
v 20.390600204467773 2.395020008087158 10
v 20.81525421142578 2.88177490234375 10
v 20.81525421142578 2.88177490234375 10
v 21.202980041503906 3.397216558456421 10
v 21.553781509399414 3.941344976425171 10
v 21.553781509399414 3.941344976425171 10
v 21.86765480041504 4.51416015625 10
v 22.144603729248047 5.11566162109375 10
v 22.144603729248047 5.11566162109375 10
v 22.384624481201172 5.745850086212158 10
v 22.58772087097168 6.404725074768066 10
v 22.58772087097168 6.404725074768066 10
v 22.753889083862305 7.092286586761475 10
v 22.88313102722168 7.808535099029541 10
v 22.88313102722168 7.808535099029541 10
v 22.975446701049805 8.55346965789795 10
v 23.03083610534668 9.327091217041016 10
v 23.03083610534668 9.327091217041016 10
v 23.049299240112305 10.129400253295898 10
v 22.979413986206055 11.58692741394043 10
v 22.979413986206055 11.58692741394043 10
v 22.769756317138672 12.941910743713379 10
v 22.420324325561523 14.194350242614746 10
v 22.420324325561523 14.194350242614746 10
v 21.931121826171875 15.344244003295898 10
v 21.302146911621094 16.39159393310547 10
v 21.302146911621094 16.39159393310547 10
v 20.53339958190918 17.33639907836914 10
v 19.64566421508789 18.155502319335938 10
v 19.64566421508789 18.155502319335938 10
v 18.65965461730957 18.8256778717041 10
v 17.575374603271484 19.346925735473633 10
v 17.575374603271484 19.346925735473633 10
v 16.392822265625 19.7192440032959 10
v 15.111997604370117 19.942636489868164 10
v 15.111997604370117 19.942636489868164 10
v 13.73289966583252 20.017099380493164 10
v 12.906499862670898 19.988107681274414 10
v 12.906499862670898 19.988107681274414 10
v 12.111832618713379 19.901132583618164 10
v 11.348897933959961 19.756174087524414 10
v 11.348897933959961 19.756174087524414 10
v 10.617695808410645 19.553234100341797 10
v 9.91822624206543 19.292308807373047 10
v 9.91822624206543 19.292308807373047 10
v 9.250490188598633 18.973400115966797 10
v 8.623047828674316 18.598949432373047 10
v 8.623047828674316 18.598949432373047 10
v 8.04443359375 18.17140007019043 10
v 7.514647483825684 17.690750122070312 10
v 7.514647483825684 17.690750122070312 10
v 7.033689975738525 17.156999588012695 10
v 6.601561069488525 16.57015037536621 10
v 17.95410919189453 25.58838653564453 10
v 18.203134536743164 25.03723907470703 10
v 22.192399978637695 25.114700317382812 10
v 22.192399978637695 25.114700317382812 10
v 21.855785369873047 26.118732452392578 10
v 21.446544647216797 27.036100387573242 10
v 21.446544647216797 27.036100387573242 10
v 20.964675903320312 27.86680030822754 10
v 20.41017723083496 28.6108341217041 10
v 20.41017723083496 28.6108341217041 10
v 19.783052444458008 29.268199920654297 10
v 19.08329963684082 29.838899612426758 10
v 19.08329963684082 29.838899612426758 10
v 18.31088638305664 30.322288513183594 10
v 17.465845108032227 30.717788696289062 10
v 17.465845108032227 30.717788696289062 10
v 16.548175811767578 31.025400161743164 10
v 15.557877540588379 31.2451229095459 10
v 15.557877540588379 31.2451229095459 10
v 14.494953155517578 31.376955032348633 10
v 13.359399795532227 31.420900344848633 10
v 13.359399795532227 31.420900344848633 10
v 11.654679298400879 31.301271438598633 10
v 10.085458755493164 30.9423885345459 10
v 10.085458755493164 30.9423885345459 10
v 8.651737213134766 30.344249725341797 10
v 7.353515625 29.506855010986328 10
v 7.353515625 29.506855010986328 10
v 6.190793037414551 28.430206298828125 10
v 5.163569927215576 27.114299774169922 10
v 5.163569927215576 27.114299774169922 10
v 4.284055709838867 25.574974060058594 10
v 3.564453363418579 23.82813262939453 10
v 3.564453363418579 23.82813262939453 10
v 3.0047624111175537 21.873775482177734 10
v 2.604983329772949 19.71190071105957 10
v 2.604983329772949 19.71190071105957 10
v 2.3651158809661865 17.34250831604004 10
v 2.2851600646972656 14.765600204467773 10
v 2.2851600646972656 14.765600204467773 10
v 2.3620641231536865 12.388289451599121 10
v 6.613770008087158 10.89840030670166 10
v 6.636353015899658 10.122044563293457 10
v 6.619415760040283 10.506560325622559 10
v 2.4581942558288574 11.273333549499512 10
v 2.4581942558288574 11.273333549499512 10
v 2.765810966491699 9.19081974029541 10
v 3.227236032485962 7.304838180541992 10
v 3.227236032485962 7.304838180541992 10
v 3.8424694538116455 5.615387916564941 10
v 4.61151123046875 4.122469902038574 10
v 4.61151123046875 4.122469902038574 10
v 5.5322265625 2.828524351119995 10
v 6.591800689697266 1.7482011318206787 10
v 6.591800689697266 1.7482011318206787 10
v 7.788094997406006 0.883942723274231 10
v 9.121109962463379 0.23574891686439514 10
v 9.121109962463379 0.23574891686439514 10
v 10.590846061706543 -0.19638031721115112 10
v 12.197301864624023 -0.41244491934776306 10
v 12.197301864624023 -0.41244491934776306 10
v 13.817779541015625 -0.41976916790008545 10
v 15.265512466430664 -0.26229843497276306 10
v 15.265512466430664 -0.26229843497276306 10
v 16.6009464263916 0.05264300853013992 10
v 17.824079513549805 0.5250551700592041 10
v 17.824079513549805 0.5250551700592041 10
v 18.934911727905273 1.1549381017684937 10
v 19.93344497680664 1.9422916173934937 10
v 19.93344497680664 1.9422916173934937 10
v 20.81525421142578 2.88177490234375 10
v 21.553781509399414 3.941344976425171 10
v 21.553781509399414 3.941344976425171 10
v 22.144603729248047 5.11566162109375 10
v 22.58772087097168 6.404725074768066 10
v 22.58772087097168 6.404725074768066 10
v 22.88313102722168 7.808535099029541 10
v 23.03083610534668 9.327091217041016 10
v 23.03083610534668 9.327091217041016 10
v 22.979413986206055 11.58692741394043 10
v 22.420324325561523 14.194350242614746 10
v 22.420324325561523 14.194350242614746 10
v 21.302146911621094 16.39159393310547 10
v 19.64566421508789 18.155502319335938 10
v 19.64566421508789 18.155502319335938 10
v 17.575374603271484 19.346925735473633 10
v 15.111997604370117 19.942636489868164 10
v 15.111997604370117 19.942636489868164 10
v 12.906499862670898 19.988107681274414 10
v 11.348897933959961 19.756174087524414 10
v 11.348897933959961 19.756174087524414 10
v 9.91822624206543 19.292308807373047 10
v 8.623047828674316 18.598949432373047 10
v 8.623047828674316 18.598949432373047 10
v 7.514647483825684 17.690750122070312 10
v 6.601561069488525 16.57015037536621 10
v 17.666019439697266 26.08704376220703 10
v 17.95410919189453 25.58838653564453 10
v 22.192399978637695 25.114700317382812 10
v 22.192399978637695 25.114700317382812 10
v 21.446544647216797 27.036100387573242 10
v 20.41017723083496 28.6108341217041 10
v 20.41017723083496 28.6108341217041 10
v 19.08329963684082 29.838899612426758 10
v 17.465845108032227 30.717788696289062 10
v 17.465845108032227 30.717788696289062 10
v 15.557877540588379 31.2451229095459 10
v 13.359399795532227 31.420900344848633 10
v 13.359399795532227 31.420900344848633 10
v 10.085458755493164 30.9423885345459 10
v 7.353515625 29.506855010986328 10
v 7.353515625 29.506855010986328 10
v 5.163569927215576 27.114299774169922 10
v 3.564453363418579 23.82813262939453 10
v 3.564453363418579 23.82813262939453 10
v 2.604983329772949 19.71190071105957 10
v 2.2851600646972656 14.765600204467773 10
v 2.2851600646972656 14.765600204467773 10
v 6.613770008087158 10.89840030670166 10
v 6.625595569610596 11.362347602844238 10
v 6.664581775665283 9.744852066040039 10
v 6.636353015899658 10.122044563293457 10
v 2.4581942558288574 11.273333549499512 10
v 2.4581942558288574 11.273333549499512 10
v 3.227236032485962 7.304838180541992 10
v 4.61151123046875 4.122469902038574 10
v 4.61151123046875 4.122469902038574 10
v 6.591800689697266 1.7482011318206787 10
v 9.121109962463379 0.23574891686439514 10
v 9.121109962463379 0.23574891686439514 10
v 12.197301864624023 -0.41244491934776306 10
v 15.265512466430664 -0.26229843497276306 10
v 15.265512466430664 -0.26229843497276306 10
v 17.824079513549805 0.5250551700592041 10
v 19.93344497680664 1.9422916173934937 10
v 19.93344497680664 1.9422916173934937 10
v 21.553781509399414 3.941344976425171 10
v 22.58772087097168 6.404725074768066 10
v 22.58772087097168 6.404725074768066 10
v 23.03083610534668 9.327091217041016 10
v 22.420324325561523 14.194350242614746 10
v 22.420324325561523 14.194350242614746 10
v 19.64566421508789 18.155502319335938 10
v 15.111997604370117 19.942636489868164 10
v 15.111997604370117 19.942636489868164 10
v 11.348897933959961 19.756174087524414 10
v 8.623047828674316 18.598949432373047 10
v 8.623047828674316 18.598949432373047 10
v 6.601561069488525 16.57015037536621 10
v 6.218259811401367 15.93019962310791 10
v 17.3388671875 26.53321075439453 10
v 17.666019439697266 26.08704376220703 10
v 22.192399978637695 25.114700317382812 10
v 22.192399978637695 25.114700317382812 10
v 20.41017723083496 28.6108341217041 10
v 17.465845108032227 30.717788696289062 10
v 17.465845108032227 30.717788696289062 10
v 13.359399795532227 31.420900344848633 10
v 7.353515625 29.506855010986328 10
v 7.353515625 29.506855010986328 10
v 3.564453363418579 23.82813262939453 10
v 2.2851600646972656 14.765600204467773 10
v 2.2851600646972656 14.765600204467773 10
v 6.625595569610596 11.362347602844238 10
v 6.661072254180908 11.809358596801758 10
v 6.704102039337158 9.374983787536621 10
v 6.664581775665283 9.744852066040039 10
v 2.4581942558288574 11.273333549499512 10
v 2.4581942558288574 11.273333549499512 10
v 4.61151123046875 4.122469902038574 10
v 9.121109962463379 0.23574891686439514 10
v 9.121109962463379 0.23574891686439514 10
v 15.265512466430664 -0.26229843497276306 10
v 19.93344497680664 1.9422916173934937 10
v 19.93344497680664 1.9422916173934937 10
v 22.58772087097168 6.404725074768066 10
v 22.420324325561523 14.194350242614746 10
v 15.111997604370117 19.942636489868164 10
v 8.623047828674316 18.598949432373047 10
v 6.218259811401367 15.93019962310791 10
v 16.972652435302734 26.92688751220703 10
v 17.3388671875 26.53321075439453 10
v 22.192399978637695 25.114700317382812 10
v 2.2851600646972656 14.765600204467773 10
v 6.661072254180908 11.809358596801758 10
v 6.720200061798096 12.239431381225586 10
v 6.754914283752441 9.012438774108887 10
v 6.704102039337158 9.374983787536621 10
v 2.4581942558288574 11.273333549499512 10
v 16.56737518310547 27.268075942993164 10
v 16.972652435302734 26.92688751220703 10
v 22.192399978637695 25.114700317382812 10
v 2.2851600646972656 14.765600204467773 10
v 6.720200061798096 12.239431381225586 10
v 6.802978992462158 12.652566909790039 10
v 6.817017555236816 8.657217025756836 10
v 6.754914283752441 9.012438774108887 10
v 2.4581942558288574 11.273333549499512 10
v 16.123035430908203 27.556772232055664 10
v 16.56737518310547 27.268075942993164 10
v 22.192399978637695 25.114700317382812 10
v 2.2851600646972656 14.765600204467773 10
v 6.802978992462158 12.652566909790039 10
v 6.909409046173096 13.0487642288208 10
v 6.890412330627441 8.309320449829102 10
v 6.817017555236816 8.657217025756836 10
v 2.4581942558288574 11.273333549499512 10
v 15.639633178710938 27.792978286743164 10
v 16.123035430908203 27.556772232055664 10
v 22.192399978637695 25.114700317382812 10
v 2.2851600646972656 14.765600204467773 10
v 6.909409046173096 13.0487642288208 10
v 7.039490222930908 13.428025245666504 10
v 6.975099086761475 7.968746662139893 10
v 6.890412330627441 8.309320449829102 10
v 2.4581942558288574 11.273333549499512 10
v 15.639633178710938 27.792978286743164 10
v 22.192399978637695 25.114700317382812 10
v 17.465845108032227 30.717788696289062 10
v 2.2851600646972656 14.765600204467773 10
v 7.039490222930908 13.428025245666504 10
v 7.1932220458984375 13.790348052978516 10
v 7.0710768699646 7.635497093200684 10
v 6.975099086761475 7.968746662139893 10
v 2.4581942558288574 11.273333549499512 10
v 15.117168426513672 27.976694107055664 10
v 15.639633178710938 27.792978286743164 10
v 17.465845108032227 30.717788696289062 10
v 2.2851600646972656 14.765600204467773 10
v 7.1932220458984375 13.790348052978516 10
v 7.37060546875 14.135733604431152 10
v 7.178346157073975 7.309570789337158 10
v 7.0710768699646 7.635497093200684 10
v 2.4581942558288574 11.273333549499512 10
v 14.555642127990723 28.107919692993164 10
v 15.117168426513672 27.976694107055664 10
v 17.465845108032227 30.717788696289062 10
v 2.2851600646972656 14.765600204467773 10
v 7.37060546875 14.135733604431152 10
v 7.5716400146484375 14.464180946350098 10
v 7.296907424926758 6.990968704223633 10
v 7.178346157073975 7.309570789337158 10
v 2.4581942558288574 11.273333549499512 10
v 13.955052375793457 28.186655044555664 10
v 14.555642127990723 28.107919692993164 10
v 17.465845108032227 30.717788696289062 10
v 2.2851600646972656 14.765600204467773 10
v 7.5716400146484375 14.464180946350098 10
v 7.79632568359375 14.775691986083984 10
v 7.426760196685791 6.679689884185791 10
v 7.296907424926758 6.990968704223633 10
v 2.4581942558288574 11.273333549499512 10
v 13.315400123596191 28.212900161743164 10
v 13.955052375793457 28.186655044555664 10
v 17.465845108032227 30.717788696289062 10
v 2.2851600646972656 14.765600204467773 10
v 7.79632568359375 14.775691986083984 10
v 8.044662475585938 15.07026481628418 10
v 7.5664544105529785 6.377641201019287 10
v 7.426760196685791 6.679689884185791 10
v 2.4581942558288574 11.273333549499512 10
v 12.762044906616211 28.191003799438477 10
v 13.315400123596191 28.212900161743164 10
v 17.465845108032227 30.717788696289062 10
v 2.2851600646972656 14.765600204467773 10
v 8.044662475585938 15.07026481628418 10
v 8.316650390625 15.347900390625 10
v 7.714540958404541 6.086731433868408 10
v 7.5664544105529785 6.377641201019287 10
v 2.4581942558288574 11.273333549499512 10
v 12.229898452758789 28.125314712524414 10
v 12.762044906616211 28.191003799438477 10
v 17.465845108032227 30.717788696289062 10
v 2.2851600646972656 14.765600204467773 10
v 8.316650390625 15.347900390625 10
v 8.60785961151123 15.605851173400879 10
v 7.8710198402404785 5.806960582733154 10
v 7.714540958404541 6.086731433868408 10
v 2.4581942558288574 11.273333549499512 10
v 11.718961715698242 28.015830993652344 10
v 12.229898452758789 28.125314712524414 10
v 17.465845108032227 30.717788696289062 10
v 2.2851600646972656 14.765600204467773 10
v 8.60785961151123 15.605851173400879 10
v 8.913870811462402 15.8413724899292 10
v 8.03589153289795 5.538329124450684 10
v 7.8710198402404785 5.806960582733154 10
v 2.4581942558288574 11.273333549499512 10
v 11.22923469543457 27.86255645751953 10
v 11.718961715698242 28.015830993652344 10
v 17.465845108032227 30.717788696289062 10
v 2.2851600646972656 14.765600204467773 10
v 8.913870811462402 15.8413724899292 10
v 9.234683990478516 16.054462432861328 10
v 8.20915412902832 5.28083610534668 10
v 8.03589153289795 5.538329124450684 10
v 2.4581942558288574 11.273333549499512 10
v 10.760716438293457 27.66548728942871 10
v 11.22923469543457 27.86255645751953 10
v 17.465845108032227 30.717788696289062 10
v 2.2851600646972656 14.765600204467773 10
v 9.234683990478516 16.054462432861328 10
v 9.570300102233887 16.2451229095459 10
v 8.390810012817383 5.034482479095459 10
v 8.20915412902832 5.28083610534668 10
v 2.4581942558288574 11.273333549499512 10
v 10.760716438293457 27.66548728942871 10
v 17.465845108032227 30.717788696289062 10
v 7.353515625 29.506855010986328 10
v 2.2851600646972656 14.765600204467773 10
v 9.570300102233887 16.2451229095459 10
v 9.920717239379883 16.41335105895996 10
v 8.58085823059082 4.799267768859863 10
v 8.390810012817383 5.034482479095459 10
v 2.4581942558288574 11.273333549499512 10
v 10.313407897949219 27.424625396728516 10
v 10.760716438293457 27.66548728942871 10
v 7.353515625 29.506855010986328 10
v 2.2851600646972656 14.765600204467773 10
v 9.920717239379883 16.41335105895996 10
v 10.285937309265137 16.55915069580078 10
v 8.779297828674316 4.575192451477051 10
v 8.58085823059082 4.799267768859863 10
v 2.4581942558288574 11.273333549499512 10
v 9.887308120727539 27.139970779418945 10
v 10.313407897949219 27.424625396728516 10
v 7.353515625 29.506855010986328 10
v 2.2851600646972656 14.765600204467773 10
v 10.285937309265137 16.55915069580078 10
v 10.665959358215332 16.682518005371094 10
v 8.779297828674316 4.575192451477051 10
v 2.4581942558288574 11.273333549499512 10
v 9.121109962463379 0.23574891686439514 10
v 9.482418060302734 26.811521530151367 10
v 9.887308120727539 27.139970779418945 10
v 7.353515625 29.506855010986328 10
v 2.2851600646972656 14.765600204467773 10
v 10.665959358215332 16.682518005371094 10
v 11.060783386230469 16.78345489501953 10
v 8.986129760742188 4.362255573272705 10
v 8.779297828674316 4.575192451477051 10
v 9.121109962463379 0.23574891686439514 10
v 9.098736763000488 26.439281463623047 10
v 9.482418060302734 26.811521530151367 10
v 7.353515625 29.506855010986328 10
v 9.201354026794434 4.160458087921143 10
v 8.986129760742188 4.362255573272705 10
v 9.121109962463379 0.23574891686439514 10
v 8.736265182495117 26.02324676513672 10
v 9.098736763000488 26.439281463623047 10
v 7.353515625 29.506855010986328 10
v 9.424971580505371 3.969799518585205 10
v 9.201354026794434 4.160458087921143 10
v 9.121109962463379 0.23574891686439514 10
v 8.395003318786621 25.563419342041016 10
v 8.736265182495117 26.02324676513672 10
v 7.353515625 29.506855010986328 10
v 9.65697956085205 3.7902801036834717 10
v 9.424971580505371 3.969799518585205 10
v 9.121109962463379 0.23574891686439514 10
v 8.074950218200684 25.059799194335938 10
v 8.395003318786621 25.563419342041016 10
v 7.353515625 29.506855010986328 10
v 9.896159172058105 3.623577833175659 10
v 9.65697956085205 3.7902801036834717 10
v 9.121109962463379 0.23574891686439514 10
v 7.778395175933838 24.514677047729492 10
v 8.074950218200684 25.059799194335938 10
v 7.353515625 29.506855010986328 10
v 10.141288757324219 3.471371650695801 10
v 9.896159172058105 3.623577833175659 10
v 9.121109962463379 0.23574891686439514 10
v 7.507627964019775 23.930339813232422 10
v 7.778395175933838 24.514677047729492 10
v 7.353515625 29.506855010986328 10
v 10.392370223999023 3.3336613178253174 10
v 10.141288757324219 3.471371650695801 10
v 9.121109962463379 0.23574891686439514 10
v 7.262648105621338 23.306787490844727 10
v 7.507627964019775 23.930339813232422 10
v 7.353515625 29.506855010986328 10
v 10.649402618408203 3.21044659614563 10
v 10.392370223999023 3.3336613178253174 10
v 9.121109962463379 0.23574891686439514 10
v 7.043455600738525 22.64402198791504 10
v 7.262648105621338 23.306787490844727 10
v 7.353515625 29.506855010986328 10
v 10.912385940551758 3.1017279624938965 10
v 10.649402618408203 3.21044659614563 10
v 9.121109962463379 0.23574891686439514 10
v 6.850050449371338 21.94204330444336 10
v 7.043455600738525 22.64402198791504 10
v 7.353515625 29.506855010986328 10
v 11.181320190429688 3.007504940032959 10
v 10.912385940551758 3.1017279624938965 10
v 9.121109962463379 0.23574891686439514 10
v 6.682432651519775 21.200849533081055 10
v 6.850050449371338 21.94204330444336 10
v 7.353515625 29.506855010986328 10
v 11.456205368041992 2.9277780055999756 10
v 11.181320190429688 3.007504940032959 10
v 9.121109962463379 0.23574891686439514 10
v 6.540602207183838 20.420442581176758 10
v 6.682432651519775 21.200849533081055 10
v 7.353515625 29.506855010986328 10
v 11.737042427062988 2.862546682357788 10
v 11.456205368041992 2.9277780055999756 10
v 9.121109962463379 0.23574891686439514 10
v 6.424559116363525 19.60082244873047 10
v 6.540602207183838 20.420442581176758 10
v 7.353515625 29.506855010986328 10
v 12.02383041381836 2.8118112087249756 10
v 11.737042427062988 2.862546682357788 10
v 9.121109962463379 0.23574891686439514 10
v 6.33430290222168 18.741987228393555 10
v 6.424559116363525 19.60082244873047 10
v 7.353515625 29.506855010986328 10
v 12.316569328308105 2.775571584701538 10
v 12.02383041381836 2.8118112087249756 10
v 9.121109962463379 0.23574891686439514 10
v 6.33430290222168 18.741987228393555 10
v 7.353515625 29.506855010986328 10
v 2.2851600646972656 14.765600204467773 10
v 12.615259170532227 2.7538278102874756 10
v 12.316569328308105 2.775571584701538 10
v 9.121109962463379 0.23574891686439514 10
v 6.269834518432617 17.84393882751465 10
v 6.33430290222168 18.741987228393555 10
v 2.2851600646972656 14.765600204467773 10
v 12.919899940490723 2.746579885482788 10
v 12.615259170532227 2.7538278102874756 10
v 9.121109962463379 0.23574891686439514 10
v 6.23115348815918 16.90667724609375 10
v 6.269834518432617 17.84393882751465 10
v 2.2851600646972656 14.765600204467773 10
v 13.38743782043457 2.7599315643310547 10
v 12.919899940490723 2.746579885482788 10
v 9.121109962463379 0.23574891686439514 10
v 6.218259811401367 15.93019962310791 10
v 6.23115348815918 16.90667724609375 10
v 2.2851600646972656 14.765600204467773 10
v 13.837882995605469 2.799985885620117 10
v 13.38743782043457 2.7599315643310547 10
v 9.121109962463379 0.23574891686439514 10
v 6.218259811401367 15.93019962310791 10
v 2.2851600646972656 14.765600204467773 10
v 11.060783386230469 16.78345489501953 10
v 14.27123737335205 2.8667430877685547 10
v 13.837882995605469 2.799985885620117 10
v 9.121109962463379 0.23574891686439514 10
v 15.111997604370117 19.942636489868164 10
v 6.218259811401367 15.93019962310791 10
v 11.060783386230469 16.78345489501953 10
v 14.6875 2.9602034091949463 10
v 14.27123737335205 2.8667430877685547 10
v 9.121109962463379 0.23574891686439514 10
v 15.111997604370117 19.942636489868164 10
v 11.060783386230469 16.78345489501953 10
v 11.470409393310547 16.861963272094727 10
v 15.086670875549316 3.080366373062134 10
v 14.6875 2.9602034091949463 10
v 9.121109962463379 0.23574891686439514 10
v 15.111997604370117 19.942636489868164 10
v 11.470409393310547 16.861963272094727 10
v 11.894837379455566 16.918039321899414 10
v 15.46875 3.2272324562072754 10
v 15.086670875549316 3.080366373062134 10
v 9.121109962463379 0.23574891686439514 10
v 15.111997604370117 19.942636489868164 10
v 11.894837379455566 16.918039321899414 10
v 12.334067344665527 16.951684951782227 10
v 15.46875 3.2272324562072754 10
v 9.121109962463379 0.23574891686439514 10
v 19.93344497680664 1.9422916173934937 10
v 15.111997604370117 19.942636489868164 10
v 12.334067344665527 16.951684951782227 10
v 12.788100242614746 16.962900161743164 10
v 15.83373737335205 3.400801420211792 10
v 15.46875 3.2272324562072754 10
v 19.93344497680664 1.9422916173934937 10
v 15.111997604370117 19.942636489868164 10
v 12.788100242614746 16.962900161743164 10
v 13.269814491271973 16.95023536682129 10
v 16.18163299560547 3.6010732650756836 10
v 15.83373737335205 3.400801420211792 10
v 19.93344497680664 1.9422916173934937 10
v 15.111997604370117 19.942636489868164 10
v 13.269814491271973 16.95023536682129 10
v 13.733525276184082 16.912240982055664 10
v 16.51243782043457 3.8280482292175293 10
v 16.18163299560547 3.6010732650756836 10
v 19.93344497680664 1.9422916173934937 10
v 15.111997604370117 19.942636489868164 10
v 13.733525276184082 16.912240982055664 10
v 14.179231643676758 16.848918914794922 10
v 16.82615089416504 4.081725597381592 10
v 16.51243782043457 3.8280482292175293 10
v 19.93344497680664 1.9422916173934937 10
v 15.111997604370117 19.942636489868164 10
v 14.179231643676758 16.848918914794922 10
v 14.60693359375 16.76026725769043 10
v 17.122770309448242 4.3621063232421875 10
v 16.82615089416504 4.081725597381592 10
v 19.93344497680664 1.9422916173934937 10
v 15.111997604370117 19.942636489868164 10
v 14.60693359375 16.76026725769043 10
v 15.016631126403809 16.646286010742188 10
v 17.402299880981445 4.669189929962158 10
v 17.122770309448242 4.3621063232421875 10
v 19.93344497680664 1.9422916173934937 10
v 22.420324325561523 14.194350242614746 10
v 15.111997604370117 19.942636489868164 10
v 15.016631126403809 16.646286010742188 10
v 17.66200828552246 4.999619483947754 10
v 17.402299880981445 4.669189929962158 10
v 19.93344497680664 1.9422916173934937 10
v 22.420324325561523 14.194350242614746 10
v 15.016631126403809 16.646286010742188 10
v 15.4083251953125 16.506975173950195 10
v 17.899133682250977 5.350037574768066 10
v 17.66200828552246 4.999619483947754 10
v 19.93344497680664 1.9422916173934937 10
v 22.420324325561523 14.194350242614746 10
v 15.4083251953125 16.506975173950195 10
v 15.782014846801758 16.342334747314453 10
v 18.11367416381836 5.720445156097412 10
v 17.899133682250977 5.350037574768066 10
v 19.93344497680664 1.9422916173934937 10
v 22.420324325561523 14.194350242614746 10
v 15.782014846801758 16.342334747314453 10
v 16.137699127197266 16.152366638183594 10
v 18.305633544921875 6.110841274261475 10
v 18.11367416381836 5.720445156097412 10
v 19.93344497680664 1.9422916173934937 10
v 22.420324325561523 14.194350242614746 10
v 16.137699127197266 16.152366638183594 10
v 16.47538185119629 15.937068939208984 10
v 18.475008010864258 6.521225929260254 10
v 18.305633544921875 6.110841274261475 10
v 19.93344497680664 1.9422916173934937 10
v 22.420324325561523 14.194350242614746 10
v 16.47538185119629 15.937068939208984 10
v 16.795059204101562 15.696441650390625 10
v 18.62179946899414 6.951600074768066 10
v 18.475008010864258 6.521225929260254 10
v 19.93344497680664 1.9422916173934937 10
v 22.420324325561523 14.194350242614746 10
v 16.795059204101562 15.696441650390625 10
v 17.096731185913086 15.430485725402832 10
v 18.746007919311523 7.401962757110596 10
v 18.62179946899414 6.951600074768066 10
v 19.93344497680664 1.9422916173934937 10
v 22.420324325561523 14.194350242614746 10
v 17.096731185913086 15.430485725402832 10
v 17.380399703979492 15.139200210571289 10
v 18.847633361816406 7.872314453125 10
v 18.746007919311523 7.401962757110596 10
v 19.93344497680664 1.9422916173934937 10
v 22.420324325561523 14.194350242614746 10
v 17.380399703979492 15.139200210571289 10
v 17.643606185913086 14.824552536010742 10
v 18.92667579650879 8.362654685974121 10
v 18.847633361816406 7.872314453125 10
v 19.93344497680664 1.9422916173934937 10
v 22.420324325561523 14.194350242614746 10
v 17.643606185913086 14.824552536010742 10
v 17.88392448425293 14.488544464111328 10
v 18.98313331604004 8.872984886169434 10
v 18.92667579650879 8.362654685974121 10
v 19.93344497680664 1.9422916173934937 10
v 22.420324325561523 14.194350242614746 10
v 17.88392448425293 14.488544464111328 10
v 18.101356506347656 14.131175994873047 10
v 19.01700782775879 9.403303146362305 10
v 18.98313331604004 8.872984886169434 10
v 19.93344497680664 1.9422916173934937 10
v 22.420324325561523 14.194350242614746 10
v 18.101356506347656 14.131175994873047 10
v 18.295900344848633 13.752445220947266 10
v 19.02829933166504 9.95361042022705 10
v 19.01700782775879 9.403303146362305 10
v 19.93344497680664 1.9422916173934937 10
v 22.420324325561523 14.194350242614746 10
v 18.295900344848633 13.752445220947266 10
v 18.46755599975586 13.352354049682617 10
v 19.016857147216797 10.503228187561035 10
v 19.02829933166504 9.95361042022705 10
v 19.93344497680664 1.9422916173934937 10
v 22.420324325561523 14.194350242614746 10
v 18.46755599975586 13.352354049682617 10
v 18.61632537841797 12.930902481079102 10
v 18.982524871826172 11.031484603881836 10
v 19.016857147216797 10.503228187561035 10
v 19.93344497680664 1.9422916173934937 10
v 22.420324325561523 14.194350242614746 10
v 18.61632537841797 12.930902481079102 10
v 18.742206573486328 12.488089561462402 10
v 18.982524871826172 11.031484603881836 10
v 19.93344497680664 1.9422916173934937 10
v 22.420324325561523 14.194350242614746 10
v 22.420324325561523 14.194350242614746 10
v 18.742206573486328 12.488089561462402 10
v 18.845199584960938 12.02391529083252 10
v 18.92530632019043 11.53838062286377 10
v 18.982524871826172 11.031484603881836 10
v 22.420324325561523 14.194350242614746 10
v 22.420324325561523 14.194350242614746 10
v 18.845199584960938 12.02391529083252 10
v 18.92530632019043 11.53838062286377 10
v 23.031827926635742 10.87098217010498 0
v 22.979413986206055 11.58692741394043 0
v 23.031827926635742 10.87098217010498 10
v 22.979413986206055 11.58692741394043 0
v 22.979413986206055 11.58692741394043 10
v 23.031827926635742 10.87098217010498 10
v 22.979413986206055 11.58692741394043 0
v 22.89205551147461 12.277237892150879 0
v 22.979413986206055 11.58692741394043 10
v 22.89205551147461 12.277237892150879 0
v 22.89205551147461 12.277237892150879 10
v 22.979413986206055 11.58692741394043 10
v 22.89205551147461 12.277237892150879 0
v 22.769756317138672 12.941910743713379 0
v 22.89205551147461 12.277237892150879 10
v 22.769756317138672 12.941910743713379 0
v 22.769756317138672 12.941910743713379 10
v 22.89205551147461 12.277237892150879 10
v 22.769756317138672 12.941910743713379 0
v 22.612512588500977 13.580948829650879 0
v 22.769756317138672 12.941910743713379 10
v 22.612512588500977 13.580948829650879 0
v 22.612512588500977 13.580948829650879 10
v 22.769756317138672 12.941910743713379 10
v 22.612512588500977 13.580948829650879 0
v 22.420324325561523 14.194350242614746 0
v 22.612512588500977 13.580948829650879 10
v 22.420324325561523 14.194350242614746 0
v 22.420324325561523 14.194350242614746 10
v 22.612512588500977 13.580948829650879 10
v 22.420324325561523 14.194350242614746 0
v 22.193195343017578 14.78211498260498 0
v 22.420324325561523 14.194350242614746 10
v 22.193195343017578 14.78211498260498 0
v 22.193195343017578 14.78211498260498 10
v 22.420324325561523 14.194350242614746 10
v 22.193195343017578 14.78211498260498 0
v 21.931121826171875 15.344244003295898 0
v 22.193195343017578 14.78211498260498 10
v 21.931121826171875 15.344244003295898 0
v 21.931121826171875 15.344244003295898 10
v 22.193195343017578 14.78211498260498 10
v 21.931121826171875 15.344244003295898 0
v 21.634105682373047 15.8807373046875 0
v 21.931121826171875 15.344244003295898 10
v 21.634105682373047 15.8807373046875 0
v 21.634105682373047 15.8807373046875 10
v 21.931121826171875 15.344244003295898 10
v 21.634105682373047 15.8807373046875 0
v 21.302146911621094 16.39159393310547 0
v 21.634105682373047 15.8807373046875 10
v 21.302146911621094 16.39159393310547 0
v 21.302146911621094 16.39159393310547 10
v 21.634105682373047 15.8807373046875 10
v 21.302146911621094 16.39159393310547 0
v 20.935245513916016 16.876815795898438 0
v 21.302146911621094 16.39159393310547 10
v 20.935245513916016 16.876815795898438 0
v 20.935245513916016 16.876815795898438 10
v 21.302146911621094 16.39159393310547 10
v 20.935245513916016 16.876815795898438 0
v 20.53339958190918 17.33639907836914 0
v 20.935245513916016 16.876815795898438 10
v 20.53339958190918 17.33639907836914 0
v 20.53339958190918 17.33639907836914 10
v 20.935245513916016 16.876815795898438 10
v 20.53339958190918 17.33639907836914 0
v 20.101816177368164 17.76456642150879 0
v 20.53339958190918 17.33639907836914 10
v 20.101816177368164 17.76456642150879 0
v 20.101816177368164 17.76456642150879 10
v 20.53339958190918 17.33639907836914 10
v 20.101816177368164 17.76456642150879 0
v 19.64566421508789 18.155502319335938 0
v 20.101816177368164 17.76456642150879 10
v 19.64566421508789 18.155502319335938 0
v 19.64566421508789 18.155502319335938 10
v 20.101816177368164 17.76456642150879 10
v 19.64566421508789 18.155502319335938 0
v 19.16494369506836 18.509206771850586 0
v 19.64566421508789 18.155502319335938 10
v 19.16494369506836 18.509206771850586 0
v 19.16494369506836 18.509206771850586 10
v 19.64566421508789 18.155502319335938 10
v 19.16494369506836 18.509206771850586 0
v 18.65965461730957 18.8256778717041 0
v 19.16494369506836 18.509206771850586 10
v 18.65965461730957 18.8256778717041 0
v 18.65965461730957 18.8256778717041 10
v 19.16494369506836 18.509206771850586 10
v 18.65965461730957 18.8256778717041 0
v 18.129798889160156 19.104917526245117 0
v 18.65965461730957 18.8256778717041 10
v 18.129798889160156 19.104917526245117 0
v 18.129798889160156 19.104917526245117 10
v 18.65965461730957 18.8256778717041 10
v 18.129798889160156 19.104917526245117 0
v 17.575374603271484 19.346925735473633 0
v 18.129798889160156 19.104917526245117 10
v 17.575374603271484 19.346925735473633 0
v 17.575374603271484 19.346925735473633 10
v 18.129798889160156 19.104917526245117 10
v 17.575374603271484 19.346925735473633 0
v 16.996381759643555 19.551700592041016 0
v 17.575374603271484 19.346925735473633 10
v 16.996381759643555 19.551700592041016 0
v 16.996381759643555 19.551700592041016 10
v 17.575374603271484 19.346925735473633 10
v 16.996381759643555 19.551700592041016 0
v 16.392822265625 19.7192440032959 0
v 16.996381759643555 19.551700592041016 10
v 16.392822265625 19.7192440032959 0
v 16.392822265625 19.7192440032959 10
v 16.996381759643555 19.551700592041016 10
v 16.392822265625 19.7192440032959 0
v 15.764694213867188 19.84955596923828 0
v 16.392822265625 19.7192440032959 10
v 15.764694213867188 19.84955596923828 0
v 15.764694213867188 19.84955596923828 10
v 16.392822265625 19.7192440032959 10
v 15.764694213867188 19.84955596923828 0
v 15.111997604370117 19.942636489868164 0
v 15.764694213867188 19.84955596923828 10
v 15.111997604370117 19.942636489868164 0
v 15.111997604370117 19.942636489868164 10
v 15.764694213867188 19.84955596923828 10
v 15.111997604370117 19.942636489868164 0
v 14.434732437133789 19.998483657836914 0
v 15.111997604370117 19.942636489868164 10
v 14.434732437133789 19.998483657836914 0
v 14.434732437133789 19.998483657836914 10
v 15.111997604370117 19.942636489868164 10
v 14.434732437133789 19.998483657836914 0
v 13.73289966583252 20.017099380493164 0
v 14.434732437133789 19.998483657836914 10
v 13.73289966583252 20.017099380493164 0
v 13.73289966583252 20.017099380493164 10
v 14.434732437133789 19.998483657836914 10
v 13.73289966583252 20.017099380493164 0
v 13.315732955932617 20.009851455688477 0
v 13.73289966583252 20.017099380493164 10
v 13.315732955932617 20.009851455688477 0
v 13.315732955932617 20.009851455688477 10
v 13.73289966583252 20.017099380493164 10
v 13.315732955932617 20.009851455688477 0
v 12.906499862670898 19.988107681274414 0
v 13.315732955932617 20.009851455688477 10
v 12.906499862670898 19.988107681274414 0
v 12.906499862670898 19.988107681274414 10
v 13.315732955932617 20.009851455688477 10
v 12.906499862670898 19.988107681274414 0
v 12.505199432373047 19.951868057250977 0
v 12.906499862670898 19.988107681274414 10
v 12.505199432373047 19.951868057250977 0
v 12.505199432373047 19.951868057250977 10
v 12.906499862670898 19.988107681274414 10
v 12.505199432373047 19.951868057250977 0
v 12.111832618713379 19.901132583618164 0
v 12.505199432373047 19.951868057250977 10
v 12.111832618713379 19.901132583618164 0
v 12.111832618713379 19.901132583618164 10
v 12.505199432373047 19.951868057250977 10
v 12.111832618713379 19.901132583618164 0
v 11.726398468017578 19.835901260375977 0
v 12.111832618713379 19.901132583618164 10
v 11.726398468017578 19.835901260375977 0
v 11.726398468017578 19.835901260375977 10
v 12.111832618713379 19.901132583618164 10
v 11.726398468017578 19.835901260375977 0
v 11.348897933959961 19.756174087524414 0
v 11.726398468017578 19.835901260375977 10
v 11.348897933959961 19.756174087524414 0
v 11.348897933959961 19.756174087524414 10
v 11.726398468017578 19.835901260375977 10
v 11.348897933959961 19.756174087524414 0
v 10.979330062866211 19.66195297241211 0
v 11.348897933959961 19.756174087524414 10
v 10.979330062866211 19.66195297241211 0
v 10.979330062866211 19.66195297241211 10
v 11.348897933959961 19.756174087524414 10
v 10.979330062866211 19.66195297241211 0
v 10.617695808410645 19.553234100341797 0
v 10.979330062866211 19.66195297241211 10
v 10.617695808410645 19.553234100341797 0
v 10.617695808410645 19.553234100341797 10
v 10.979330062866211 19.66195297241211 10
v 10.617695808410645 19.553234100341797 0
v 10.263994216918945 19.43001937866211 0
v 10.617695808410645 19.553234100341797 10
v 10.263994216918945 19.43001937866211 0
v 10.263994216918945 19.43001937866211 10
v 10.617695808410645 19.553234100341797 10
v 10.263994216918945 19.43001937866211 0
v 9.91822624206543 19.292308807373047 0
v 10.263994216918945 19.43001937866211 10
v 9.91822624206543 19.292308807373047 0
v 9.91822624206543 19.292308807373047 10
v 10.263994216918945 19.43001937866211 10
v 9.91822624206543 19.292308807373047 0
v 9.580391883850098 19.14010238647461 0
v 9.91822624206543 19.292308807373047 10
v 9.580391883850098 19.14010238647461 0
v 9.580391883850098 19.14010238647461 10
v 9.91822624206543 19.292308807373047 10
v 9.580391883850098 19.14010238647461 0
v 9.250490188598633 18.973400115966797 0
v 9.580391883850098 19.14010238647461 10
v 9.250490188598633 18.973400115966797 0
v 9.250490188598633 18.973400115966797 10
v 9.580391883850098 19.14010238647461 10
v 9.250490188598633 18.973400115966797 0
v 8.930665016174316 18.79281234741211 0
v 9.250490188598633 18.973400115966797 10
v 8.930665016174316 18.79281234741211 0
v 8.930665016174316 18.79281234741211 10
v 9.250490188598633 18.973400115966797 10
v 8.930665016174316 18.79281234741211 0
v 8.623047828674316 18.598949432373047 0
v 8.930665016174316 18.79281234741211 10
v 8.623047828674316 18.598949432373047 0
v 8.623047828674316 18.598949432373047 10
v 8.930665016174316 18.79281234741211 10
v 8.623047828674316 18.598949432373047 0
v 8.32763671875 18.391813278198242 0
v 8.623047828674316 18.598949432373047 10
v 8.32763671875 18.391813278198242 0
v 8.32763671875 18.391813278198242 10
v 8.623047828674316 18.598949432373047 10
v 8.32763671875 18.391813278198242 0
v 8.04443359375 18.17140007019043 0
v 8.32763671875 18.391813278198242 10
v 8.04443359375 18.17140007019043 0
v 8.04443359375 18.17140007019043 10
v 8.32763671875 18.391813278198242 10
v 8.04443359375 18.17140007019043 0
v 7.773437023162842 17.937711715698242 0
v 8.04443359375 18.17140007019043 10
v 7.773437023162842 17.937711715698242 0
v 7.773437023162842 17.937711715698242 10
v 8.04443359375 18.17140007019043 10
v 7.773437023162842 17.937711715698242 0
v 7.514647483825684 17.690750122070312 0
v 7.773437023162842 17.937711715698242 10
v 7.514647483825684 17.690750122070312 0
v 7.514647483825684 17.690750122070312 10
v 7.773437023162842 17.937711715698242 10
v 7.514647483825684 17.690750122070312 0
v 7.268064975738525 17.430513381958008 0
v 7.514647483825684 17.690750122070312 10
v 7.268064975738525 17.430513381958008 0
v 7.268064975738525 17.430513381958008 10
v 7.514647483825684 17.690750122070312 10
v 7.268064975738525 17.430513381958008 0
v 7.033689975738525 17.156999588012695 0
v 7.268064975738525 17.430513381958008 10
v 7.033689975738525 17.156999588012695 0
v 7.033689975738525 17.156999588012695 10
v 7.268064975738525 17.430513381958008 10
v 7.033689975738525 17.156999588012695 0
v 6.811522006988525 16.87021255493164 0
v 7.033689975738525 17.156999588012695 10
v 6.811522006988525 16.87021255493164 0
v 6.811522006988525 16.87021255493164 10
v 7.033689975738525 17.156999588012695 10
v 6.811522006988525 16.87021255493164 0
v 6.601561069488525 16.57015037536621 0
v 6.811522006988525 16.87021255493164 10
v 6.601561069488525 16.57015037536621 0
v 6.601561069488525 16.57015037536621 10
v 6.811522006988525 16.87021255493164 10
v 6.601561069488525 16.57015037536621 0
v 6.403806686401367 16.256813049316406 0
v 6.601561069488525 16.57015037536621 10
v 6.403806686401367 16.256813049316406 0
v 6.403806686401367 16.256813049316406 10
v 6.601561069488525 16.57015037536621 10
v 6.403806686401367 16.256813049316406 0
v 6.218259811401367 15.93019962310791 0
v 6.403806686401367 16.256813049316406 10
v 6.218259811401367 15.93019962310791 0
v 6.218259811401367 15.93019962310791 10
v 6.403806686401367 16.256813049316406 10
v 6.218259811401367 15.93019962310791 0
v 6.23115348815918 16.90667724609375 0
v 6.218259811401367 15.93019962310791 10
v 6.23115348815918 16.90667724609375 0
v 6.23115348815918 16.90667724609375 10
v 6.218259811401367 15.93019962310791 10
v 6.23115348815918 16.90667724609375 0
v 6.269834518432617 17.84393882751465 0
v 6.23115348815918 16.90667724609375 10
v 6.269834518432617 17.84393882751465 0
v 6.269834518432617 17.84393882751465 10
v 6.23115348815918 16.90667724609375 10
v 6.269834518432617 17.84393882751465 0
v 6.33430290222168 18.741987228393555 0
v 6.269834518432617 17.84393882751465 10
v 6.33430290222168 18.741987228393555 0
v 6.33430290222168 18.741987228393555 10
v 6.269834518432617 17.84393882751465 10
v 6.33430290222168 18.741987228393555 0
v 6.424559116363525 19.60082244873047 0
v 6.33430290222168 18.741987228393555 10
v 6.424559116363525 19.60082244873047 0
v 6.424559116363525 19.60082244873047 10
v 6.33430290222168 18.741987228393555 10
v 6.424559116363525 19.60082244873047 0
v 6.540602207183838 20.420442581176758 0
v 6.424559116363525 19.60082244873047 10
v 6.540602207183838 20.420442581176758 0
v 6.540602207183838 20.420442581176758 10
v 6.424559116363525 19.60082244873047 10
v 6.540602207183838 20.420442581176758 0
v 6.682432651519775 21.200849533081055 0
v 6.540602207183838 20.420442581176758 10
v 6.682432651519775 21.200849533081055 0
v 6.682432651519775 21.200849533081055 10
v 6.540602207183838 20.420442581176758 10
v 6.682432651519775 21.200849533081055 0
v 6.850050449371338 21.94204330444336 0
v 6.682432651519775 21.200849533081055 10
v 6.850050449371338 21.94204330444336 0
v 6.850050449371338 21.94204330444336 10
v 6.682432651519775 21.200849533081055 10
v 6.850050449371338 21.94204330444336 0
v 7.043455600738525 22.64402198791504 0
v 6.850050449371338 21.94204330444336 10
v 7.043455600738525 22.64402198791504 0
v 7.043455600738525 22.64402198791504 10
v 6.850050449371338 21.94204330444336 10
v 7.043455600738525 22.64402198791504 0
v 7.262648105621338 23.306787490844727 0
v 7.043455600738525 22.64402198791504 10
v 7.262648105621338 23.306787490844727 0
v 7.262648105621338 23.306787490844727 10
v 7.043455600738525 22.64402198791504 10
v 7.262648105621338 23.306787490844727 0
v 7.507627964019775 23.930339813232422 0
v 7.262648105621338 23.306787490844727 10
v 7.507627964019775 23.930339813232422 0
v 7.507627964019775 23.930339813232422 10
v 7.262648105621338 23.306787490844727 10
v 7.507627964019775 23.930339813232422 0
v 7.778395175933838 24.514677047729492 0
v 7.507627964019775 23.930339813232422 10
v 7.778395175933838 24.514677047729492 0
v 7.778395175933838 24.514677047729492 10
v 7.507627964019775 23.930339813232422 10
v 7.778395175933838 24.514677047729492 0
v 8.074950218200684 25.059799194335938 0
v 7.778395175933838 24.514677047729492 10
v 8.074950218200684 25.059799194335938 0
v 8.074950218200684 25.059799194335938 10
v 7.778395175933838 24.514677047729492 10
v 8.074950218200684 25.059799194335938 0
v 8.395003318786621 25.563419342041016 0
v 8.074950218200684 25.059799194335938 10
v 8.395003318786621 25.563419342041016 0
v 8.395003318786621 25.563419342041016 10
v 8.074950218200684 25.059799194335938 10
v 8.395003318786621 25.563419342041016 0
v 8.736265182495117 26.02324676513672 0
v 8.395003318786621 25.563419342041016 10
v 8.736265182495117 26.02324676513672 0
v 8.736265182495117 26.02324676513672 10
v 8.395003318786621 25.563419342041016 10
v 8.736265182495117 26.02324676513672 0
v 9.098736763000488 26.439281463623047 0
v 8.736265182495117 26.02324676513672 10
v 9.098736763000488 26.439281463623047 0
v 9.098736763000488 26.439281463623047 10
v 8.736265182495117 26.02324676513672 10
v 9.098736763000488 26.439281463623047 0
v 9.482418060302734 26.811521530151367 0
v 9.098736763000488 26.439281463623047 10
v 9.482418060302734 26.811521530151367 0
v 9.482418060302734 26.811521530151367 10
v 9.098736763000488 26.439281463623047 10
v 9.482418060302734 26.811521530151367 0
v 9.887308120727539 27.139970779418945 0
v 9.482418060302734 26.811521530151367 10
v 9.887308120727539 27.139970779418945 0
v 9.887308120727539 27.139970779418945 10
v 9.482418060302734 26.811521530151367 10
v 9.887308120727539 27.139970779418945 0
v 10.313407897949219 27.424625396728516 0
v 9.887308120727539 27.139970779418945 10
v 10.313407897949219 27.424625396728516 0
v 10.313407897949219 27.424625396728516 10
v 9.887308120727539 27.139970779418945 10
v 10.313407897949219 27.424625396728516 0
v 10.760716438293457 27.66548728942871 0
v 10.313407897949219 27.424625396728516 10
v 10.760716438293457 27.66548728942871 0
v 10.760716438293457 27.66548728942871 10
v 10.313407897949219 27.424625396728516 10
v 10.760716438293457 27.66548728942871 0
v 11.22923469543457 27.86255645751953 0
v 10.760716438293457 27.66548728942871 10
v 11.22923469543457 27.86255645751953 0
v 11.22923469543457 27.86255645751953 10
v 10.760716438293457 27.66548728942871 10
v 11.22923469543457 27.86255645751953 0
v 11.718961715698242 28.015830993652344 0
v 11.22923469543457 27.86255645751953 10
v 11.718961715698242 28.015830993652344 0
v 11.718961715698242 28.015830993652344 10
v 11.22923469543457 27.86255645751953 10
v 11.718961715698242 28.015830993652344 0
v 12.229898452758789 28.125314712524414 0
v 11.718961715698242 28.015830993652344 10
v 12.229898452758789 28.125314712524414 0
v 12.229898452758789 28.125314712524414 10
v 11.718961715698242 28.015830993652344 10
v 12.229898452758789 28.125314712524414 0
v 12.762044906616211 28.191003799438477 0
v 12.229898452758789 28.125314712524414 10
v 12.762044906616211 28.191003799438477 0
v 12.762044906616211 28.191003799438477 10
v 12.229898452758789 28.125314712524414 10
v 12.762044906616211 28.191003799438477 0
v 13.315400123596191 28.212900161743164 0
v 12.762044906616211 28.191003799438477 10
v 13.315400123596191 28.212900161743164 0
v 13.315400123596191 28.212900161743164 10
v 12.762044906616211 28.191003799438477 10
v 13.315400123596191 28.212900161743164 0
v 13.955052375793457 28.186655044555664 0
v 13.315400123596191 28.212900161743164 10
v 13.955052375793457 28.186655044555664 0
v 13.955052375793457 28.186655044555664 10
v 13.315400123596191 28.212900161743164 10
v 13.955052375793457 28.186655044555664 0
v 14.555642127990723 28.107919692993164 0
v 13.955052375793457 28.186655044555664 10
v 14.555642127990723 28.107919692993164 0
v 14.555642127990723 28.107919692993164 10
v 13.955052375793457 28.186655044555664 10
v 14.555642127990723 28.107919692993164 0
v 15.117168426513672 27.976694107055664 0
v 14.555642127990723 28.107919692993164 10
v 15.117168426513672 27.976694107055664 0
v 15.117168426513672 27.976694107055664 10
v 14.555642127990723 28.107919692993164 10
v 15.117168426513672 27.976694107055664 0
v 15.639633178710938 27.792978286743164 0
v 15.117168426513672 27.976694107055664 10
v 15.639633178710938 27.792978286743164 0
v 15.639633178710938 27.792978286743164 10
v 15.117168426513672 27.976694107055664 10
v 15.639633178710938 27.792978286743164 0
v 16.123035430908203 27.556772232055664 0
v 15.639633178710938 27.792978286743164 10
v 16.123035430908203 27.556772232055664 0
v 16.123035430908203 27.556772232055664 10
v 15.639633178710938 27.792978286743164 10
v 16.123035430908203 27.556772232055664 0
v 16.56737518310547 27.268075942993164 0
v 16.123035430908203 27.556772232055664 10
v 16.56737518310547 27.268075942993164 0
v 16.56737518310547 27.268075942993164 10
v 16.123035430908203 27.556772232055664 10
v 16.56737518310547 27.268075942993164 0
v 16.972652435302734 26.92688751220703 0
v 16.56737518310547 27.268075942993164 10
v 16.972652435302734 26.92688751220703 0
v 16.972652435302734 26.92688751220703 10
v 16.56737518310547 27.268075942993164 10
v 16.972652435302734 26.92688751220703 0
v 17.3388671875 26.53321075439453 0
v 16.972652435302734 26.92688751220703 10
v 17.3388671875 26.53321075439453 0
v 17.3388671875 26.53321075439453 10
v 16.972652435302734 26.92688751220703 10
v 17.3388671875 26.53321075439453 0
v 17.666019439697266 26.08704376220703 0
v 17.3388671875 26.53321075439453 10
v 17.666019439697266 26.08704376220703 0
v 17.666019439697266 26.08704376220703 10
v 17.3388671875 26.53321075439453 10
v 17.666019439697266 26.08704376220703 0
v 17.95410919189453 25.58838653564453 0
v 17.666019439697266 26.08704376220703 10
v 17.95410919189453 25.58838653564453 0
v 17.95410919189453 25.58838653564453 10
v 17.666019439697266 26.08704376220703 10
v 17.95410919189453 25.58838653564453 0
v 18.203134536743164 25.03723907470703 0
v 17.95410919189453 25.58838653564453 10
v 18.203134536743164 25.03723907470703 0
v 18.203134536743164 25.03723907470703 10
v 17.95410919189453 25.58838653564453 10
v 18.203134536743164 25.03723907470703 0
v 18.41309928894043 24.4335994720459 0
v 18.203134536743164 25.03723907470703 10
v 18.41309928894043 24.4335994720459 0
v 18.41309928894043 24.4335994720459 10
v 18.203134536743164 25.03723907470703 10
v 18.41309928894043 24.4335994720459 0
v 22.192399978637695 25.114700317382812 0
v 18.41309928894043 24.4335994720459 10
v 22.192399978637695 25.114700317382812 0
v 22.192399978637695 25.114700317382812 10
v 18.41309928894043 24.4335994720459 10
v 22.192399978637695 25.114700317382812 0
v 22.033170700073242 25.62755012512207 0
v 22.192399978637695 25.114700317382812 10
v 22.033170700073242 25.62755012512207 0
v 22.033170700073242 25.62755012512207 10
v 22.192399978637695 25.114700317382812 10
v 22.033170700073242 25.62755012512207 0
v 21.855785369873047 26.118732452392578 0
v 22.033170700073242 25.62755012512207 10
v 21.855785369873047 26.118732452392578 0
v 21.855785369873047 26.118732452392578 10
v 22.033170700073242 25.62755012512207 10
v 21.855785369873047 26.118732452392578 0
v 21.66024398803711 26.58824920654297 0
v 21.855785369873047 26.118732452392578 10
v 21.66024398803711 26.58824920654297 0
v 21.66024398803711 26.58824920654297 10
v 21.855785369873047 26.118732452392578 10
v 21.66024398803711 26.58824920654297 0
v 21.446544647216797 27.036100387573242 0
v 21.66024398803711 26.58824920654297 10
v 21.446544647216797 27.036100387573242 0
v 21.446544647216797 27.036100387573242 10
v 21.66024398803711 26.58824920654297 10
v 21.446544647216797 27.036100387573242 0
v 21.21468734741211 27.462284088134766 0
v 21.446544647216797 27.036100387573242 10
v 21.21468734741211 27.462284088134766 0
v 21.21468734741211 27.462284088134766 10
v 21.446544647216797 27.036100387573242 10
v 21.21468734741211 27.462284088134766 0
v 20.964675903320312 27.86680030822754 0
v 21.21468734741211 27.462284088134766 10
v 20.964675903320312 27.86680030822754 0
v 20.964675903320312 27.86680030822754 10
v 21.21468734741211 27.462284088134766 10
v 20.964675903320312 27.86680030822754 0
v 20.696504592895508 28.249649047851562 0
v 20.964675903320312 27.86680030822754 10
v 20.696504592895508 28.249649047851562 0
v 20.696504592895508 28.249649047851562 10
v 20.964675903320312 27.86680030822754 10
v 20.696504592895508 28.249649047851562 0
v 20.41017723083496 28.6108341217041 0
v 20.696504592895508 28.249649047851562 10
v 20.41017723083496 28.6108341217041 0
v 20.41017723083496 28.6108341217041 10
v 20.696504592895508 28.249649047851562 10
v 20.41017723083496 28.6108341217041 0
v 20.105693817138672 28.950349807739258 0
v 20.41017723083496 28.6108341217041 10
v 20.105693817138672 28.950349807739258 0
v 20.105693817138672 28.950349807739258 10
v 20.41017723083496 28.6108341217041 10
v 20.105693817138672 28.950349807739258 0
v 19.783052444458008 29.268199920654297 0
v 20.105693817138672 28.950349807739258 10
v 19.783052444458008 29.268199920654297 0
v 19.783052444458008 29.268199920654297 10
v 20.105693817138672 28.950349807739258 10
v 19.783052444458008 29.268199920654297 0
v 19.4422550201416 29.564382553100586 0
v 19.783052444458008 29.268199920654297 10
v 19.4422550201416 29.564382553100586 0
v 19.4422550201416 29.564382553100586 10
v 19.783052444458008 29.268199920654297 10
v 19.4422550201416 29.564382553100586 0
v 19.08329963684082 29.838899612426758 0
v 19.4422550201416 29.564382553100586 10
v 19.08329963684082 29.838899612426758 0
v 19.08329963684082 29.838899612426758 10
v 19.4422550201416 29.564382553100586 10
v 19.08329963684082 29.838899612426758 0
v 18.7061710357666 30.091581344604492 0
v 19.08329963684082 29.838899612426758 10
v 18.7061710357666 30.091581344604492 0
v 18.7061710357666 30.091581344604492 10
v 19.08329963684082 29.838899612426758 10
v 18.7061710357666 30.091581344604492 0
v 18.31088638305664 30.322288513183594 0
v 18.7061710357666 30.091581344604492 10
v 18.31088638305664 30.322288513183594 0
v 18.31088638305664 30.322288513183594 10
v 18.7061710357666 30.091581344604492 10
v 18.31088638305664 30.322288513183594 0
v 17.897443771362305 30.531024932861328 0
v 18.31088638305664 30.322288513183594 10
v 17.897443771362305 30.531024932861328 0
v 17.897443771362305 30.531024932861328 10
v 18.31088638305664 30.322288513183594 10
v 17.897443771362305 30.531024932861328 0
v 17.465845108032227 30.717788696289062 0
v 17.897443771362305 30.531024932861328 10
v 17.465845108032227 30.717788696289062 0
v 17.465845108032227 30.717788696289062 10
v 17.897443771362305 30.531024932861328 10
v 17.465845108032227 30.717788696289062 0
v 17.016088485717773 30.882579803466797 0
v 17.465845108032227 30.717788696289062 10
v 17.016088485717773 30.882579803466797 0
v 17.016088485717773 30.882579803466797 10
v 17.465845108032227 30.717788696289062 10
v 17.016088485717773 30.882579803466797 0
v 16.548175811767578 31.025400161743164 0
v 17.016088485717773 30.882579803466797 10
v 16.548175811767578 31.025400161743164 0
v 16.548175811767578 31.025400161743164 10
v 17.016088485717773 30.882579803466797 10
v 16.548175811767578 31.025400161743164 0
v 16.062105178833008 31.14624786376953 0
v 16.548175811767578 31.025400161743164 10
v 16.062105178833008 31.14624786376953 0
v 16.062105178833008 31.14624786376953 10
v 16.548175811767578 31.025400161743164 10
v 16.062105178833008 31.14624786376953 0
v 15.557877540588379 31.2451229095459 0
v 16.062105178833008 31.14624786376953 10
v 15.557877540588379 31.2451229095459 0
v 15.557877540588379 31.2451229095459 10
v 16.062105178833008 31.14624786376953 10
v 15.557877540588379 31.2451229095459 0
v 15.035493850708008 31.322025299072266 0
v 15.557877540588379 31.2451229095459 10
v 15.035493850708008 31.322025299072266 0
v 15.035493850708008 31.322025299072266 10
v 15.557877540588379 31.2451229095459 10
v 15.035493850708008 31.322025299072266 0
v 14.494953155517578 31.376955032348633 0
v 15.035493850708008 31.322025299072266 10
v 14.494953155517578 31.376955032348633 0
v 14.494953155517578 31.376955032348633 10
v 15.035493850708008 31.322025299072266 10
v 14.494953155517578 31.376955032348633 0
v 13.936254501342773 31.409914016723633 0
v 14.494953155517578 31.376955032348633 10
v 13.936254501342773 31.409914016723633 0
v 13.936254501342773 31.409914016723633 10
v 14.494953155517578 31.376955032348633 10
v 13.936254501342773 31.409914016723633 0
v 13.359399795532227 31.420900344848633 0
v 13.936254501342773 31.409914016723633 10
v 13.359399795532227 31.420900344848633 0
v 13.359399795532227 31.420900344848633 10
v 13.936254501342773 31.409914016723633 10
v 13.359399795532227 31.420900344848633 0
v 12.490102767944336 31.390993118286133 0
v 13.359399795532227 31.420900344848633 10
v 12.490102767944336 31.390993118286133 0
v 12.490102767944336 31.390993118286133 10
v 13.359399795532227 31.420900344848633 10
v 12.490102767944336 31.390993118286133 0
v 11.654679298400879 31.301271438598633 0
v 12.490102767944336 31.390993118286133 10
v 11.654679298400879 31.301271438598633 0
v 11.654679298400879 31.301271438598633 10
v 12.490102767944336 31.390993118286133 10
v 11.654679298400879 31.301271438598633 0
v 10.853132247924805 31.151737213134766 0
v 11.654679298400879 31.301271438598633 10
v 10.853132247924805 31.151737213134766 0
v 10.853132247924805 31.151737213134766 10
v 11.654679298400879 31.301271438598633 10
v 10.853132247924805 31.151737213134766 0
v 10.085458755493164 30.9423885345459 0
v 10.853132247924805 31.151737213134766 10
v 10.085458755493164 30.9423885345459 0
v 10.085458755493164 30.9423885345459 10
v 10.853132247924805 31.151737213134766 10
v 10.085458755493164 30.9423885345459 0
v 9.35166072845459 30.673227310180664 0
v 10.085458755493164 30.9423885345459 10
v 9.35166072845459 30.673227310180664 0
v 9.35166072845459 30.673227310180664 10
v 10.085458755493164 30.9423885345459 10
v 9.35166072845459 30.673227310180664 0
v 8.651737213134766 30.344249725341797 0
v 9.35166072845459 30.673227310180664 10
v 8.651737213134766 30.344249725341797 0
v 8.651737213134766 30.344249725341797 10
v 9.35166072845459 30.673227310180664 10
v 8.651737213134766 30.344249725341797 0
v 7.985689163208008 29.955459594726562 0
v 8.651737213134766 30.344249725341797 10
v 7.985689163208008 29.955459594726562 0
v 7.985689163208008 29.955459594726562 10
v 8.651737213134766 30.344249725341797 10
v 7.985689163208008 29.955459594726562 0
v 7.353515625 29.506855010986328 0
v 7.985689163208008 29.955459594726562 10
v 7.353515625 29.506855010986328 0
v 7.353515625 29.506855010986328 10
v 7.985689163208008 29.955459594726562 10
v 7.353515625 29.506855010986328 0
v 6.7552170753479 28.998437881469727 0
v 7.353515625 29.506855010986328 10
v 6.7552170753479 28.998437881469727 0
v 6.7552170753479 28.998437881469727 10
v 7.353515625 29.506855010986328 10
v 6.7552170753479 28.998437881469727 0
v 6.190793037414551 28.430206298828125 0
v 6.7552170753479 28.998437881469727 10
v 6.190793037414551 28.430206298828125 0
v 6.190793037414551 28.430206298828125 10
v 6.7552170753479 28.998437881469727 10
v 6.190793037414551 28.430206298828125 0
v 5.660243988037109 27.802160263061523 0
v 6.190793037414551 28.430206298828125 10
v 5.660243988037109 27.802160263061523 0
v 5.660243988037109 27.802160263061523 10
v 6.190793037414551 28.430206298828125 10
v 5.660243988037109 27.802160263061523 0
v 5.163569927215576 27.114299774169922 0
v 5.660243988037109 27.802160263061523 10
v 5.163569927215576 27.114299774169922 0
v 5.163569927215576 27.114299774169922 10
v 5.660243988037109 27.802160263061523 10
v 5.163569927215576 27.114299774169922 0
v 4.703824043273926 26.370576858520508 0
v 5.163569927215576 27.114299774169922 10
v 4.703824043273926 26.370576858520508 0
v 4.703824043273926 26.370576858520508 10
v 5.163569927215576 27.114299774169922 10
v 4.703824043273926 26.370576858520508 0
v 4.284055709838867 25.574974060058594 0
v 4.703824043273926 26.370576858520508 10
v 4.284055709838867 25.574974060058594 0
v 4.284055709838867 25.574974060058594 10
v 4.703824043273926 26.370576858520508 10
v 4.284055709838867 25.574974060058594 0
v 3.9042656421661377 24.727493286132812 0
v 4.284055709838867 25.574974060058594 10
v 3.9042656421661377 24.727493286132812 0
v 3.9042656421661377 24.727493286132812 10
v 4.284055709838867 25.574974060058594 10
v 3.9042656421661377 24.727493286132812 0
v 3.564453363418579 23.82813262939453 0
v 3.9042656421661377 24.727493286132812 10
v 3.564453363418579 23.82813262939453 0
v 3.564453363418579 23.82813262939453 10
v 3.9042656421661377 24.727493286132812 10
v 3.564453363418579 23.82813262939453 0
v 3.2646188735961914 22.876893997192383 0
v 3.564453363418579 23.82813262939453 10
v 3.2646188735961914 22.876893997192383 0
v 3.2646188735961914 22.876893997192383 10
v 3.564453363418579 23.82813262939453 10
v 3.2646188735961914 22.876893997192383 0
v 3.0047624111175537 21.873775482177734 0
v 3.2646188735961914 22.876893997192383 10
v 3.0047624111175537 21.873775482177734 0
v 3.0047624111175537 21.873775482177734 10
v 3.2646188735961914 22.876893997192383 10
v 3.0047624111175537 21.873775482177734 0
v 2.784883975982666 20.818777084350586 0
v 3.0047624111175537 21.873775482177734 10
v 2.784883975982666 20.818777084350586 0
v 2.784883975982666 20.818777084350586 10
v 3.0047624111175537 21.873775482177734 10
v 2.784883975982666 20.818777084350586 0
v 2.604983329772949 19.71190071105957 0
v 2.784883975982666 20.818777084350586 10
v 2.604983329772949 19.71190071105957 0
v 2.604983329772949 19.71190071105957 10
v 2.784883975982666 20.818777084350586 10
v 2.604983329772949 19.71190071105957 0
v 2.4650607109069824 18.553144454956055 0
v 2.604983329772949 19.71190071105957 10
v 2.4650607109069824 18.553144454956055 0
v 2.4650607109069824 18.553144454956055 10
v 2.604983329772949 19.71190071105957 10
v 2.4650607109069824 18.553144454956055 0
v 2.3651158809661865 17.34250831604004 0
v 2.4650607109069824 18.553144454956055 10
v 2.3651158809661865 17.34250831604004 0
v 2.3651158809661865 17.34250831604004 10
v 2.4650607109069824 18.553144454956055 10
v 2.3651158809661865 17.34250831604004 0
v 2.3051488399505615 16.079994201660156 0
v 2.3651158809661865 17.34250831604004 10
v 2.3051488399505615 16.079994201660156 0
v 2.3051488399505615 16.079994201660156 10
v 2.3651158809661865 17.34250831604004 10
v 2.3051488399505615 16.079994201660156 0
v 2.2851600646972656 14.765600204467773 0
v 2.3051488399505615 16.079994201660156 10
v 2.2851600646972656 14.765600204467773 0
v 2.2851600646972656 14.765600204467773 10
v 2.3051488399505615 16.079994201660156 10
v 2.2851600646972656 14.765600204467773 0
v 2.3043861389160156 13.552377700805664 0
v 2.2851600646972656 14.765600204467773 10
v 2.3043861389160156 13.552377700805664 0
v 2.3043861389160156 13.552377700805664 10
v 2.2851600646972656 14.765600204467773 10
v 2.3043861389160156 13.552377700805664 0
v 2.3620641231536865 12.388289451599121 0
v 2.3043861389160156 13.552377700805664 10
v 2.3620641231536865 12.388289451599121 0
v 2.3620641231536865 12.388289451599121 10
v 2.3043861389160156 13.552377700805664 10
v 2.3620641231536865 12.388289451599121 0
v 2.4581942558288574 11.273333549499512 0
v 2.3620641231536865 12.388289451599121 10
v 2.4581942558288574 11.273333549499512 0
v 2.4581942558288574 11.273333549499512 10
v 2.3620641231536865 12.388289451599121 10
v 2.4581942558288574 11.273333549499512 0
v 2.5927767753601074 10.207509994506836 0
v 2.4581942558288574 11.273333549499512 10
v 2.5927767753601074 10.207509994506836 0
v 2.5927767753601074 10.207509994506836 10
v 2.4581942558288574 11.273333549499512 10
v 2.5927767753601074 10.207509994506836 0
v 2.765810966491699 9.19081974029541 0
v 2.5927767753601074 10.207509994506836 10
v 2.765810966491699 9.19081974029541 0
v 2.765810966491699 9.19081974029541 10
v 2.5927767753601074 10.207509994506836 10
v 2.765810966491699 9.19081974029541 0
v 2.97729754447937 8.223262786865234 0
v 2.765810966491699 9.19081974029541 10
v 2.97729754447937 8.223262786865234 0
v 2.97729754447937 8.223262786865234 10
v 2.765810966491699 9.19081974029541 10
v 2.97729754447937 8.223262786865234 0
v 3.227236032485962 7.304838180541992 0
v 2.97729754447937 8.223262786865234 10
v 3.227236032485962 7.304838180541992 0
v 3.227236032485962 7.304838180541992 10
v 2.97729754447937 8.223262786865234 10
v 3.227236032485962 7.304838180541992 0
v 3.5156266689300537 6.435546875 0
v 3.227236032485962 7.304838180541992 10
v 3.5156266689300537 6.435546875 0
v 3.5156266689300537 6.435546875 10
v 3.227236032485962 7.304838180541992 10
v 3.5156266689300537 6.435546875 0
v 3.8424694538116455 5.615387916564941 0
v 3.5156266689300537 6.435546875 10
v 3.8424694538116455 5.615387916564941 0
v 3.8424694538116455 5.615387916564941 10
v 3.5156266689300537 6.435546875 10
v 3.8424694538116455 5.615387916564941 0
v 4.207764148712158 4.844362735748291 0
v 3.8424694538116455 5.615387916564941 10
v 4.207764148712158 4.844362735748291 0
v 4.207764148712158 4.844362735748291 10
v 3.8424694538116455 5.615387916564941 10
v 4.207764148712158 4.844362735748291 0
v 4.61151123046875 4.122469902038574 0
v 4.207764148712158 4.844362735748291 10
v 4.61151123046875 4.122469902038574 0
v 4.61151123046875 4.122469902038574 10
v 4.207764148712158 4.844362735748291 10
v 4.61151123046875 4.122469902038574 0
v 5.053709983825684 3.449709892272949 0
v 4.61151123046875 4.122469902038574 10
v 5.053709983825684 3.449709892272949 0
v 5.053709983825684 3.449709892272949 10
v 4.61151123046875 4.122469902038574 10
v 5.053709983825684 3.449709892272949 0
v 5.5322265625 2.828524351119995 0
v 5.053709983825684 3.449709892272949 10
v 5.5322265625 2.828524351119995 0
v 5.5322265625 2.828524351119995 10
v 5.053709983825684 3.449709892272949 10
v 5.5322265625 2.828524351119995 0
v 6.044923782348633 2.261354684829712 0
v 5.5322265625 2.828524351119995 10
v 6.044923782348633 2.261354684829712 0
v 6.044923782348633 2.261354684829712 10
v 5.5322265625 2.828524351119995 10
v 6.044923782348633 2.261354684829712 0
v 6.591800689697266 1.7482011318206787 0
v 6.044923782348633 2.261354684829712 10
v 6.591800689697266 1.7482011318206787 0
v 6.591800689697266 1.7482011318206787 10
v 6.044923782348633 2.261354684829712 10
v 6.591800689697266 1.7482011318206787 0
v 7.172857761383057 1.2890639305114746 0
v 6.591800689697266 1.7482011318206787 10
v 7.172857761383057 1.2890639305114746 0
v 7.172857761383057 1.2890639305114746 10
v 6.591800689697266 1.7482011318206787 10
v 7.172857761383057 1.2890639305114746 0
v 7.788094997406006 0.883942723274231 0
v 7.172857761383057 1.2890639305114746 10
v 7.788094997406006 0.883942723274231 0
v 7.788094997406006 0.883942723274231 10
v 7.172857761383057 1.2890639305114746 10
v 7.788094997406006 0.883942723274231 0
v 8.437512397766113 0.5328377485275269 0
v 7.788094997406006 0.883942723274231 10
v 8.437512397766113 0.5328377485275269 0
v 8.437512397766113 0.5328377485275269 10
v 7.788094997406006 0.883942723274231 10
v 8.437512397766113 0.5328377485275269 0
v 9.121109962463379 0.23574891686439514 0
v 8.437512397766113 0.5328377485275269 10
v 9.121109962463379 0.23574891686439514 0
v 9.121109962463379 0.23574891686439514 10
v 8.437512397766113 0.5328377485275269 10
v 9.121109962463379 0.23574891686439514 0
v 9.838888168334961 -0.00732377776876092 0
v 9.121109962463379 0.23574891686439514 10
v 9.838888168334961 -0.00732377776876092 0
v 9.838888168334961 -0.00732377776876092 10
v 9.121109962463379 0.23574891686439514 10
v 9.838888168334961 -0.00732377776876092 0
v 10.590846061706543 -0.19638031721115112 0
v 9.838888168334961 -0.00732377776876092 10
v 10.590846061706543 -0.19638031721115112 0
v 10.590846061706543 -0.19638031721115112 10
v 9.838888168334961 -0.00732377776876092 10
v 10.590846061706543 -0.19638031721115112 0
v 11.376983642578125 -0.3314206898212433 0
v 10.590846061706543 -0.19638031721115112 10
v 11.376983642578125 -0.3314206898212433 0
v 11.376983642578125 -0.3314206898212433 10
v 10.590846061706543 -0.19638031721115112 10
v 11.376983642578125 -0.3314206898212433 0
v 12.197301864624023 -0.41244491934776306 0
v 11.376983642578125 -0.3314206898212433 10
v 12.197301864624023 -0.41244491934776306 0
v 12.197301864624023 -0.41244491934776306 10
v 11.376983642578125 -0.3314206898212433 10
v 12.197301864624023 -0.41244491934776306 0
v 13.051799774169922 -0.43945300579071045 0
v 12.197301864624023 -0.41244491934776306 10
v 13.051799774169922 -0.43945300579071045 0
v 13.051799774169922 -0.43945300579071045 10
v 12.197301864624023 -0.41244491934776306 10
v 13.051799774169922 -0.43945300579071045 0
v 13.817779541015625 -0.41976916790008545 0
v 13.051799774169922 -0.43945300579071045 10
v 13.817779541015625 -0.41976916790008545 0
v 13.817779541015625 -0.41976916790008545 10
v 13.051799774169922 -0.43945300579071045 10
v 13.817779541015625 -0.41976916790008545 0
v 14.555683135986328 -0.36071762442588806 0
v 13.817779541015625 -0.41976916790008545 10
v 14.555683135986328 -0.36071762442588806 0
v 14.555683135986328 -0.36071762442588806 10
v 13.817779541015625 -0.41976916790008545 10
v 14.555683135986328 -0.36071762442588806 0
v 15.265512466430664 -0.26229843497276306 0
v 14.555683135986328 -0.36071762442588806 10
v 15.265512466430664 -0.26229843497276306 0
v 15.265512466430664 -0.26229843497276306 10
v 14.555683135986328 -0.36071762442588806 10
v 15.265512466430664 -0.26229843497276306 0
v 15.947266578674316 -0.12451155483722687 0
v 15.265512466430664 -0.26229843497276306 10
v 15.947266578674316 -0.12451155483722687 0
v 15.947266578674316 -0.12451155483722687 10
v 15.265512466430664 -0.26229843497276306 10
v 15.947266578674316 -0.12451155483722687 0
v 16.6009464263916 0.05264300853013992 0
v 15.947266578674316 -0.12451155483722687 10
v 16.6009464263916 0.05264300853013992 0
v 16.6009464263916 0.05264300853013992 10
v 15.947266578674316 -0.12451155483722687 10
v 16.6009464263916 0.05264300853013992 0
v 17.22654914855957 0.2691652476787567 0
v 16.6009464263916 0.05264300853013992 10
v 17.22654914855957 0.2691652476787567 0
v 17.22654914855957 0.2691652476787567 10
v 16.6009464263916 0.05264300853013992 10
v 17.22654914855957 0.2691652476787567 0
v 17.824079513549805 0.5250551700592041 0
v 17.22654914855957 0.2691652476787567 10
v 17.824079513549805 0.5250551700592041 0
v 17.824079513549805 0.5250551700592041 10
v 17.22654914855957 0.2691652476787567 10
v 17.824079513549805 0.5250551700592041 0
v 18.39353370666504 0.8203127980232239 0
v 17.824079513549805 0.5250551700592041 10
v 18.39353370666504 0.8203127980232239 0
v 18.39353370666504 0.8203127980232239 10
v 17.824079513549805 0.5250551700592041 10
v 18.39353370666504 0.8203127980232239 0
v 18.934911727905273 1.1549381017684937 0
v 18.39353370666504 0.8203127980232239 10
v 18.934911727905273 1.1549381017684937 0
v 18.934911727905273 1.1549381017684937 10
v 18.39353370666504 0.8203127980232239 10
v 18.934911727905273 1.1549381017684937 0
v 19.448217391967773 1.5289310216903687 0
v 18.934911727905273 1.1549381017684937 10
v 19.448217391967773 1.5289310216903687 0
v 19.448217391967773 1.5289310216903687 10
v 18.934911727905273 1.1549381017684937 10
v 19.448217391967773 1.5289310216903687 0
v 19.93344497680664 1.9422916173934937 0
v 19.448217391967773 1.5289310216903687 10
v 19.93344497680664 1.9422916173934937 0
v 19.93344497680664 1.9422916173934937 10
v 19.448217391967773 1.5289310216903687 10
v 19.93344497680664 1.9422916173934937 0
v 20.390600204467773 2.395020008087158 0
v 19.93344497680664 1.9422916173934937 10
v 20.390600204467773 2.395020008087158 0
v 20.390600204467773 2.395020008087158 10
v 19.93344497680664 1.9422916173934937 10
v 20.390600204467773 2.395020008087158 0
v 20.81525421142578 2.88177490234375 0
v 20.390600204467773 2.395020008087158 10
v 20.81525421142578 2.88177490234375 0
v 20.81525421142578 2.88177490234375 10
v 20.390600204467773 2.395020008087158 10
v 20.81525421142578 2.88177490234375 0
v 21.202980041503906 3.397216558456421 0
v 20.81525421142578 2.88177490234375 10
v 21.202980041503906 3.397216558456421 0
v 21.202980041503906 3.397216558456421 10
v 20.81525421142578 2.88177490234375 10
v 21.202980041503906 3.397216558456421 0
v 21.553781509399414 3.941344976425171 0
v 21.202980041503906 3.397216558456421 10
v 21.553781509399414 3.941344976425171 0
v 21.553781509399414 3.941344976425171 10
v 21.202980041503906 3.397216558456421 10
v 21.553781509399414 3.941344976425171 0
v 21.86765480041504 4.51416015625 0
v 21.553781509399414 3.941344976425171 10
v 21.86765480041504 4.51416015625 0
v 21.86765480041504 4.51416015625 10
v 21.553781509399414 3.941344976425171 10
v 21.86765480041504 4.51416015625 0
v 22.144603729248047 5.11566162109375 0
v 21.86765480041504 4.51416015625 10
v 22.144603729248047 5.11566162109375 0
v 22.144603729248047 5.11566162109375 10
v 21.86765480041504 4.51416015625 10
v 22.144603729248047 5.11566162109375 0
v 22.384624481201172 5.745850086212158 0
v 22.144603729248047 5.11566162109375 10
v 22.384624481201172 5.745850086212158 0
v 22.384624481201172 5.745850086212158 10
v 22.144603729248047 5.11566162109375 10
v 22.384624481201172 5.745850086212158 0
v 22.58772087097168 6.404725074768066 0
v 22.384624481201172 5.745850086212158 10
v 22.58772087097168 6.404725074768066 0
v 22.58772087097168 6.404725074768066 10
v 22.384624481201172 5.745850086212158 10
v 22.58772087097168 6.404725074768066 0
v 22.753889083862305 7.092286586761475 0
v 22.58772087097168 6.404725074768066 10
v 22.753889083862305 7.092286586761475 0
v 22.753889083862305 7.092286586761475 10
v 22.58772087097168 6.404725074768066 10
v 22.753889083862305 7.092286586761475 0
v 22.88313102722168 7.808535099029541 0
v 22.753889083862305 7.092286586761475 10
v 22.88313102722168 7.808535099029541 0
v 22.88313102722168 7.808535099029541 10
v 22.753889083862305 7.092286586761475 10
v 22.88313102722168 7.808535099029541 0
v 22.975446701049805 8.55346965789795 0
v 22.88313102722168 7.808535099029541 10
v 22.975446701049805 8.55346965789795 0
v 22.975446701049805 8.55346965789795 10
v 22.88313102722168 7.808535099029541 10
v 22.975446701049805 8.55346965789795 0
v 23.03083610534668 9.327091217041016 0
v 22.975446701049805 8.55346965789795 10
v 23.03083610534668 9.327091217041016 0
v 23.03083610534668 9.327091217041016 10
v 22.975446701049805 8.55346965789795 10
v 23.03083610534668 9.327091217041016 0
v 23.049299240112305 10.129400253295898 0
v 23.03083610534668 9.327091217041016 10
v 23.049299240112305 10.129400253295898 0
v 23.049299240112305 10.129400253295898 10
v 23.03083610534668 9.327091217041016 10
v 23.049299240112305 10.129400253295898 0
v 23.031827926635742 10.87098217010498 0
v 23.049299240112305 10.129400253295898 10
v 23.031827926635742 10.87098217010498 0
v 23.031827926635742 10.87098217010498 10
v 23.049299240112305 10.129400253295898 10
v 19.01700782775879 9.403303146362305 0
v 18.98313331604004 8.872984886169434 0
v 19.01700782775879 9.403303146362305 10
v 18.98313331604004 8.872984886169434 0
v 18.98313331604004 8.872984886169434 10
v 19.01700782775879 9.403303146362305 10
v 18.98313331604004 8.872984886169434 0
v 18.92667579650879 8.362654685974121 0
v 18.98313331604004 8.872984886169434 10
v 18.92667579650879 8.362654685974121 0
v 18.92667579650879 8.362654685974121 10
v 18.98313331604004 8.872984886169434 10
v 18.92667579650879 8.362654685974121 0
v 18.847633361816406 7.872314453125 0
v 18.92667579650879 8.362654685974121 10
v 18.847633361816406 7.872314453125 0
v 18.847633361816406 7.872314453125 10
v 18.92667579650879 8.362654685974121 10
v 18.847633361816406 7.872314453125 0
v 18.746007919311523 7.401962757110596 0
v 18.847633361816406 7.872314453125 10
v 18.746007919311523 7.401962757110596 0
v 18.746007919311523 7.401962757110596 10
v 18.847633361816406 7.872314453125 10
v 18.746007919311523 7.401962757110596 0
v 18.62179946899414 6.951600074768066 0
v 18.746007919311523 7.401962757110596 10
v 18.62179946899414 6.951600074768066 0
v 18.62179946899414 6.951600074768066 10
v 18.746007919311523 7.401962757110596 10
v 18.62179946899414 6.951600074768066 0
v 18.475008010864258 6.521225929260254 0
v 18.62179946899414 6.951600074768066 10
v 18.475008010864258 6.521225929260254 0
v 18.475008010864258 6.521225929260254 10
v 18.62179946899414 6.951600074768066 10
v 18.475008010864258 6.521225929260254 0
v 18.305633544921875 6.110841274261475 0
v 18.475008010864258 6.521225929260254 10
v 18.305633544921875 6.110841274261475 0
v 18.305633544921875 6.110841274261475 10
v 18.475008010864258 6.521225929260254 10
v 18.305633544921875 6.110841274261475 0
v 18.11367416381836 5.720445156097412 0
v 18.305633544921875 6.110841274261475 10
v 18.11367416381836 5.720445156097412 0
v 18.11367416381836 5.720445156097412 10
v 18.305633544921875 6.110841274261475 10
v 18.11367416381836 5.720445156097412 0
v 17.899133682250977 5.350037574768066 0
v 18.11367416381836 5.720445156097412 10
v 17.899133682250977 5.350037574768066 0
v 17.899133682250977 5.350037574768066 10
v 18.11367416381836 5.720445156097412 10
v 17.899133682250977 5.350037574768066 0
v 17.66200828552246 4.999619483947754 0
v 17.899133682250977 5.350037574768066 10
v 17.66200828552246 4.999619483947754 0
v 17.66200828552246 4.999619483947754 10
v 17.899133682250977 5.350037574768066 10
v 17.66200828552246 4.999619483947754 0
v 17.402299880981445 4.669189929962158 0
v 17.66200828552246 4.999619483947754 10
v 17.402299880981445 4.669189929962158 0
v 17.402299880981445 4.669189929962158 10
v 17.66200828552246 4.999619483947754 10
v 17.402299880981445 4.669189929962158 0
v 17.122770309448242 4.3621063232421875 0
v 17.402299880981445 4.669189929962158 10
v 17.122770309448242 4.3621063232421875 0
v 17.122770309448242 4.3621063232421875 10
v 17.402299880981445 4.669189929962158 10
v 17.122770309448242 4.3621063232421875 0
v 16.82615089416504 4.081725597381592 0
v 17.122770309448242 4.3621063232421875 10
v 16.82615089416504 4.081725597381592 0
v 16.82615089416504 4.081725597381592 10
v 17.122770309448242 4.3621063232421875 10
v 16.82615089416504 4.081725597381592 0
v 16.51243782043457 3.8280482292175293 0
v 16.82615089416504 4.081725597381592 10
v 16.51243782043457 3.8280482292175293 0
v 16.51243782043457 3.8280482292175293 10
v 16.82615089416504 4.081725597381592 10
v 16.51243782043457 3.8280482292175293 0
v 16.18163299560547 3.6010732650756836 0
v 16.51243782043457 3.8280482292175293 10
v 16.18163299560547 3.6010732650756836 0
v 16.18163299560547 3.6010732650756836 10
v 16.51243782043457 3.8280482292175293 10
v 16.18163299560547 3.6010732650756836 0
v 15.83373737335205 3.400801420211792 0
v 16.18163299560547 3.6010732650756836 10
v 15.83373737335205 3.400801420211792 0
v 15.83373737335205 3.400801420211792 10
v 16.18163299560547 3.6010732650756836 10
v 15.83373737335205 3.400801420211792 0
v 15.46875 3.2272324562072754 0
v 15.83373737335205 3.400801420211792 10
v 15.46875 3.2272324562072754 0
v 15.46875 3.2272324562072754 10
v 15.83373737335205 3.400801420211792 10
v 15.46875 3.2272324562072754 0
v 15.086670875549316 3.080366373062134 0
v 15.46875 3.2272324562072754 10
v 15.086670875549316 3.080366373062134 0
v 15.086670875549316 3.080366373062134 10
v 15.46875 3.2272324562072754 10
v 15.086670875549316 3.080366373062134 0
v 14.6875 2.9602034091949463 0
v 15.086670875549316 3.080366373062134 10
v 14.6875 2.9602034091949463 0
v 14.6875 2.9602034091949463 10
v 15.086670875549316 3.080366373062134 10
v 14.6875 2.9602034091949463 0
v 14.27123737335205 2.8667430877685547 0
v 14.6875 2.9602034091949463 10
v 14.27123737335205 2.8667430877685547 0
v 14.27123737335205 2.8667430877685547 10
v 14.6875 2.9602034091949463 10
v 14.27123737335205 2.8667430877685547 0
v 13.837882995605469 2.799985885620117 0
v 14.27123737335205 2.8667430877685547 10
v 13.837882995605469 2.799985885620117 0
v 13.837882995605469 2.799985885620117 10
v 14.27123737335205 2.8667430877685547 10
v 13.837882995605469 2.799985885620117 0
v 13.38743782043457 2.7599315643310547 0
v 13.837882995605469 2.799985885620117 10
v 13.38743782043457 2.7599315643310547 0
v 13.38743782043457 2.7599315643310547 10
v 13.837882995605469 2.799985885620117 10
v 13.38743782043457 2.7599315643310547 0
v 12.919899940490723 2.746579885482788 0
v 13.38743782043457 2.7599315643310547 10
v 12.919899940490723 2.746579885482788 0
v 12.919899940490723 2.746579885482788 10
v 13.38743782043457 2.7599315643310547 10
v 12.919899940490723 2.746579885482788 0
v 12.615259170532227 2.7538278102874756 0
v 12.919899940490723 2.746579885482788 10
v 12.615259170532227 2.7538278102874756 0
v 12.615259170532227 2.7538278102874756 10
v 12.919899940490723 2.746579885482788 10
v 12.615259170532227 2.7538278102874756 0
v 12.316569328308105 2.775571584701538 0
v 12.615259170532227 2.7538278102874756 10
v 12.316569328308105 2.775571584701538 0
v 12.316569328308105 2.775571584701538 10
v 12.615259170532227 2.7538278102874756 10
v 12.316569328308105 2.775571584701538 0
v 12.02383041381836 2.8118112087249756 0
v 12.316569328308105 2.775571584701538 10
v 12.02383041381836 2.8118112087249756 0
v 12.02383041381836 2.8118112087249756 10
v 12.316569328308105 2.775571584701538 10
v 12.02383041381836 2.8118112087249756 0
v 11.737042427062988 2.862546682357788 0
v 12.02383041381836 2.8118112087249756 10
v 11.737042427062988 2.862546682357788 0
v 11.737042427062988 2.862546682357788 10
v 12.02383041381836 2.8118112087249756 10
v 11.737042427062988 2.862546682357788 0
v 11.456205368041992 2.9277780055999756 0
v 11.737042427062988 2.862546682357788 10
v 11.456205368041992 2.9277780055999756 0
v 11.456205368041992 2.9277780055999756 10
v 11.737042427062988 2.862546682357788 10
v 11.456205368041992 2.9277780055999756 0
v 11.181320190429688 3.007504940032959 0
v 11.456205368041992 2.9277780055999756 10
v 11.181320190429688 3.007504940032959 0
v 11.181320190429688 3.007504940032959 10
v 11.456205368041992 2.9277780055999756 10
v 11.181320190429688 3.007504940032959 0
v 10.912385940551758 3.1017279624938965 0
v 11.181320190429688 3.007504940032959 10
v 10.912385940551758 3.1017279624938965 0
v 10.912385940551758 3.1017279624938965 10
v 11.181320190429688 3.007504940032959 10
v 10.912385940551758 3.1017279624938965 0
v 10.649402618408203 3.21044659614563 0
v 10.912385940551758 3.1017279624938965 10
v 10.649402618408203 3.21044659614563 0
v 10.649402618408203 3.21044659614563 10
v 10.912385940551758 3.1017279624938965 10
v 10.649402618408203 3.21044659614563 0
v 10.392370223999023 3.3336613178253174 0
v 10.649402618408203 3.21044659614563 10
v 10.392370223999023 3.3336613178253174 0
v 10.392370223999023 3.3336613178253174 10
v 10.649402618408203 3.21044659614563 10
v 10.392370223999023 3.3336613178253174 0
v 10.141288757324219 3.471371650695801 0
v 10.392370223999023 3.3336613178253174 10
v 10.141288757324219 3.471371650695801 0
v 10.141288757324219 3.471371650695801 10
v 10.392370223999023 3.3336613178253174 10
v 10.141288757324219 3.471371650695801 0
v 9.896159172058105 3.623577833175659 0
v 10.141288757324219 3.471371650695801 10
v 9.896159172058105 3.623577833175659 0
v 9.896159172058105 3.623577833175659 10
v 10.141288757324219 3.471371650695801 10
v 9.896159172058105 3.623577833175659 0
v 9.65697956085205 3.7902801036834717 0
v 9.896159172058105 3.623577833175659 10
v 9.65697956085205 3.7902801036834717 0
v 9.65697956085205 3.7902801036834717 10
v 9.896159172058105 3.623577833175659 10
v 9.65697956085205 3.7902801036834717 0
v 9.424971580505371 3.969799518585205 0
v 9.65697956085205 3.7902801036834717 10
v 9.424971580505371 3.969799518585205 0
v 9.424971580505371 3.969799518585205 10
v 9.65697956085205 3.7902801036834717 10
v 9.424971580505371 3.969799518585205 0
v 9.201354026794434 4.160458087921143 0
v 9.424971580505371 3.969799518585205 10
v 9.201354026794434 4.160458087921143 0
v 9.201354026794434 4.160458087921143 10
v 9.424971580505371 3.969799518585205 10
v 9.201354026794434 4.160458087921143 0
v 8.986129760742188 4.362255573272705 0
v 9.201354026794434 4.160458087921143 10
v 8.986129760742188 4.362255573272705 0
v 8.986129760742188 4.362255573272705 10
v 9.201354026794434 4.160458087921143 10
v 8.986129760742188 4.362255573272705 0
v 8.779297828674316 4.575192451477051 0
v 8.986129760742188 4.362255573272705 10
v 8.779297828674316 4.575192451477051 0
v 8.779297828674316 4.575192451477051 10
v 8.986129760742188 4.362255573272705 10
v 8.779297828674316 4.575192451477051 0
v 8.58085823059082 4.799267768859863 0
v 8.779297828674316 4.575192451477051 10
v 8.58085823059082 4.799267768859863 0
v 8.58085823059082 4.799267768859863 10
v 8.779297828674316 4.575192451477051 10
v 8.58085823059082 4.799267768859863 0
v 8.390810012817383 5.034482479095459 0
v 8.58085823059082 4.799267768859863 10
v 8.390810012817383 5.034482479095459 0
v 8.390810012817383 5.034482479095459 10
v 8.58085823059082 4.799267768859863 10
v 8.390810012817383 5.034482479095459 0
v 8.20915412902832 5.28083610534668 0
v 8.390810012817383 5.034482479095459 10
v 8.20915412902832 5.28083610534668 0
v 8.20915412902832 5.28083610534668 10
v 8.390810012817383 5.034482479095459 10
v 8.20915412902832 5.28083610534668 0
v 8.03589153289795 5.538329124450684 0
v 8.20915412902832 5.28083610534668 10
v 8.03589153289795 5.538329124450684 0
v 8.03589153289795 5.538329124450684 10
v 8.20915412902832 5.28083610534668 10
v 8.03589153289795 5.538329124450684 0
v 7.8710198402404785 5.806960582733154 0
v 8.03589153289795 5.538329124450684 10
v 7.8710198402404785 5.806960582733154 0
v 7.8710198402404785 5.806960582733154 10
v 8.03589153289795 5.538329124450684 10
v 7.8710198402404785 5.806960582733154 0
v 7.714540958404541 6.086731433868408 0
v 7.8710198402404785 5.806960582733154 10
v 7.714540958404541 6.086731433868408 0
v 7.714540958404541 6.086731433868408 10
v 7.8710198402404785 5.806960582733154 10
v 7.714540958404541 6.086731433868408 0
v 7.5664544105529785 6.377641201019287 0
v 7.714540958404541 6.086731433868408 10
v 7.5664544105529785 6.377641201019287 0
v 7.5664544105529785 6.377641201019287 10
v 7.714540958404541 6.086731433868408 10
v 7.5664544105529785 6.377641201019287 0
v 7.426760196685791 6.679689884185791 0
v 7.5664544105529785 6.377641201019287 10
v 7.426760196685791 6.679689884185791 0
v 7.426760196685791 6.679689884185791 10
v 7.5664544105529785 6.377641201019287 10
v 7.426760196685791 6.679689884185791 0
v 7.296907424926758 6.990968704223633 0
v 7.426760196685791 6.679689884185791 10
v 7.296907424926758 6.990968704223633 0
v 7.296907424926758 6.990968704223633 10
v 7.426760196685791 6.679689884185791 10
v 7.296907424926758 6.990968704223633 0
v 7.178346157073975 7.309570789337158 0
v 7.296907424926758 6.990968704223633 10
v 7.178346157073975 7.309570789337158 0
v 7.178346157073975 7.309570789337158 10
v 7.296907424926758 6.990968704223633 10
v 7.178346157073975 7.309570789337158 0
v 7.0710768699646 7.635497093200684 0
v 7.178346157073975 7.309570789337158 10
v 7.0710768699646 7.635497093200684 0
v 7.0710768699646 7.635497093200684 10
v 7.178346157073975 7.309570789337158 10
v 7.0710768699646 7.635497093200684 0
v 6.975099086761475 7.968746662139893 0
v 7.0710768699646 7.635497093200684 10
v 6.975099086761475 7.968746662139893 0
v 6.975099086761475 7.968746662139893 10
v 7.0710768699646 7.635497093200684 10
v 6.975099086761475 7.968746662139893 0
v 6.890412330627441 8.309320449829102 0
v 6.975099086761475 7.968746662139893 10
v 6.890412330627441 8.309320449829102 0
v 6.890412330627441 8.309320449829102 10
v 6.975099086761475 7.968746662139893 10
v 6.890412330627441 8.309320449829102 0
v 6.817017555236816 8.657217025756836 0
v 6.890412330627441 8.309320449829102 10
v 6.817017555236816 8.657217025756836 0
v 6.817017555236816 8.657217025756836 10
v 6.890412330627441 8.309320449829102 10
v 6.817017555236816 8.657217025756836 0
v 6.754914283752441 9.012438774108887 0
v 6.817017555236816 8.657217025756836 10
v 6.754914283752441 9.012438774108887 0
v 6.754914283752441 9.012438774108887 10
v 6.817017555236816 8.657217025756836 10
v 6.754914283752441 9.012438774108887 0
v 6.704102039337158 9.374983787536621 0
v 6.754914283752441 9.012438774108887 10
v 6.704102039337158 9.374983787536621 0
v 6.704102039337158 9.374983787536621 10
v 6.754914283752441 9.012438774108887 10
v 6.704102039337158 9.374983787536621 0
v 6.664581775665283 9.744852066040039 0
v 6.704102039337158 9.374983787536621 10
v 6.664581775665283 9.744852066040039 0
v 6.664581775665283 9.744852066040039 10
v 6.704102039337158 9.374983787536621 10
v 6.664581775665283 9.744852066040039 0
v 6.636353015899658 10.122044563293457 0
v 6.664581775665283 9.744852066040039 10
v 6.636353015899658 10.122044563293457 0
v 6.636353015899658 10.122044563293457 10
v 6.664581775665283 9.744852066040039 10
v 6.636353015899658 10.122044563293457 0
v 6.619415760040283 10.506560325622559 0
v 6.636353015899658 10.122044563293457 10
v 6.619415760040283 10.506560325622559 0
v 6.619415760040283 10.506560325622559 10
v 6.636353015899658 10.122044563293457 10
v 6.619415760040283 10.506560325622559 0
v 6.613770008087158 10.89840030670166 0
v 6.619415760040283 10.506560325622559 10
v 6.613770008087158 10.89840030670166 0
v 6.613770008087158 10.89840030670166 10
v 6.619415760040283 10.506560325622559 10
v 6.613770008087158 10.89840030670166 0
v 6.625595569610596 11.362347602844238 0
v 6.613770008087158 10.89840030670166 10
v 6.625595569610596 11.362347602844238 0
v 6.625595569610596 11.362347602844238 10
v 6.613770008087158 10.89840030670166 10
v 6.625595569610596 11.362347602844238 0
v 6.661072254180908 11.809358596801758 0
v 6.625595569610596 11.362347602844238 10
v 6.661072254180908 11.809358596801758 0
v 6.661072254180908 11.809358596801758 10
v 6.625595569610596 11.362347602844238 10
v 6.661072254180908 11.809358596801758 0
v 6.720200061798096 12.239431381225586 0
v 6.661072254180908 11.809358596801758 10
v 6.720200061798096 12.239431381225586 0
v 6.720200061798096 12.239431381225586 10
v 6.661072254180908 11.809358596801758 10
v 6.720200061798096 12.239431381225586 0
v 6.802978992462158 12.652566909790039 0
v 6.720200061798096 12.239431381225586 10
v 6.802978992462158 12.652566909790039 0
v 6.802978992462158 12.652566909790039 10
v 6.720200061798096 12.239431381225586 10
v 6.802978992462158 12.652566909790039 0
v 6.909409046173096 13.0487642288208 0
v 6.802978992462158 12.652566909790039 10
v 6.909409046173096 13.0487642288208 0
v 6.909409046173096 13.0487642288208 10
v 6.802978992462158 12.652566909790039 10
v 6.909409046173096 13.0487642288208 0
v 7.039490222930908 13.428025245666504 0
v 6.909409046173096 13.0487642288208 10
v 7.039490222930908 13.428025245666504 0
v 7.039490222930908 13.428025245666504 10
v 6.909409046173096 13.0487642288208 10
v 7.039490222930908 13.428025245666504 0
v 7.1932220458984375 13.790348052978516 0
v 7.039490222930908 13.428025245666504 10
v 7.1932220458984375 13.790348052978516 0
v 7.1932220458984375 13.790348052978516 10
v 7.039490222930908 13.428025245666504 10
v 7.1932220458984375 13.790348052978516 0
v 7.37060546875 14.135733604431152 0
v 7.1932220458984375 13.790348052978516 10
v 7.37060546875 14.135733604431152 0
v 7.37060546875 14.135733604431152 10
v 7.1932220458984375 13.790348052978516 10
v 7.37060546875 14.135733604431152 0
v 7.5716400146484375 14.464180946350098 0
v 7.37060546875 14.135733604431152 10
v 7.5716400146484375 14.464180946350098 0
v 7.5716400146484375 14.464180946350098 10
v 7.37060546875 14.135733604431152 10
v 7.5716400146484375 14.464180946350098 0
v 7.79632568359375 14.775691986083984 0
v 7.5716400146484375 14.464180946350098 10
v 7.79632568359375 14.775691986083984 0
v 7.79632568359375 14.775691986083984 10
v 7.5716400146484375 14.464180946350098 10
v 7.79632568359375 14.775691986083984 0
v 8.044662475585938 15.07026481628418 0
v 7.79632568359375 14.775691986083984 10
v 8.044662475585938 15.07026481628418 0
v 8.044662475585938 15.07026481628418 10
v 7.79632568359375 14.775691986083984 10
v 8.044662475585938 15.07026481628418 0
v 8.316650390625 15.347900390625 0
v 8.044662475585938 15.07026481628418 10
v 8.316650390625 15.347900390625 0
v 8.316650390625 15.347900390625 10
v 8.044662475585938 15.07026481628418 10
v 8.316650390625 15.347900390625 0
v 8.60785961151123 15.605851173400879 0
v 8.316650390625 15.347900390625 10
v 8.60785961151123 15.605851173400879 0
v 8.60785961151123 15.605851173400879 10
v 8.316650390625 15.347900390625 10
v 8.60785961151123 15.605851173400879 0
v 8.913870811462402 15.8413724899292 0
v 8.60785961151123 15.605851173400879 10
v 8.913870811462402 15.8413724899292 0
v 8.913870811462402 15.8413724899292 10
v 8.60785961151123 15.605851173400879 10
v 8.913870811462402 15.8413724899292 0
v 9.234683990478516 16.054462432861328 0
v 8.913870811462402 15.8413724899292 10
v 9.234683990478516 16.054462432861328 0
v 9.234683990478516 16.054462432861328 10
v 8.913870811462402 15.8413724899292 10
v 9.234683990478516 16.054462432861328 0
v 9.570300102233887 16.2451229095459 0
v 9.234683990478516 16.054462432861328 10
v 9.570300102233887 16.2451229095459 0
v 9.570300102233887 16.2451229095459 10
v 9.234683990478516 16.054462432861328 10
v 9.570300102233887 16.2451229095459 0
v 9.920717239379883 16.41335105895996 0
v 9.570300102233887 16.2451229095459 10
v 9.920717239379883 16.41335105895996 0
v 9.920717239379883 16.41335105895996 10
v 9.570300102233887 16.2451229095459 10
v 9.920717239379883 16.41335105895996 0
v 10.285937309265137 16.55915069580078 0
v 9.920717239379883 16.41335105895996 10
v 10.285937309265137 16.55915069580078 0
v 10.285937309265137 16.55915069580078 10
v 9.920717239379883 16.41335105895996 10
v 10.285937309265137 16.55915069580078 0
v 10.665959358215332 16.682518005371094 0
v 10.285937309265137 16.55915069580078 10
v 10.665959358215332 16.682518005371094 0
v 10.665959358215332 16.682518005371094 10
v 10.285937309265137 16.55915069580078 10
v 10.665959358215332 16.682518005371094 0
v 11.060783386230469 16.78345489501953 0
v 10.665959358215332 16.682518005371094 10
v 11.060783386230469 16.78345489501953 0
v 11.060783386230469 16.78345489501953 10
v 10.665959358215332 16.682518005371094 10
v 11.060783386230469 16.78345489501953 0
v 11.470409393310547 16.861963272094727 0
v 11.060783386230469 16.78345489501953 10
v 11.470409393310547 16.861963272094727 0
v 11.470409393310547 16.861963272094727 10
v 11.060783386230469 16.78345489501953 10
v 11.470409393310547 16.861963272094727 0
v 11.894837379455566 16.918039321899414 0
v 11.470409393310547 16.861963272094727 10
v 11.894837379455566 16.918039321899414 0
v 11.894837379455566 16.918039321899414 10
v 11.470409393310547 16.861963272094727 10
v 11.894837379455566 16.918039321899414 0
v 12.334067344665527 16.951684951782227 0
v 11.894837379455566 16.918039321899414 10
v 12.334067344665527 16.951684951782227 0
v 12.334067344665527 16.951684951782227 10
v 11.894837379455566 16.918039321899414 10
v 12.334067344665527 16.951684951782227 0
v 12.788100242614746 16.962900161743164 0
v 12.334067344665527 16.951684951782227 10
v 12.788100242614746 16.962900161743164 0
v 12.788100242614746 16.962900161743164 10
v 12.334067344665527 16.951684951782227 10
v 12.788100242614746 16.962900161743164 0
v 13.269814491271973 16.95023536682129 0
v 12.788100242614746 16.962900161743164 10
v 13.269814491271973 16.95023536682129 0
v 13.269814491271973 16.95023536682129 10
v 12.788100242614746 16.962900161743164 10
v 13.269814491271973 16.95023536682129 0
v 13.733525276184082 16.912240982055664 0
v 13.269814491271973 16.95023536682129 10
v 13.733525276184082 16.912240982055664 0
v 13.733525276184082 16.912240982055664 10
v 13.269814491271973 16.95023536682129 10
v 13.733525276184082 16.912240982055664 0
v 14.179231643676758 16.848918914794922 0
v 13.733525276184082 16.912240982055664 10
v 14.179231643676758 16.848918914794922 0
v 14.179231643676758 16.848918914794922 10
v 13.733525276184082 16.912240982055664 10
v 14.179231643676758 16.848918914794922 0
v 14.60693359375 16.76026725769043 0
v 14.179231643676758 16.848918914794922 10
v 14.60693359375 16.76026725769043 0
v 14.60693359375 16.76026725769043 10
v 14.179231643676758 16.848918914794922 10
v 14.60693359375 16.76026725769043 0
v 15.016631126403809 16.646286010742188 0
v 14.60693359375 16.76026725769043 10
v 15.016631126403809 16.646286010742188 0
v 15.016631126403809 16.646286010742188 10
v 14.60693359375 16.76026725769043 10
v 15.016631126403809 16.646286010742188 0
v 15.4083251953125 16.506975173950195 0
v 15.016631126403809 16.646286010742188 10
v 15.4083251953125 16.506975173950195 0
v 15.4083251953125 16.506975173950195 10
v 15.016631126403809 16.646286010742188 10
v 15.4083251953125 16.506975173950195 0
v 15.782014846801758 16.342334747314453 0
v 15.4083251953125 16.506975173950195 10
v 15.782014846801758 16.342334747314453 0
v 15.782014846801758 16.342334747314453 10
v 15.4083251953125 16.506975173950195 10
v 15.782014846801758 16.342334747314453 0
v 16.137699127197266 16.152366638183594 0
v 15.782014846801758 16.342334747314453 10
v 16.137699127197266 16.152366638183594 0
v 16.137699127197266 16.152366638183594 10
v 15.782014846801758 16.342334747314453 10
v 16.137699127197266 16.152366638183594 0
v 16.47538185119629 15.937068939208984 0
v 16.137699127197266 16.152366638183594 10
v 16.47538185119629 15.937068939208984 0
v 16.47538185119629 15.937068939208984 10
v 16.137699127197266 16.152366638183594 10
v 16.47538185119629 15.937068939208984 0
v 16.795059204101562 15.696441650390625 0
v 16.47538185119629 15.937068939208984 10
v 16.795059204101562 15.696441650390625 0
v 16.795059204101562 15.696441650390625 10
v 16.47538185119629 15.937068939208984 10
v 16.795059204101562 15.696441650390625 0
v 17.096731185913086 15.430485725402832 0
v 16.795059204101562 15.696441650390625 10
v 17.096731185913086 15.430485725402832 0
v 17.096731185913086 15.430485725402832 10
v 16.795059204101562 15.696441650390625 10
v 17.096731185913086 15.430485725402832 0
v 17.380399703979492 15.139200210571289 0
v 17.096731185913086 15.430485725402832 10
v 17.380399703979492 15.139200210571289 0
v 17.380399703979492 15.139200210571289 10
v 17.096731185913086 15.430485725402832 10
v 17.380399703979492 15.139200210571289 0
v 17.643606185913086 14.824552536010742 0
v 17.380399703979492 15.139200210571289 10
v 17.643606185913086 14.824552536010742 0
v 17.643606185913086 14.824552536010742 10
v 17.380399703979492 15.139200210571289 10
v 17.643606185913086 14.824552536010742 0
v 17.88392448425293 14.488544464111328 0
v 17.643606185913086 14.824552536010742 10
v 17.88392448425293 14.488544464111328 0
v 17.88392448425293 14.488544464111328 10
v 17.643606185913086 14.824552536010742 10
v 17.88392448425293 14.488544464111328 0
v 18.101356506347656 14.131175994873047 0
v 17.88392448425293 14.488544464111328 10
v 18.101356506347656 14.131175994873047 0
v 18.101356506347656 14.131175994873047 10
v 17.88392448425293 14.488544464111328 10
v 18.101356506347656 14.131175994873047 0
v 18.295900344848633 13.752445220947266 0
v 18.101356506347656 14.131175994873047 10
v 18.295900344848633 13.752445220947266 0
v 18.295900344848633 13.752445220947266 10
v 18.101356506347656 14.131175994873047 10
v 18.295900344848633 13.752445220947266 0
v 18.46755599975586 13.352354049682617 0
v 18.295900344848633 13.752445220947266 10
v 18.46755599975586 13.352354049682617 0
v 18.46755599975586 13.352354049682617 10
v 18.295900344848633 13.752445220947266 10
v 18.46755599975586 13.352354049682617 0
v 18.61632537841797 12.930902481079102 0
v 18.46755599975586 13.352354049682617 10
v 18.61632537841797 12.930902481079102 0
v 18.61632537841797 12.930902481079102 10
v 18.46755599975586 13.352354049682617 10
v 18.61632537841797 12.930902481079102 0
v 18.742206573486328 12.488089561462402 0
v 18.61632537841797 12.930902481079102 10
v 18.742206573486328 12.488089561462402 0
v 18.742206573486328 12.488089561462402 10
v 18.61632537841797 12.930902481079102 10
v 18.742206573486328 12.488089561462402 0
v 18.845199584960938 12.02391529083252 0
v 18.742206573486328 12.488089561462402 10
v 18.845199584960938 12.02391529083252 0
v 18.845199584960938 12.02391529083252 10
v 18.742206573486328 12.488089561462402 10
v 18.845199584960938 12.02391529083252 0
v 18.92530632019043 11.53838062286377 0
v 18.845199584960938 12.02391529083252 10
v 18.92530632019043 11.53838062286377 0
v 18.92530632019043 11.53838062286377 10
v 18.845199584960938 12.02391529083252 10
v 18.92530632019043 11.53838062286377 0
v 18.982524871826172 11.031484603881836 0
v 18.92530632019043 11.53838062286377 10
v 18.982524871826172 11.031484603881836 0
v 18.982524871826172 11.031484603881836 10
v 18.92530632019043 11.53838062286377 10
v 18.982524871826172 11.031484603881836 0
v 19.016857147216797 10.503228187561035 0
v 18.982524871826172 11.031484603881836 10
v 19.016857147216797 10.503228187561035 0
v 19.016857147216797 10.503228187561035 10
v 18.982524871826172 11.031484603881836 10
v 19.016857147216797 10.503228187561035 0
v 19.02829933166504 9.95361042022705 0
v 19.016857147216797 10.503228187561035 10
v 19.02829933166504 9.95361042022705 0
v 19.02829933166504 9.95361042022705 10
v 19.016857147216797 10.503228187561035 10
v 19.02829933166504 9.95361042022705 0
v 19.01700782775879 9.403303146362305 0
v 19.02829933166504 9.95361042022705 10
v 19.01700782775879 9.403303146362305 0
v 19.01700782775879 9.403303146362305 10
v 19.02829933166504 9.95361042022705 10
v 49.76369857788086 30.95949935913086 0
v 49.76369857788086 27.75149917602539 0
v 49.372989654541016 27.152742385864258 0
v 29.307130813598633 27.597700119018555 0
v 29.307130813598633 30.95949935913086 0
v 49.76369857788086 30.95949935913086 0
v 45.01115417480469 26.234466552734375 0
v 45.470054626464844 26.912649154663086 0
v 45.940399169921875 27.597700119018555 0
v 44.12767791748047 24.898700714111328 0
v 44.56369400024414 25.56315040588379 0
v 45.01115417480469 26.234466552734375 0
v 43.289974212646484 23.59040069580078 0
v 43.70310592651367 24.241117477416992 0
v 44.12767791748047 24.898700714111328 0
v 42.498043060302734 22.309566497802734 0
v 42.88828659057617 22.946550369262695 0
v 43.289974212646484 23.59040069580078 0
v 41.75188446044922 21.05620002746582 0
v 42.11924362182617 21.6794490814209 0
v 42.498043060302734 22.309566497802734 0
v 41.05149841308594 19.830299377441406 0
v 41.395973205566406 20.439817428588867 0
v 41.75188446044922 21.05620002746582 0
v 40.39384078979492 18.628206253051758 0
v 40.717708587646484 19.226734161376953 0
v 41.05149841308594 19.830299377441406 0
v 39.775856018066406 17.44625473022461 0
v 40.07988739013672 18.034711837768555 0
v 40.39384078979492 18.628206253051758 0
v 39.19755172729492 16.28445053100586 0
v 39.48174285888672 16.862834930419922 0
v 39.775856018066406 17.44625473022461 0
v 38.6589241027832 15.142788887023926 0
v 38.923274993896484 15.711101531982422 0
v 39.19755172729492 16.28445053100586 0
v 38.15997314453125 14.021272659301758 0
v 38.40448760986328 14.579512596130371 0
v 38.6589241027832 15.142788887023926 0
v 37.70069885253906 12.919899940490723 0
v 37.925376892089844 13.46806812286377 0
v 38.15997314453125 14.021272659301758 0
v 37.2533073425293 11.764205932617188 0
v 37.47166061401367 12.33984088897705 0
v 37.70069885253906 12.919899940490723 0
v 36.84864044189453 10.626211166381836 0
v 37.045631408691406 11.19299602508545 0
v 37.2533073425293 11.764205932617188 0
v 36.486698150634766 9.505914688110352 0
v 36.66232681274414 10.063850402832031 0
v 36.84864044189453 10.626211166381836 0
v 36.16748046875 8.40331745147705 0
v 36.32175064086914 8.952404022216797 0
v 36.486698150634766 9.505914688110352 0
v 35.8909912109375 7.318419456481934 0
v 36.023895263671875 7.858656406402588 0
v 36.16748046875 8.40331745147705 0
v 35.657230377197266 6.251220226287842 0
v 35.76877212524414 6.782607555389404 0
v 35.8909912109375 7.318419456481934 0
v 35.462528228759766 5.195616722106934 0
v 35.55545425415039 5.722731590270996 0
v 35.657230377197266 6.251220226287842 0
v 35.30322265625 4.145506858825684 0
v 35.37845230102539 4.669875144958496 0
v 35.462528228759766 5.195616722106934 0
v 35.1793212890625 3.1008899211883545 0
v 35.236846923828125 3.622511625289917 0
v 35.30322265625 4.145506858825684 0
v 35.0908203125 2.0617666244506836 0
v 35.130645751953125 2.580641746520996 0
v 35.1793212890625 3.1008899211883545 0
v 35.0377197265625 1.0281366109848022 0
v 35.059844970703125 1.5442650318145752 0
v 35.0908203125 2.0617666244506836 0
v 35.02001953125 0 0
v 35.024444580078125 0.5133816599845886 0
v 35.0377197265625 1.0281366109848022 0
v 39.157691955566406 0.7121279835700989 0
v 39.150901794433594 0 0
v 35.02001953125 0 0
v 49.76369857788086 30.95949935913086 0
v 49.372989654541016 27.152742385864258 0
v 48.99189376831055 26.564971923828125 0
v 45.940399169921875 27.597700119018555 0
v 29.307130813598633 27.597700119018555 0
v 49.76369857788086 30.95949935913086 0
v 44.12767791748047 24.898700714111328 0
v 45.01115417480469 26.234466552734375 0
v 45.940399169921875 27.597700119018555 0
v 42.498043060302734 22.309566497802734 0
v 43.289974212646484 23.59040069580078 0
v 44.12767791748047 24.898700714111328 0
v 41.05149841308594 19.830299377441406 0
v 41.75188446044922 21.05620002746582 0
v 42.498043060302734 22.309566497802734 0
v 39.775856018066406 17.44625473022461 0
v 40.39384078979492 18.628206253051758 0
v 41.05149841308594 19.830299377441406 0
v 38.6589241027832 15.142788887023926 0
v 39.19755172729492 16.28445053100586 0
v 39.775856018066406 17.44625473022461 0
v 37.70069885253906 12.919899940490723 0
v 38.15997314453125 14.021272659301758 0
v 38.6589241027832 15.142788887023926 0
v 36.84864044189453 10.626211166381836 0
v 37.2533073425293 11.764205932617188 0
v 37.70069885253906 12.919899940490723 0
v 36.16748046875 8.40331745147705 0
v 36.486698150634766 9.505914688110352 0
v 36.84864044189453 10.626211166381836 0
v 35.657230377197266 6.251220226287842 0
v 35.8909912109375 7.318419456481934 0
v 36.16748046875 8.40331745147705 0
v 35.30322265625 4.145506858825684 0
v 35.462528228759766 5.195616722106934 0
v 35.657230377197266 6.251220226287842 0
v 35.0908203125 2.0617666244506836 0
v 35.1793212890625 3.1008899211883545 0
v 35.30322265625 4.145506858825684 0
v 35.02001953125 0 0
v 35.0377197265625 1.0281366109848022 0
v 35.0908203125 2.0617666244506836 0
v 39.178062438964844 1.4202885627746582 0
v 39.157691955566406 0.7121279835700989 0
v 35.02001953125 0 0
v 49.76369857788086 30.95949935913086 0
v 48.99189376831055 26.564971923828125 0
v 48.62041091918945 25.988187789916992 0
v 44.12767791748047 24.898700714111328 0
v 45.940399169921875 27.597700119018555 0
v 49.76369857788086 30.95949935913086 0
v 41.05149841308594 19.830299377441406 0
v 42.498043060302734 22.309566497802734 0
v 44.12767791748047 24.898700714111328 0
v 38.6589241027832 15.142788887023926 0
v 39.775856018066406 17.44625473022461 0
v 41.05149841308594 19.830299377441406 0
v 36.84864044189453 10.626211166381836 0
v 37.70069885253906 12.919899940490723 0
v 38.6589241027832 15.142788887023926 0
v 35.657230377197266 6.251220226287842 0
v 36.16748046875 8.40331745147705 0
v 36.84864044189453 10.626211166381836 0
v 35.0908203125 2.0617666244506836 0
v 35.30322265625 4.145506858825684 0
v 35.657230377197266 6.251220226287842 0
v 39.178062438964844 1.4202885627746582 0
v 35.02001953125 0 0
v 35.0908203125 2.0617666244506836 0
v 49.76369857788086 30.95949935913086 0
v 48.62041091918945 25.988187789916992 0
v 48.258544921875 25.422388076782227 0
v 41.05149841308594 19.830299377441406 0
v 44.12767791748047 24.898700714111328 0
v 49.76369857788086 30.95949935913086 0
v 36.84864044189453 10.626211166381836 0
v 38.6589241027832 15.142788887023926 0
v 41.05149841308594 19.830299377441406 0
v 35.0908203125 2.0617666244506836 0
v 35.657230377197266 6.251220226287842 0
v 36.84864044189453 10.626211166381836 0
v 39.212013244628906 2.1244819164276123 0
v 39.178062438964844 1.4202885627746582 0
v 35.0908203125 2.0617666244506836 0
v 49.76369857788086 30.95949935913086 0
v 48.258544921875 25.422388076782227 0
v 47.90629196166992 24.867576599121094 0
v 36.84864044189453 10.626211166381836 0
v 41.05149841308594 19.830299377441406 0
v 49.76369857788086 30.95949935913086 0
v 39.212013244628906 2.1244819164276123 0
v 35.0908203125 2.0617666244506836 0
v 36.84864044189453 10.626211166381836 0
v 49.76369857788086 30.95949935913086 0
v 47.90629196166992 24.867576599121094 0
v 47.56364822387695 24.323749542236328 0
v 39.259544372558594 2.8247077465057373 0
v 39.212013244628906 2.1244819164276123 0
v 36.84864044189453 10.626211166381836 0
v 49.76369857788086 30.95949935913086 0
v 47.56364822387695 24.323749542236328 0
v 47.23062515258789 23.790908813476562 0
v 39.320655822753906 3.5209662914276123 0
v 39.259544372558594 2.8247077465057373 0
v 36.84864044189453 10.626211166381836 0
v 49.76369857788086 30.95949935913086 0
v 47.23062515258789 23.790908813476562 0
v 46.90721130371094 23.26905632019043 0
v 39.39535140991211 4.213257312774658 0
v 39.320655822753906 3.5209662914276123 0
v 36.84864044189453 10.626211166381836 0
v 49.76369857788086 30.95949935913086 0
v 46.90721130371094 23.26905632019043 0
v 46.593414306640625 22.758188247680664 0
v 39.48362350463867 4.901581287384033 0
v 39.39535140991211 4.213257312774658 0
v 36.84864044189453 10.626211166381836 0
v 49.76369857788086 30.95949935913086 0
v 46.593414306640625 22.758188247680664 0
v 46.28922653198242 22.2583065032959 0
v 39.58547592163086 5.585937976837158 0
v 39.48362350463867 4.901581287384033 0
v 36.84864044189453 10.626211166381836 0
v 49.76369857788086 30.95949935913086 0
v 46.28922653198242 22.2583065032959 0
v 45.99465560913086 21.7694091796875 0
v 39.70091247558594 6.266326904296875 0
v 39.58547592163086 5.585937976837158 0
v 36.84864044189453 10.626211166381836 0
v 49.76369857788086 30.95949935913086 0
v 45.99465560913086 21.7694091796875 0
v 45.70970153808594 21.291500091552734 0
v 39.82992935180664 6.942748546600342 0
v 39.70091247558594 6.266326904296875 0
v 36.84864044189453 10.626211166381836 0
v 49.76369857788086 30.95949935913086 0
v 45.70970153808594 21.291500091552734 0
v 45.43450927734375 20.824424743652344 0
v 39.9725227355957 7.615202903747559 0
v 39.82992935180664 6.942748546600342 0
v 36.84864044189453 10.626211166381836 0
v 49.76369857788086 30.95949935913086 0
v 45.43450927734375 20.824424743652344 0
v 45.16923522949219 20.368030548095703 0
v 40.128700256347656 8.283690452575684 0
v 39.9725227355957 7.615202903747559 0
v 36.84864044189453 10.626211166381836 0
v 49.76369857788086 30.95949935913086 0
v 45.16923522949219 20.368030548095703 0
v 44.91387939453125 19.922319412231445 0
v 40.29844284057617 8.95095443725586 0
v 40.128700256347656 8.283690452575684 0
v 36.84864044189453 10.626211166381836 0
v 49.76369857788086 30.95949935913086 0
v 44.91387939453125 19.922319412231445 0
v 44.6684455871582 19.487289428710938 0
v 40.48176574707031 9.619746208190918 0
v 40.29844284057617 8.95095443725586 0
v 36.84864044189453 10.626211166381836 0
v 49.76369857788086 30.95949935913086 0
v 44.6684455871582 19.487289428710938 0
v 44.432926177978516 19.06294059753418 0
v 40.67866897583008 10.29006290435791 0
v 40.48176574707031 9.619746208190918 0
v 36.84864044189453 10.626211166381836 0
v 49.76369857788086 30.95949935913086 0
v 44.432926177978516 19.06294059753418 0
v 44.20732498168945 18.649274826049805 0
v 40.889156341552734 10.961906433105469 0
v 40.67866897583008 10.29006290435791 0
v 36.84864044189453 10.626211166381836 0
v 49.76369857788086 30.95949935913086 0
v 44.20732498168945 18.649274826049805 0
v 43.991641998291016 18.24629020690918 0
v 41.113224029541016 11.635276794433594 0
v 40.889156341552734 10.961906433105469 0
v 36.84864044189453 10.626211166381836 0
v 49.76369857788086 30.95949935913086 0
v 43.991641998291016 18.24629020690918 0
v 43.7858772277832 17.853988647460938 0
v 41.35087585449219 12.310172080993652 0
v 41.113224029541016 11.635276794433594 0
v 36.84864044189453 10.626211166381836 0
v 49.76369857788086 30.95949935913086 0
v 43.7858772277832 17.853988647460938 0
v 43.590030670166016 17.472368240356445 0
v 41.602108001708984 12.986595153808594 0
v 41.35087585449219 12.310172080993652 0
v 36.84864044189453 10.626211166381836 0
v 49.76369857788086 30.95949935913086 0
v 43.590030670166016 17.472368240356445 0
v 43.40410232543945 17.101430892944336 0
v 41.866920471191406 13.664543151855469 0
v 41.602108001708984 12.986595153808594 0
v 36.84864044189453 10.626211166381836 0
v 49.76369857788086 30.95949935913086 0
v 43.40410232543945 17.101430892944336 0
v 43.228092193603516 16.741174697875977 0
v 42.14531707763672 14.34401798248291 0
v 41.866920471191406 13.664543151855469 0
v 36.84864044189453 10.626211166381836 0
v 49.76369857788086 30.95949935913086 0
v 43.228092193603516 16.741174697875977 0
v 43.0620002746582 16.391599655151367 0
v 42.43729782104492 15.025018692016602 0
v 42.14531707763672 14.34401798248291 0
v 36.84864044189453 10.626211166381836 0
v 49.76369857788086 30.95949935913086 0
v 43.0620002746582 16.391599655151367 0
v 42.74285888671875 15.70754623413086 0
v 42.74285888671875 15.70754623413086 0
v 42.43729782104492 15.025018692016602 0
v 36.84864044189453 10.626211166381836 0
v 36.84864044189453 10.626211166381836 0
v 49.76369857788086 30.95949935913086 0
v 42.74285888671875 15.70754623413086 0
v 49.372989654541016 27.152742385864258 10
v 49.76369857788086 27.75149917602539 10
v 49.76369857788086 30.95949935913086 10
v 49.76369857788086 30.95949935913086 10
v 29.307130813598633 30.95949935913086 10
v 29.307130813598633 27.597700119018555 10
v 45.940399169921875 27.597700119018555 10
v 45.470054626464844 26.912649154663086 10
v 45.01115417480469 26.234466552734375 10
v 45.01115417480469 26.234466552734375 10
v 44.56369400024414 25.56315040588379 10
v 44.12767791748047 24.898700714111328 10
v 44.12767791748047 24.898700714111328 10
v 43.70310592651367 24.241117477416992 10
v 43.289974212646484 23.59040069580078 10
v 43.289974212646484 23.59040069580078 10
v 42.88828659057617 22.946550369262695 10
v 42.498043060302734 22.309566497802734 10
v 42.498043060302734 22.309566497802734 10
v 42.11924362182617 21.6794490814209 10
v 41.75188446044922 21.05620002746582 10
v 41.75188446044922 21.05620002746582 10
v 41.395973205566406 20.439817428588867 10
v 41.05149841308594 19.830299377441406 10
v 41.05149841308594 19.830299377441406 10
v 40.717708587646484 19.226734161376953 10
v 40.39384078979492 18.628206253051758 10
v 40.39384078979492 18.628206253051758 10
v 40.07988739013672 18.034711837768555 10
v 39.775856018066406 17.44625473022461 10
v 39.775856018066406 17.44625473022461 10
v 39.48174285888672 16.862834930419922 10
v 39.19755172729492 16.28445053100586 10
v 39.19755172729492 16.28445053100586 10
v 38.923274993896484 15.711101531982422 10
v 38.6589241027832 15.142788887023926 10
v 38.6589241027832 15.142788887023926 10
v 38.40448760986328 14.579512596130371 10
v 38.15997314453125 14.021272659301758 10
v 38.15997314453125 14.021272659301758 10
v 37.925376892089844 13.46806812286377 10
v 37.70069885253906 12.919899940490723 10
v 37.70069885253906 12.919899940490723 10
v 37.47166061401367 12.33984088897705 10
v 37.2533073425293 11.764205932617188 10
v 37.2533073425293 11.764205932617188 10
v 37.045631408691406 11.19299602508545 10
v 36.84864044189453 10.626211166381836 10
v 36.84864044189453 10.626211166381836 10
v 36.66232681274414 10.063850402832031 10
v 36.486698150634766 9.505914688110352 10
v 36.486698150634766 9.505914688110352 10
v 36.32175064086914 8.952404022216797 10
v 36.16748046875 8.40331745147705 10
v 36.16748046875 8.40331745147705 10
v 36.023895263671875 7.858656406402588 10
v 35.8909912109375 7.318419456481934 10
v 35.8909912109375 7.318419456481934 10
v 35.76877212524414 6.782607555389404 10
v 35.657230377197266 6.251220226287842 10
v 35.657230377197266 6.251220226287842 10
v 35.55545425415039 5.722731590270996 10
v 35.462528228759766 5.195616722106934 10
v 35.462528228759766 5.195616722106934 10
v 35.37845230102539 4.669875144958496 10
v 35.30322265625 4.145506858825684 10
v 35.30322265625 4.145506858825684 10
v 35.236846923828125 3.622511625289917 10
v 35.1793212890625 3.1008899211883545 10
v 35.1793212890625 3.1008899211883545 10
v 35.130645751953125 2.580641746520996 10
v 35.0908203125 2.0617666244506836 10
v 35.0908203125 2.0617666244506836 10
v 35.059844970703125 1.5442650318145752 10
v 35.0377197265625 1.0281366109848022 10
v 35.0377197265625 1.0281366109848022 10
v 35.024444580078125 0.5133816599845886 10
v 35.02001953125 0 10
v 35.02001953125 0 10
v 39.150901794433594 0 10
v 39.157691955566406 0.7121279835700989 10
v 48.99189376831055 26.564971923828125 10
v 49.372989654541016 27.152742385864258 10
v 49.76369857788086 30.95949935913086 10
v 49.76369857788086 30.95949935913086 10
v 29.307130813598633 27.597700119018555 10
v 45.940399169921875 27.597700119018555 10
v 45.940399169921875 27.597700119018555 10
v 45.01115417480469 26.234466552734375 10
v 44.12767791748047 24.898700714111328 10
v 44.12767791748047 24.898700714111328 10
v 43.289974212646484 23.59040069580078 10
v 42.498043060302734 22.309566497802734 10
v 42.498043060302734 22.309566497802734 10
v 41.75188446044922 21.05620002746582 10
v 41.05149841308594 19.830299377441406 10
v 41.05149841308594 19.830299377441406 10
v 40.39384078979492 18.628206253051758 10
v 39.775856018066406 17.44625473022461 10
v 39.775856018066406 17.44625473022461 10
v 39.19755172729492 16.28445053100586 10
v 38.6589241027832 15.142788887023926 10
v 38.6589241027832 15.142788887023926 10
v 38.15997314453125 14.021272659301758 10
v 37.70069885253906 12.919899940490723 10
v 37.70069885253906 12.919899940490723 10
v 37.2533073425293 11.764205932617188 10
v 36.84864044189453 10.626211166381836 10
v 36.84864044189453 10.626211166381836 10
v 36.486698150634766 9.505914688110352 10
v 36.16748046875 8.40331745147705 10
v 36.16748046875 8.40331745147705 10
v 35.8909912109375 7.318419456481934 10
v 35.657230377197266 6.251220226287842 10
v 35.657230377197266 6.251220226287842 10
v 35.462528228759766 5.195616722106934 10
v 35.30322265625 4.145506858825684 10
v 35.30322265625 4.145506858825684 10
v 35.1793212890625 3.1008899211883545 10
v 35.0908203125 2.0617666244506836 10
v 35.0908203125 2.0617666244506836 10
v 35.0377197265625 1.0281366109848022 10
v 35.02001953125 0 10
v 35.02001953125 0 10
v 39.157691955566406 0.7121279835700989 10
v 39.178062438964844 1.4202885627746582 10
v 48.62041091918945 25.988187789916992 10
v 48.99189376831055 26.564971923828125 10
v 49.76369857788086 30.95949935913086 10
v 49.76369857788086 30.95949935913086 10
v 45.940399169921875 27.597700119018555 10
v 44.12767791748047 24.898700714111328 10
v 44.12767791748047 24.898700714111328 10
v 42.498043060302734 22.309566497802734 10
v 41.05149841308594 19.830299377441406 10
v 41.05149841308594 19.830299377441406 10
v 39.775856018066406 17.44625473022461 10
v 38.6589241027832 15.142788887023926 10
v 38.6589241027832 15.142788887023926 10
v 37.70069885253906 12.919899940490723 10
v 36.84864044189453 10.626211166381836 10
v 36.84864044189453 10.626211166381836 10
v 36.16748046875 8.40331745147705 10
v 35.657230377197266 6.251220226287842 10
v 35.657230377197266 6.251220226287842 10
v 35.30322265625 4.145506858825684 10
v 35.0908203125 2.0617666244506836 10
v 35.0908203125 2.0617666244506836 10
v 35.02001953125 0 10
v 39.178062438964844 1.4202885627746582 10
v 48.258544921875 25.422388076782227 10
v 48.62041091918945 25.988187789916992 10
v 49.76369857788086 30.95949935913086 10
v 49.76369857788086 30.95949935913086 10
v 44.12767791748047 24.898700714111328 10
v 41.05149841308594 19.830299377441406 10
v 41.05149841308594 19.830299377441406 10
v 38.6589241027832 15.142788887023926 10
v 36.84864044189453 10.626211166381836 10
v 36.84864044189453 10.626211166381836 10
v 35.657230377197266 6.251220226287842 10
v 35.0908203125 2.0617666244506836 10
v 35.0908203125 2.0617666244506836 10
v 39.178062438964844 1.4202885627746582 10
v 39.212013244628906 2.1244819164276123 10
v 47.90629196166992 24.867576599121094 10
v 48.258544921875 25.422388076782227 10
v 49.76369857788086 30.95949935913086 10
v 49.76369857788086 30.95949935913086 10
v 41.05149841308594 19.830299377441406 10
v 36.84864044189453 10.626211166381836 10
v 36.84864044189453 10.626211166381836 10
v 35.0908203125 2.0617666244506836 10
v 39.212013244628906 2.1244819164276123 10
v 47.56364822387695 24.323749542236328 10
v 47.90629196166992 24.867576599121094 10
v 49.76369857788086 30.95949935913086 10
v 36.84864044189453 10.626211166381836 10
v 39.212013244628906 2.1244819164276123 10
v 39.259544372558594 2.8247077465057373 10
v 47.23062515258789 23.790908813476562 10
v 47.56364822387695 24.323749542236328 10
v 49.76369857788086 30.95949935913086 10
v 36.84864044189453 10.626211166381836 10
v 39.259544372558594 2.8247077465057373 10
v 39.320655822753906 3.5209662914276123 10
v 46.90721130371094 23.26905632019043 10
v 47.23062515258789 23.790908813476562 10
v 49.76369857788086 30.95949935913086 10
v 36.84864044189453 10.626211166381836 10
v 39.320655822753906 3.5209662914276123 10
v 39.39535140991211 4.213257312774658 10
v 46.593414306640625 22.758188247680664 10
v 46.90721130371094 23.26905632019043 10
v 49.76369857788086 30.95949935913086 10
v 36.84864044189453 10.626211166381836 10
v 39.39535140991211 4.213257312774658 10
v 39.48362350463867 4.901581287384033 10
v 46.28922653198242 22.2583065032959 10
v 46.593414306640625 22.758188247680664 10
v 49.76369857788086 30.95949935913086 10
v 36.84864044189453 10.626211166381836 10
v 39.48362350463867 4.901581287384033 10
v 39.58547592163086 5.585937976837158 10
v 45.99465560913086 21.7694091796875 10
v 46.28922653198242 22.2583065032959 10
v 49.76369857788086 30.95949935913086 10
v 36.84864044189453 10.626211166381836 10
v 39.58547592163086 5.585937976837158 10
v 39.70091247558594 6.266326904296875 10
v 45.70970153808594 21.291500091552734 10
v 45.99465560913086 21.7694091796875 10
v 49.76369857788086 30.95949935913086 10
v 36.84864044189453 10.626211166381836 10
v 39.70091247558594 6.266326904296875 10
v 39.82992935180664 6.942748546600342 10
v 45.43450927734375 20.824424743652344 10
v 45.70970153808594 21.291500091552734 10
v 49.76369857788086 30.95949935913086 10
v 36.84864044189453 10.626211166381836 10
v 39.82992935180664 6.942748546600342 10
v 39.9725227355957 7.615202903747559 10
v 45.16923522949219 20.368030548095703 10
v 45.43450927734375 20.824424743652344 10
v 49.76369857788086 30.95949935913086 10
v 36.84864044189453 10.626211166381836 10
v 39.9725227355957 7.615202903747559 10
v 40.128700256347656 8.283690452575684 10
v 44.91387939453125 19.922319412231445 10
v 45.16923522949219 20.368030548095703 10
v 49.76369857788086 30.95949935913086 10
v 36.84864044189453 10.626211166381836 10
v 40.128700256347656 8.283690452575684 10
v 40.29844284057617 8.95095443725586 10
v 44.6684455871582 19.487289428710938 10
v 44.91387939453125 19.922319412231445 10
v 49.76369857788086 30.95949935913086 10
v 36.84864044189453 10.626211166381836 10
v 40.29844284057617 8.95095443725586 10
v 40.48176574707031 9.619746208190918 10
v 44.432926177978516 19.06294059753418 10
v 44.6684455871582 19.487289428710938 10
v 49.76369857788086 30.95949935913086 10
v 36.84864044189453 10.626211166381836 10
v 40.48176574707031 9.619746208190918 10
v 40.67866897583008 10.29006290435791 10
v 44.20732498168945 18.649274826049805 10
v 44.432926177978516 19.06294059753418 10
v 49.76369857788086 30.95949935913086 10
v 36.84864044189453 10.626211166381836 10
v 40.67866897583008 10.29006290435791 10
v 40.889156341552734 10.961906433105469 10
v 43.991641998291016 18.24629020690918 10
v 44.20732498168945 18.649274826049805 10
v 49.76369857788086 30.95949935913086 10
v 36.84864044189453 10.626211166381836 10
v 40.889156341552734 10.961906433105469 10
v 41.113224029541016 11.635276794433594 10
v 43.7858772277832 17.853988647460938 10
v 43.991641998291016 18.24629020690918 10
v 49.76369857788086 30.95949935913086 10
v 36.84864044189453 10.626211166381836 10
v 41.113224029541016 11.635276794433594 10
v 41.35087585449219 12.310172080993652 10
v 43.590030670166016 17.472368240356445 10
v 43.7858772277832 17.853988647460938 10
v 49.76369857788086 30.95949935913086 10
v 36.84864044189453 10.626211166381836 10
v 41.35087585449219 12.310172080993652 10
v 41.602108001708984 12.986595153808594 10
v 43.40410232543945 17.101430892944336 10
v 43.590030670166016 17.472368240356445 10
v 49.76369857788086 30.95949935913086 10
v 36.84864044189453 10.626211166381836 10
v 41.602108001708984 12.986595153808594 10
v 41.866920471191406 13.664543151855469 10
v 43.228092193603516 16.741174697875977 10
v 43.40410232543945 17.101430892944336 10
v 49.76369857788086 30.95949935913086 10
v 36.84864044189453 10.626211166381836 10
v 41.866920471191406 13.664543151855469 10
v 42.14531707763672 14.34401798248291 10
v 43.0620002746582 16.391599655151367 10
v 43.228092193603516 16.741174697875977 10
v 49.76369857788086 30.95949935913086 10
v 36.84864044189453 10.626211166381836 10
v 42.14531707763672 14.34401798248291 10
v 42.43729782104492 15.025018692016602 10
v 42.74285888671875 15.70754623413086 10
v 43.0620002746582 16.391599655151367 10
v 49.76369857788086 30.95949935913086 10
v 36.84864044189453 10.626211166381836 10
v 42.43729782104492 15.025018692016602 10
v 42.74285888671875 15.70754623413086 10
v 42.74285888671875 15.70754623413086 10
v 49.76369857788086 30.95949935913086 10
v 36.84864044189453 10.626211166381836 10
v 49.76369857788086 30.95949935913086 0
v 29.307130813598633 30.95949935913086 0
v 49.76369857788086 30.95949935913086 10
v 29.307130813598633 30.95949935913086 0
v 29.307130813598633 30.95949935913086 10
v 49.76369857788086 30.95949935913086 10
v 29.307130813598633 30.95949935913086 0
v 29.307130813598633 27.597700119018555 0
v 29.307130813598633 30.95949935913086 10
v 29.307130813598633 27.597700119018555 0
v 29.307130813598633 27.597700119018555 10
v 29.307130813598633 30.95949935913086 10
v 29.307130813598633 27.597700119018555 0
v 45.940399169921875 27.597700119018555 0
v 29.307130813598633 27.597700119018555 10
v 45.940399169921875 27.597700119018555 0
v 45.940399169921875 27.597700119018555 10
v 29.307130813598633 27.597700119018555 10
v 45.940399169921875 27.597700119018555 0
v 45.470054626464844 26.912649154663086 0
v 45.940399169921875 27.597700119018555 10
v 45.470054626464844 26.912649154663086 0
v 45.470054626464844 26.912649154663086 10
v 45.940399169921875 27.597700119018555 10
v 45.470054626464844 26.912649154663086 0
v 45.01115417480469 26.234466552734375 0
v 45.470054626464844 26.912649154663086 10
v 45.01115417480469 26.234466552734375 0
v 45.01115417480469 26.234466552734375 10
v 45.470054626464844 26.912649154663086 10
v 45.01115417480469 26.234466552734375 0
v 44.56369400024414 25.56315040588379 0
v 45.01115417480469 26.234466552734375 10
v 44.56369400024414 25.56315040588379 0
v 44.56369400024414 25.56315040588379 10
v 45.01115417480469 26.234466552734375 10
v 44.56369400024414 25.56315040588379 0
v 44.12767791748047 24.898700714111328 0
v 44.56369400024414 25.56315040588379 10
v 44.12767791748047 24.898700714111328 0
v 44.12767791748047 24.898700714111328 10
v 44.56369400024414 25.56315040588379 10
v 44.12767791748047 24.898700714111328 0
v 43.70310592651367 24.241117477416992 0
v 44.12767791748047 24.898700714111328 10
v 43.70310592651367 24.241117477416992 0
v 43.70310592651367 24.241117477416992 10
v 44.12767791748047 24.898700714111328 10
v 43.70310592651367 24.241117477416992 0
v 43.289974212646484 23.59040069580078 0
v 43.70310592651367 24.241117477416992 10
v 43.289974212646484 23.59040069580078 0
v 43.289974212646484 23.59040069580078 10
v 43.70310592651367 24.241117477416992 10
v 43.289974212646484 23.59040069580078 0
v 42.88828659057617 22.946550369262695 0
v 43.289974212646484 23.59040069580078 10
v 42.88828659057617 22.946550369262695 0
v 42.88828659057617 22.946550369262695 10
v 43.289974212646484 23.59040069580078 10
v 42.88828659057617 22.946550369262695 0
v 42.498043060302734 22.309566497802734 0
v 42.88828659057617 22.946550369262695 10
v 42.498043060302734 22.309566497802734 0
v 42.498043060302734 22.309566497802734 10
v 42.88828659057617 22.946550369262695 10
v 42.498043060302734 22.309566497802734 0
v 42.11924362182617 21.6794490814209 0
v 42.498043060302734 22.309566497802734 10
v 42.11924362182617 21.6794490814209 0
v 42.11924362182617 21.6794490814209 10
v 42.498043060302734 22.309566497802734 10
v 42.11924362182617 21.6794490814209 0
v 41.75188446044922 21.05620002746582 0
v 42.11924362182617 21.6794490814209 10
v 41.75188446044922 21.05620002746582 0
v 41.75188446044922 21.05620002746582 10
v 42.11924362182617 21.6794490814209 10
v 41.75188446044922 21.05620002746582 0
v 41.395973205566406 20.439817428588867 0
v 41.75188446044922 21.05620002746582 10
v 41.395973205566406 20.439817428588867 0
v 41.395973205566406 20.439817428588867 10
v 41.75188446044922 21.05620002746582 10
v 41.395973205566406 20.439817428588867 0
v 41.05149841308594 19.830299377441406 0
v 41.395973205566406 20.439817428588867 10
v 41.05149841308594 19.830299377441406 0
v 41.05149841308594 19.830299377441406 10
v 41.395973205566406 20.439817428588867 10
v 41.05149841308594 19.830299377441406 0
v 40.717708587646484 19.226734161376953 0
v 41.05149841308594 19.830299377441406 10
v 40.717708587646484 19.226734161376953 0
v 40.717708587646484 19.226734161376953 10
v 41.05149841308594 19.830299377441406 10
v 40.717708587646484 19.226734161376953 0
v 40.39384078979492 18.628206253051758 0
v 40.717708587646484 19.226734161376953 10
v 40.39384078979492 18.628206253051758 0
v 40.39384078979492 18.628206253051758 10
v 40.717708587646484 19.226734161376953 10
v 40.39384078979492 18.628206253051758 0
v 40.07988739013672 18.034711837768555 0
v 40.39384078979492 18.628206253051758 10
v 40.07988739013672 18.034711837768555 0
v 40.07988739013672 18.034711837768555 10
v 40.39384078979492 18.628206253051758 10
v 40.07988739013672 18.034711837768555 0
v 39.775856018066406 17.44625473022461 0
v 40.07988739013672 18.034711837768555 10
v 39.775856018066406 17.44625473022461 0
v 39.775856018066406 17.44625473022461 10
v 40.07988739013672 18.034711837768555 10
v 39.775856018066406 17.44625473022461 0
v 39.48174285888672 16.862834930419922 0
v 39.775856018066406 17.44625473022461 10
v 39.48174285888672 16.862834930419922 0
v 39.48174285888672 16.862834930419922 10
v 39.775856018066406 17.44625473022461 10
v 39.48174285888672 16.862834930419922 0
v 39.19755172729492 16.28445053100586 0
v 39.48174285888672 16.862834930419922 10
v 39.19755172729492 16.28445053100586 0
v 39.19755172729492 16.28445053100586 10
v 39.48174285888672 16.862834930419922 10
v 39.19755172729492 16.28445053100586 0
v 38.923274993896484 15.711101531982422 0
v 39.19755172729492 16.28445053100586 10
v 38.923274993896484 15.711101531982422 0
v 38.923274993896484 15.711101531982422 10
v 39.19755172729492 16.28445053100586 10
v 38.923274993896484 15.711101531982422 0
v 38.6589241027832 15.142788887023926 0
v 38.923274993896484 15.711101531982422 10
v 38.6589241027832 15.142788887023926 0
v 38.6589241027832 15.142788887023926 10
v 38.923274993896484 15.711101531982422 10
v 38.6589241027832 15.142788887023926 0
v 38.40448760986328 14.579512596130371 0
v 38.6589241027832 15.142788887023926 10
v 38.40448760986328 14.579512596130371 0
v 38.40448760986328 14.579512596130371 10
v 38.6589241027832 15.142788887023926 10
v 38.40448760986328 14.579512596130371 0
v 38.15997314453125 14.021272659301758 0
v 38.40448760986328 14.579512596130371 10
v 38.15997314453125 14.021272659301758 0
v 38.15997314453125 14.021272659301758 10
v 38.40448760986328 14.579512596130371 10
v 38.15997314453125 14.021272659301758 0
v 37.925376892089844 13.46806812286377 0
v 38.15997314453125 14.021272659301758 10
v 37.925376892089844 13.46806812286377 0
v 37.925376892089844 13.46806812286377 10
v 38.15997314453125 14.021272659301758 10
v 37.925376892089844 13.46806812286377 0
v 37.70069885253906 12.919899940490723 0
v 37.925376892089844 13.46806812286377 10
v 37.70069885253906 12.919899940490723 0
v 37.70069885253906 12.919899940490723 10
v 37.925376892089844 13.46806812286377 10
v 37.70069885253906 12.919899940490723 0
v 37.47166061401367 12.33984088897705 0
v 37.70069885253906 12.919899940490723 10
v 37.47166061401367 12.33984088897705 0
v 37.47166061401367 12.33984088897705 10
v 37.70069885253906 12.919899940490723 10
v 37.47166061401367 12.33984088897705 0
v 37.2533073425293 11.764205932617188 0
v 37.47166061401367 12.33984088897705 10
v 37.2533073425293 11.764205932617188 0
v 37.2533073425293 11.764205932617188 10
v 37.47166061401367 12.33984088897705 10
v 37.2533073425293 11.764205932617188 0
v 37.045631408691406 11.19299602508545 0
v 37.2533073425293 11.764205932617188 10
v 37.045631408691406 11.19299602508545 0
v 37.045631408691406 11.19299602508545 10
v 37.2533073425293 11.764205932617188 10
v 37.045631408691406 11.19299602508545 0
v 36.84864044189453 10.626211166381836 0
v 37.045631408691406 11.19299602508545 10
v 36.84864044189453 10.626211166381836 0
v 36.84864044189453 10.626211166381836 10
v 37.045631408691406 11.19299602508545 10
v 36.84864044189453 10.626211166381836 0
v 36.66232681274414 10.063850402832031 0
v 36.84864044189453 10.626211166381836 10
v 36.66232681274414 10.063850402832031 0
v 36.66232681274414 10.063850402832031 10
v 36.84864044189453 10.626211166381836 10
v 36.66232681274414 10.063850402832031 0
v 36.486698150634766 9.505914688110352 0
v 36.66232681274414 10.063850402832031 10
v 36.486698150634766 9.505914688110352 0
v 36.486698150634766 9.505914688110352 10
v 36.66232681274414 10.063850402832031 10
v 36.486698150634766 9.505914688110352 0
v 36.32175064086914 8.952404022216797 0
v 36.486698150634766 9.505914688110352 10
v 36.32175064086914 8.952404022216797 0
v 36.32175064086914 8.952404022216797 10
v 36.486698150634766 9.505914688110352 10
v 36.32175064086914 8.952404022216797 0
v 36.16748046875 8.40331745147705 0
v 36.32175064086914 8.952404022216797 10
v 36.16748046875 8.40331745147705 0
v 36.16748046875 8.40331745147705 10
v 36.32175064086914 8.952404022216797 10
v 36.16748046875 8.40331745147705 0
v 36.023895263671875 7.858656406402588 0
v 36.16748046875 8.40331745147705 10
v 36.023895263671875 7.858656406402588 0
v 36.023895263671875 7.858656406402588 10
v 36.16748046875 8.40331745147705 10
v 36.023895263671875 7.858656406402588 0
v 35.8909912109375 7.318419456481934 0
v 36.023895263671875 7.858656406402588 10
v 35.8909912109375 7.318419456481934 0
v 35.8909912109375 7.318419456481934 10
v 36.023895263671875 7.858656406402588 10
v 35.8909912109375 7.318419456481934 0
v 35.76877212524414 6.782607555389404 0
v 35.8909912109375 7.318419456481934 10
v 35.76877212524414 6.782607555389404 0
v 35.76877212524414 6.782607555389404 10
v 35.8909912109375 7.318419456481934 10
v 35.76877212524414 6.782607555389404 0
v 35.657230377197266 6.251220226287842 0
v 35.76877212524414 6.782607555389404 10
v 35.657230377197266 6.251220226287842 0
v 35.657230377197266 6.251220226287842 10
v 35.76877212524414 6.782607555389404 10
v 35.657230377197266 6.251220226287842 0
v 35.55545425415039 5.722731590270996 0
v 35.657230377197266 6.251220226287842 10
v 35.55545425415039 5.722731590270996 0
v 35.55545425415039 5.722731590270996 10
v 35.657230377197266 6.251220226287842 10
v 35.55545425415039 5.722731590270996 0
v 35.462528228759766 5.195616722106934 0
v 35.55545425415039 5.722731590270996 10
v 35.462528228759766 5.195616722106934 0
v 35.462528228759766 5.195616722106934 10
v 35.55545425415039 5.722731590270996 10
v 35.462528228759766 5.195616722106934 0
v 35.37845230102539 4.669875144958496 0
v 35.462528228759766 5.195616722106934 10
v 35.37845230102539 4.669875144958496 0
v 35.37845230102539 4.669875144958496 10
v 35.462528228759766 5.195616722106934 10
v 35.37845230102539 4.669875144958496 0
v 35.30322265625 4.145506858825684 0
v 35.37845230102539 4.669875144958496 10
v 35.30322265625 4.145506858825684 0
v 35.30322265625 4.145506858825684 10
v 35.37845230102539 4.669875144958496 10
v 35.30322265625 4.145506858825684 0
v 35.236846923828125 3.622511625289917 0
v 35.30322265625 4.145506858825684 10
v 35.236846923828125 3.622511625289917 0
v 35.236846923828125 3.622511625289917 10
v 35.30322265625 4.145506858825684 10
v 35.236846923828125 3.622511625289917 0
v 35.1793212890625 3.1008899211883545 0
v 35.236846923828125 3.622511625289917 10
v 35.1793212890625 3.1008899211883545 0
v 35.1793212890625 3.1008899211883545 10
v 35.236846923828125 3.622511625289917 10
v 35.1793212890625 3.1008899211883545 0
v 35.130645751953125 2.580641746520996 0
v 35.1793212890625 3.1008899211883545 10
v 35.130645751953125 2.580641746520996 0
v 35.130645751953125 2.580641746520996 10
v 35.1793212890625 3.1008899211883545 10
v 35.130645751953125 2.580641746520996 0
v 35.0908203125 2.0617666244506836 0
v 35.130645751953125 2.580641746520996 10
v 35.0908203125 2.0617666244506836 0
v 35.0908203125 2.0617666244506836 10
v 35.130645751953125 2.580641746520996 10
v 35.0908203125 2.0617666244506836 0
v 35.059844970703125 1.5442650318145752 0
v 35.0908203125 2.0617666244506836 10
v 35.059844970703125 1.5442650318145752 0
v 35.059844970703125 1.5442650318145752 10
v 35.0908203125 2.0617666244506836 10
v 35.059844970703125 1.5442650318145752 0
v 35.0377197265625 1.0281366109848022 0
v 35.059844970703125 1.5442650318145752 10
v 35.0377197265625 1.0281366109848022 0
v 35.0377197265625 1.0281366109848022 10
v 35.059844970703125 1.5442650318145752 10
v 35.0377197265625 1.0281366109848022 0
v 35.024444580078125 0.5133816599845886 0
v 35.0377197265625 1.0281366109848022 10
v 35.024444580078125 0.5133816599845886 0
v 35.024444580078125 0.5133816599845886 10
v 35.0377197265625 1.0281366109848022 10
v 35.024444580078125 0.5133816599845886 0
v 35.02001953125 0 0
v 35.024444580078125 0.5133816599845886 10
v 35.02001953125 0 0
v 35.02001953125 0 10
v 35.024444580078125 0.5133816599845886 10
v 35.02001953125 0 0
v 39.150901794433594 0 0
v 35.02001953125 0 10
v 39.150901794433594 0 0
v 39.150901794433594 0 10
v 35.02001953125 0 10
v 39.150901794433594 0 0
v 39.157691955566406 0.7121279835700989 0
v 39.150901794433594 0 10
v 39.157691955566406 0.7121279835700989 0
v 39.157691955566406 0.7121279835700989 10
v 39.150901794433594 0 10
v 39.157691955566406 0.7121279835700989 0
v 39.178062438964844 1.4202885627746582 0
v 39.157691955566406 0.7121279835700989 10
v 39.178062438964844 1.4202885627746582 0
v 39.178062438964844 1.4202885627746582 10
v 39.157691955566406 0.7121279835700989 10
v 39.178062438964844 1.4202885627746582 0
v 39.212013244628906 2.1244819164276123 0
v 39.178062438964844 1.4202885627746582 10
v 39.212013244628906 2.1244819164276123 0
v 39.212013244628906 2.1244819164276123 10
v 39.178062438964844 1.4202885627746582 10
v 39.212013244628906 2.1244819164276123 0
v 39.259544372558594 2.8247077465057373 0
v 39.212013244628906 2.1244819164276123 10
v 39.259544372558594 2.8247077465057373 0
v 39.259544372558594 2.8247077465057373 10
v 39.212013244628906 2.1244819164276123 10
v 39.259544372558594 2.8247077465057373 0
v 39.320655822753906 3.5209662914276123 0
v 39.259544372558594 2.8247077465057373 10
v 39.320655822753906 3.5209662914276123 0
v 39.320655822753906 3.5209662914276123 10
v 39.259544372558594 2.8247077465057373 10
v 39.320655822753906 3.5209662914276123 0
v 39.39535140991211 4.213257312774658 0
v 39.320655822753906 3.5209662914276123 10
v 39.39535140991211 4.213257312774658 0
v 39.39535140991211 4.213257312774658 10
v 39.320655822753906 3.5209662914276123 10
v 39.39535140991211 4.213257312774658 0
v 39.48362350463867 4.901581287384033 0
v 39.39535140991211 4.213257312774658 10
v 39.48362350463867 4.901581287384033 0
v 39.48362350463867 4.901581287384033 10
v 39.39535140991211 4.213257312774658 10
v 39.48362350463867 4.901581287384033 0
v 39.58547592163086 5.585937976837158 0
v 39.48362350463867 4.901581287384033 10
v 39.58547592163086 5.585937976837158 0
v 39.58547592163086 5.585937976837158 10
v 39.48362350463867 4.901581287384033 10
v 39.58547592163086 5.585937976837158 0
v 39.70091247558594 6.266326904296875 0
v 39.58547592163086 5.585937976837158 10
v 39.70091247558594 6.266326904296875 0
v 39.70091247558594 6.266326904296875 10
v 39.58547592163086 5.585937976837158 10
v 39.70091247558594 6.266326904296875 0
v 39.82992935180664 6.942748546600342 0
v 39.70091247558594 6.266326904296875 10
v 39.82992935180664 6.942748546600342 0
v 39.82992935180664 6.942748546600342 10
v 39.70091247558594 6.266326904296875 10
v 39.82992935180664 6.942748546600342 0
v 39.9725227355957 7.615202903747559 0
v 39.82992935180664 6.942748546600342 10
v 39.9725227355957 7.615202903747559 0
v 39.9725227355957 7.615202903747559 10
v 39.82992935180664 6.942748546600342 10
v 39.9725227355957 7.615202903747559 0
v 40.128700256347656 8.283690452575684 0
v 39.9725227355957 7.615202903747559 10
v 40.128700256347656 8.283690452575684 0
v 40.128700256347656 8.283690452575684 10
v 39.9725227355957 7.615202903747559 10
v 40.128700256347656 8.283690452575684 0
v 40.29844284057617 8.95095443725586 0
v 40.128700256347656 8.283690452575684 10
v 40.29844284057617 8.95095443725586 0
v 40.29844284057617 8.95095443725586 10
v 40.128700256347656 8.283690452575684 10
v 40.29844284057617 8.95095443725586 0
v 40.48176574707031 9.619746208190918 0
v 40.29844284057617 8.95095443725586 10
v 40.48176574707031 9.619746208190918 0
v 40.48176574707031 9.619746208190918 10
v 40.29844284057617 8.95095443725586 10
v 40.48176574707031 9.619746208190918 0
v 40.67866897583008 10.29006290435791 0
v 40.48176574707031 9.619746208190918 10
v 40.67866897583008 10.29006290435791 0
v 40.67866897583008 10.29006290435791 10
v 40.48176574707031 9.619746208190918 10
v 40.67866897583008 10.29006290435791 0
v 40.889156341552734 10.961906433105469 0
v 40.67866897583008 10.29006290435791 10
v 40.889156341552734 10.961906433105469 0
v 40.889156341552734 10.961906433105469 10
v 40.67866897583008 10.29006290435791 10
v 40.889156341552734 10.961906433105469 0
v 41.113224029541016 11.635276794433594 0
v 40.889156341552734 10.961906433105469 10
v 41.113224029541016 11.635276794433594 0
v 41.113224029541016 11.635276794433594 10
v 40.889156341552734 10.961906433105469 10
v 41.113224029541016 11.635276794433594 0
v 41.35087585449219 12.310172080993652 0
v 41.113224029541016 11.635276794433594 10
v 41.35087585449219 12.310172080993652 0
v 41.35087585449219 12.310172080993652 10
v 41.113224029541016 11.635276794433594 10
v 41.35087585449219 12.310172080993652 0
v 41.602108001708984 12.986595153808594 0
v 41.35087585449219 12.310172080993652 10
v 41.602108001708984 12.986595153808594 0
v 41.602108001708984 12.986595153808594 10
v 41.35087585449219 12.310172080993652 10
v 41.602108001708984 12.986595153808594 0
v 41.866920471191406 13.664543151855469 0
v 41.602108001708984 12.986595153808594 10
v 41.866920471191406 13.664543151855469 0
v 41.866920471191406 13.664543151855469 10
v 41.602108001708984 12.986595153808594 10
v 41.866920471191406 13.664543151855469 0
v 42.14531707763672 14.34401798248291 0
v 41.866920471191406 13.664543151855469 10
v 42.14531707763672 14.34401798248291 0
v 42.14531707763672 14.34401798248291 10
v 41.866920471191406 13.664543151855469 10
v 42.14531707763672 14.34401798248291 0
v 42.43729782104492 15.025018692016602 0
v 42.14531707763672 14.34401798248291 10
v 42.43729782104492 15.025018692016602 0
v 42.43729782104492 15.025018692016602 10
v 42.14531707763672 14.34401798248291 10
v 42.43729782104492 15.025018692016602 0
v 42.74285888671875 15.70754623413086 0
v 42.43729782104492 15.025018692016602 10
v 42.74285888671875 15.70754623413086 0
v 42.74285888671875 15.70754623413086 10
v 42.43729782104492 15.025018692016602 10
v 42.74285888671875 15.70754623413086 0
v 43.0620002746582 16.391599655151367 0
v 42.74285888671875 15.70754623413086 10
v 43.0620002746582 16.391599655151367 0
v 43.0620002746582 16.391599655151367 10
v 42.74285888671875 15.70754623413086 10
v 43.0620002746582 16.391599655151367 0
v 43.228092193603516 16.741174697875977 0
v 43.0620002746582 16.391599655151367 10
v 43.228092193603516 16.741174697875977 0
v 43.228092193603516 16.741174697875977 10
v 43.0620002746582 16.391599655151367 10
v 43.228092193603516 16.741174697875977 0
v 43.40410232543945 17.101430892944336 0
v 43.228092193603516 16.741174697875977 10
v 43.40410232543945 17.101430892944336 0
v 43.40410232543945 17.101430892944336 10
v 43.228092193603516 16.741174697875977 10
v 43.40410232543945 17.101430892944336 0
v 43.590030670166016 17.472368240356445 0
v 43.40410232543945 17.101430892944336 10
v 43.590030670166016 17.472368240356445 0
v 43.590030670166016 17.472368240356445 10
v 43.40410232543945 17.101430892944336 10
v 43.590030670166016 17.472368240356445 0
v 43.7858772277832 17.853988647460938 0
v 43.590030670166016 17.472368240356445 10
v 43.7858772277832 17.853988647460938 0
v 43.7858772277832 17.853988647460938 10
v 43.590030670166016 17.472368240356445 10
v 43.7858772277832 17.853988647460938 0
v 43.991641998291016 18.24629020690918 0
v 43.7858772277832 17.853988647460938 10
v 43.991641998291016 18.24629020690918 0
v 43.991641998291016 18.24629020690918 10
v 43.7858772277832 17.853988647460938 10
v 43.991641998291016 18.24629020690918 0
v 44.20732498168945 18.649274826049805 0
v 43.991641998291016 18.24629020690918 10
v 44.20732498168945 18.649274826049805 0
v 44.20732498168945 18.649274826049805 10
v 43.991641998291016 18.24629020690918 10
v 44.20732498168945 18.649274826049805 0
v 44.432926177978516 19.06294059753418 0
v 44.20732498168945 18.649274826049805 10
v 44.432926177978516 19.06294059753418 0
v 44.432926177978516 19.06294059753418 10
v 44.20732498168945 18.649274826049805 10
v 44.432926177978516 19.06294059753418 0
v 44.6684455871582 19.487289428710938 0
v 44.432926177978516 19.06294059753418 10
v 44.6684455871582 19.487289428710938 0
v 44.6684455871582 19.487289428710938 10
v 44.432926177978516 19.06294059753418 10
v 44.6684455871582 19.487289428710938 0
v 44.91387939453125 19.922319412231445 0
v 44.6684455871582 19.487289428710938 10
v 44.91387939453125 19.922319412231445 0
v 44.91387939453125 19.922319412231445 10
v 44.6684455871582 19.487289428710938 10
v 44.91387939453125 19.922319412231445 0
v 45.16923522949219 20.368030548095703 0
v 44.91387939453125 19.922319412231445 10
v 45.16923522949219 20.368030548095703 0
v 45.16923522949219 20.368030548095703 10
v 44.91387939453125 19.922319412231445 10
v 45.16923522949219 20.368030548095703 0
v 45.43450927734375 20.824424743652344 0
v 45.16923522949219 20.368030548095703 10
v 45.43450927734375 20.824424743652344 0
v 45.43450927734375 20.824424743652344 10
v 45.16923522949219 20.368030548095703 10
v 45.43450927734375 20.824424743652344 0
v 45.70970153808594 21.291500091552734 0
v 45.43450927734375 20.824424743652344 10
v 45.70970153808594 21.291500091552734 0
v 45.70970153808594 21.291500091552734 10
v 45.43450927734375 20.824424743652344 10
v 45.70970153808594 21.291500091552734 0
v 45.99465560913086 21.7694091796875 0
v 45.70970153808594 21.291500091552734 10
v 45.99465560913086 21.7694091796875 0
v 45.99465560913086 21.7694091796875 10
v 45.70970153808594 21.291500091552734 10
v 45.99465560913086 21.7694091796875 0
v 46.28922653198242 22.2583065032959 0
v 45.99465560913086 21.7694091796875 10
v 46.28922653198242 22.2583065032959 0
v 46.28922653198242 22.2583065032959 10
v 45.99465560913086 21.7694091796875 10
v 46.28922653198242 22.2583065032959 0
v 46.593414306640625 22.758188247680664 0
v 46.28922653198242 22.2583065032959 10
v 46.593414306640625 22.758188247680664 0
v 46.593414306640625 22.758188247680664 10
v 46.28922653198242 22.2583065032959 10
v 46.593414306640625 22.758188247680664 0
v 46.90721130371094 23.26905632019043 0
v 46.593414306640625 22.758188247680664 10
v 46.90721130371094 23.26905632019043 0
v 46.90721130371094 23.26905632019043 10
v 46.593414306640625 22.758188247680664 10
v 46.90721130371094 23.26905632019043 0
v 47.23062515258789 23.790908813476562 0
v 46.90721130371094 23.26905632019043 10
v 47.23062515258789 23.790908813476562 0
v 47.23062515258789 23.790908813476562 10
v 46.90721130371094 23.26905632019043 10
v 47.23062515258789 23.790908813476562 0
v 47.56364822387695 24.323749542236328 0
v 47.23062515258789 23.790908813476562 10
v 47.56364822387695 24.323749542236328 0
v 47.56364822387695 24.323749542236328 10
v 47.23062515258789 23.790908813476562 10
v 47.56364822387695 24.323749542236328 0
v 47.90629196166992 24.867576599121094 0
v 47.56364822387695 24.323749542236328 10
v 47.90629196166992 24.867576599121094 0
v 47.90629196166992 24.867576599121094 10
v 47.56364822387695 24.323749542236328 10
v 47.90629196166992 24.867576599121094 0
v 48.258544921875 25.422388076782227 0
v 47.90629196166992 24.867576599121094 10
v 48.258544921875 25.422388076782227 0
v 48.258544921875 25.422388076782227 10
v 47.90629196166992 24.867576599121094 10
v 48.258544921875 25.422388076782227 0
v 48.62041091918945 25.988187789916992 0
v 48.258544921875 25.422388076782227 10
v 48.62041091918945 25.988187789916992 0
v 48.62041091918945 25.988187789916992 10
v 48.258544921875 25.422388076782227 10
v 48.62041091918945 25.988187789916992 0
v 48.99189376831055 26.564971923828125 0
v 48.62041091918945 25.988187789916992 10
v 48.99189376831055 26.564971923828125 0
v 48.99189376831055 26.564971923828125 10
v 48.62041091918945 25.988187789916992 10
v 48.99189376831055 26.564971923828125 0
v 49.372989654541016 27.152742385864258 0
v 48.99189376831055 26.564971923828125 10
v 49.372989654541016 27.152742385864258 0
v 49.372989654541016 27.152742385864258 10
v 48.99189376831055 26.564971923828125 10
v 49.372989654541016 27.152742385864258 0
v 49.76369857788086 27.75149917602539 0
v 49.372989654541016 27.152742385864258 10
v 49.76369857788086 27.75149917602539 0
v 49.76369857788086 27.75149917602539 10
v 49.372989654541016 27.152742385864258 10
v 49.76369857788086 27.75149917602539 0
v 49.76369857788086 30.95949935913086 0
v 49.76369857788086 27.75149917602539 10
v 49.76369857788086 30.95949935913086 0
v 49.76369857788086 30.95949935913086 10
v 49.76369857788086 27.75149917602539 10
vt 22.979413986206055 11.58692741394043
vt 23.031827926635742 10.87098217010498
vt 23.049299240112305 10.129400253295898
vt 22.769756317138672 12.941910743713379
vt 22.89205551147461 12.277237892150879
vt 22.979413986206055 11.58692741394043
vt 22.420324325561523 14.194350242614746
vt 22.612512588500977 13.580948829650879
vt 22.769756317138672 12.941910743713379
vt 21.931121826171875 15.344244003295898
vt 22.193195343017578 14.78211498260498
vt 22.420324325561523 14.194350242614746
vt 21.302146911621094 16.39159393310547
vt 21.634105682373047 15.8807373046875
vt 21.931121826171875 15.344244003295898
vt 20.53339958190918 17.33639907836914
vt 20.935245513916016 16.876815795898438
vt 21.302146911621094 16.39159393310547
vt 19.64566421508789 18.155502319335938
vt 20.101816177368164 17.76456642150879
vt 20.53339958190918 17.33639907836914
vt 18.65965461730957 18.8256778717041
vt 19.16494369506836 18.509206771850586
vt 19.64566421508789 18.155502319335938
vt 17.575374603271484 19.346925735473633
vt 18.129798889160156 19.104917526245117
vt 18.65965461730957 18.8256778717041
vt 16.392822265625 19.7192440032959
vt 16.996381759643555 19.551700592041016
vt 17.575374603271484 19.346925735473633
vt 15.111997604370117 19.942636489868164
vt 15.764694213867188 19.84955596923828
vt 16.392822265625 19.7192440032959
vt 13.73289966583252 20.017099380493164
vt 14.434732437133789 19.998483657836914
vt 15.111997604370117 19.942636489868164
vt 12.906499862670898 19.988107681274414
vt 13.315732955932617 20.009851455688477
vt 13.73289966583252 20.017099380493164
vt 12.111832618713379 19.901132583618164
vt 12.505199432373047 19.951868057250977
vt 12.906499862670898 19.988107681274414
vt 11.348897933959961 19.756174087524414
vt 11.726398468017578 19.835901260375977
vt 12.111832618713379 19.901132583618164
vt 10.617695808410645 19.553234100341797
vt 10.979330062866211 19.66195297241211
vt 11.348897933959961 19.756174087524414
vt 9.91822624206543 19.292308807373047
vt 10.263994216918945 19.43001937866211
vt 10.617695808410645 19.553234100341797
vt 9.250490188598633 18.973400115966797
vt 9.580391883850098 19.14010238647461
vt 9.91822624206543 19.292308807373047
vt 8.623047828674316 18.598949432373047
vt 8.930665016174316 18.79281234741211
vt 9.250490188598633 18.973400115966797
vt 8.04443359375 18.17140007019043
vt 8.32763671875 18.391813278198242
vt 8.623047828674316 18.598949432373047
vt 7.514647483825684 17.690750122070312
vt 7.773437023162842 17.937711715698242
vt 8.04443359375 18.17140007019043
vt 7.033689975738525 17.156999588012695
vt 7.268064975738525 17.430513381958008
vt 7.514647483825684 17.690750122070312
vt 6.601561069488525 16.57015037536621
vt 6.811522006988525 16.87021255493164
vt 7.033689975738525 17.156999588012695
vt 6.218259811401367 15.93019962310791
vt 6.403806686401367 16.256813049316406
vt 6.601561069488525 16.57015037536621
vt 22.192399978637695 25.114700317382812
vt 18.41309928894043 24.4335994720459
vt 18.203134536743164 25.03723907470703
vt 21.855785369873047 26.118732452392578
vt 22.033170700073242 25.62755012512207
vt 22.192399978637695 25.114700317382812
vt 21.446544647216797 27.036100387573242
vt 21.66024398803711 26.58824920654297
vt 21.855785369873047 26.118732452392578
vt 20.964675903320312 27.86680030822754
vt 21.21468734741211 27.462284088134766
vt 21.446544647216797 27.036100387573242
vt 20.41017723083496 28.6108341217041
vt 20.696504592895508 28.249649047851562
vt 20.964675903320312 27.86680030822754
vt 19.783052444458008 29.268199920654297
vt 20.105693817138672 28.950349807739258
vt 20.41017723083496 28.6108341217041
vt 19.08329963684082 29.838899612426758
vt 19.4422550201416 29.564382553100586
vt 19.783052444458008 29.268199920654297
vt 18.31088638305664 30.322288513183594
vt 18.7061710357666 30.091581344604492
vt 19.08329963684082 29.838899612426758
vt 17.465845108032227 30.717788696289062
vt 17.897443771362305 30.531024932861328
vt 18.31088638305664 30.322288513183594
vt 16.548175811767578 31.025400161743164
vt 17.016088485717773 30.882579803466797
vt 17.465845108032227 30.717788696289062
vt 15.557877540588379 31.2451229095459
vt 16.062105178833008 31.14624786376953
vt 16.548175811767578 31.025400161743164
vt 14.494953155517578 31.376955032348633
vt 15.035493850708008 31.322025299072266
vt 15.557877540588379 31.2451229095459
vt 13.359399795532227 31.420900344848633
vt 13.936254501342773 31.409914016723633
vt 14.494953155517578 31.376955032348633
vt 11.654679298400879 31.301271438598633
vt 12.490102767944336 31.390993118286133
vt 13.359399795532227 31.420900344848633
vt 10.085458755493164 30.9423885345459
vt 10.853132247924805 31.151737213134766
vt 11.654679298400879 31.301271438598633
vt 8.651737213134766 30.344249725341797
vt 9.35166072845459 30.673227310180664
vt 10.085458755493164 30.9423885345459
vt 7.353515625 29.506855010986328
vt 7.985689163208008 29.955459594726562
vt 8.651737213134766 30.344249725341797
vt 6.190793037414551 28.430206298828125
vt 6.7552170753479 28.998437881469727
vt 7.353515625 29.506855010986328
vt 5.163569927215576 27.114299774169922
vt 5.660243988037109 27.802160263061523
vt 6.190793037414551 28.430206298828125
vt 4.284055709838867 25.574974060058594
vt 4.703824043273926 26.370576858520508
vt 5.163569927215576 27.114299774169922
vt 3.564453363418579 23.82813262939453
vt 3.9042656421661377 24.727493286132812
vt 4.284055709838867 25.574974060058594
vt 3.0047624111175537 21.873775482177734
vt 3.2646188735961914 22.876893997192383
vt 3.564453363418579 23.82813262939453
vt 2.604983329772949 19.71190071105957
vt 2.784883975982666 20.818777084350586
vt 3.0047624111175537 21.873775482177734
vt 2.3651158809661865 17.34250831604004
vt 2.4650607109069824 18.553144454956055
vt 2.604983329772949 19.71190071105957
vt 2.2851600646972656 14.765600204467773
vt 2.3051488399505615 16.079994201660156
vt 2.3651158809661865 17.34250831604004
vt 2.3620641231536865 12.388289451599121
vt 2.3043861389160156 13.552377700805664
vt 2.2851600646972656 14.765600204467773
vt 6.613770008087158 10.89840030670166
vt 2.4581942558288574 11.273333549499512
vt 2.3620641231536865 12.388289451599121
vt 2.4581942558288574 11.273333549499512
vt 6.613770008087158 10.89840030670166
vt 6.619415760040283 10.506560325622559
vt 2.765810966491699 9.19081974029541
vt 2.5927767753601074 10.207509994506836
vt 2.4581942558288574 11.273333549499512
vt 3.227236032485962 7.304838180541992
vt 2.97729754447937 8.223262786865234
vt 2.765810966491699 9.19081974029541
vt 3.8424694538116455 5.615387916564941
vt 3.5156266689300537 6.435546875
vt 3.227236032485962 7.304838180541992
vt 4.61151123046875 4.122469902038574
vt 4.207764148712158 4.844362735748291
vt 3.8424694538116455 5.615387916564941
vt 5.5322265625 2.828524351119995
vt 5.053709983825684 3.449709892272949
vt 4.61151123046875 4.122469902038574
vt 6.591800689697266 1.7482011318206787
vt 6.044923782348633 2.261354684829712
vt 5.5322265625 2.828524351119995
vt 7.788094997406006 0.883942723274231
vt 7.172857761383057 1.2890639305114746
vt 6.591800689697266 1.7482011318206787
vt 9.121109962463379 0.23574891686439514
vt 8.437512397766113 0.5328377485275269
vt 7.788094997406006 0.883942723274231
vt 10.590846061706543 -0.19638031721115112
vt 9.838888168334961 -0.00732377776876092
vt 9.121109962463379 0.23574891686439514
vt 12.197301864624023 -0.41244491934776306
vt 11.376983642578125 -0.3314206898212433
vt 10.590846061706543 -0.19638031721115112
vt 13.817779541015625 -0.41976916790008545
vt 13.051799774169922 -0.43945300579071045
vt 12.197301864624023 -0.41244491934776306
vt 15.265512466430664 -0.26229843497276306
vt 14.555683135986328 -0.36071762442588806
vt 13.817779541015625 -0.41976916790008545
vt 16.6009464263916 0.05264300853013992
vt 15.947266578674316 -0.12451155483722687
vt 15.265512466430664 -0.26229843497276306
vt 17.824079513549805 0.5250551700592041
vt 17.22654914855957 0.2691652476787567
vt 16.6009464263916 0.05264300853013992
vt 18.934911727905273 1.1549381017684937
vt 18.39353370666504 0.8203127980232239
vt 17.824079513549805 0.5250551700592041
vt 19.93344497680664 1.9422916173934937
vt 19.448217391967773 1.5289310216903687
vt 18.934911727905273 1.1549381017684937
vt 20.81525421142578 2.88177490234375
vt 20.390600204467773 2.395020008087158
vt 19.93344497680664 1.9422916173934937
vt 21.553781509399414 3.941344976425171
vt 21.202980041503906 3.397216558456421
vt 20.81525421142578 2.88177490234375
vt 22.144603729248047 5.11566162109375
vt 21.86765480041504 4.51416015625
vt 21.553781509399414 3.941344976425171
vt 22.58772087097168 6.404725074768066
vt 22.384624481201172 5.745850086212158
vt 22.144603729248047 5.11566162109375
vt 22.88313102722168 7.808535099029541
vt 22.753889083862305 7.092286586761475
vt 22.58772087097168 6.404725074768066
vt 23.03083610534668 9.327091217041016
vt 22.975446701049805 8.55346965789795
vt 22.88313102722168 7.808535099029541
vt 22.979413986206055 11.58692741394043
vt 23.049299240112305 10.129400253295898
vt 23.03083610534668 9.327091217041016
vt 22.420324325561523 14.194350242614746
vt 22.769756317138672 12.941910743713379
vt 22.979413986206055 11.58692741394043
vt 21.302146911621094 16.39159393310547
vt 21.931121826171875 15.344244003295898
vt 22.420324325561523 14.194350242614746
vt 19.64566421508789 18.155502319335938
vt 20.53339958190918 17.33639907836914
vt 21.302146911621094 16.39159393310547
vt 17.575374603271484 19.346925735473633
vt 18.65965461730957 18.8256778717041
vt 19.64566421508789 18.155502319335938
vt 15.111997604370117 19.942636489868164
vt 16.392822265625 19.7192440032959
vt 17.575374603271484 19.346925735473633
vt 12.906499862670898 19.988107681274414
vt 13.73289966583252 20.017099380493164
vt 15.111997604370117 19.942636489868164
vt 11.348897933959961 19.756174087524414
vt 12.111832618713379 19.901132583618164
vt 12.906499862670898 19.988107681274414
vt 9.91822624206543 19.292308807373047
vt 10.617695808410645 19.553234100341797
vt 11.348897933959961 19.756174087524414
vt 8.623047828674316 18.598949432373047
vt 9.250490188598633 18.973400115966797
vt 9.91822624206543 19.292308807373047
vt 7.514647483825684 17.690750122070312
vt 8.04443359375 18.17140007019043
vt 8.623047828674316 18.598949432373047
vt 6.601561069488525 16.57015037536621
vt 7.033689975738525 17.156999588012695
vt 7.514647483825684 17.690750122070312
vt 22.192399978637695 25.114700317382812
vt 18.203134536743164 25.03723907470703
vt 17.95410919189453 25.58838653564453
vt 21.446544647216797 27.036100387573242
vt 21.855785369873047 26.118732452392578
vt 22.192399978637695 25.114700317382812
vt 20.41017723083496 28.6108341217041
vt 20.964675903320312 27.86680030822754
vt 21.446544647216797 27.036100387573242
vt 19.08329963684082 29.838899612426758
vt 19.783052444458008 29.268199920654297
vt 20.41017723083496 28.6108341217041
vt 17.465845108032227 30.717788696289062
vt 18.31088638305664 30.322288513183594
vt 19.08329963684082 29.838899612426758
vt 15.557877540588379 31.2451229095459
vt 16.548175811767578 31.025400161743164
vt 17.465845108032227 30.717788696289062
vt 13.359399795532227 31.420900344848633
vt 14.494953155517578 31.376955032348633
vt 15.557877540588379 31.2451229095459
vt 10.085458755493164 30.9423885345459
vt 11.654679298400879 31.301271438598633
vt 13.359399795532227 31.420900344848633
vt 7.353515625 29.506855010986328
vt 8.651737213134766 30.344249725341797
vt 10.085458755493164 30.9423885345459
vt 5.163569927215576 27.114299774169922
vt 6.190793037414551 28.430206298828125
vt 7.353515625 29.506855010986328
vt 3.564453363418579 23.82813262939453
vt 4.284055709838867 25.574974060058594
vt 5.163569927215576 27.114299774169922
vt 2.604983329772949 19.71190071105957
vt 3.0047624111175537 21.873775482177734
vt 3.564453363418579 23.82813262939453
vt 2.2851600646972656 14.765600204467773
vt 2.3651158809661865 17.34250831604004
vt 2.604983329772949 19.71190071105957
vt 6.613770008087158 10.89840030670166
vt 2.3620641231536865 12.388289451599121
vt 2.2851600646972656 14.765600204467773
vt 2.4581942558288574 11.273333549499512
vt 6.619415760040283 10.506560325622559
vt 6.636353015899658 10.122044563293457
vt 3.227236032485962 7.304838180541992
vt 2.765810966491699 9.19081974029541
vt 2.4581942558288574 11.273333549499512
vt 4.61151123046875 4.122469902038574
vt 3.8424694538116455 5.615387916564941
vt 3.227236032485962 7.304838180541992
vt 6.591800689697266 1.7482011318206787
vt 5.5322265625 2.828524351119995
vt 4.61151123046875 4.122469902038574
vt 9.121109962463379 0.23574891686439514
vt 7.788094997406006 0.883942723274231
vt 6.591800689697266 1.7482011318206787
vt 12.197301864624023 -0.41244491934776306
vt 10.590846061706543 -0.19638031721115112
vt 9.121109962463379 0.23574891686439514
vt 15.265512466430664 -0.26229843497276306
vt 13.817779541015625 -0.41976916790008545
vt 12.197301864624023 -0.41244491934776306
vt 17.824079513549805 0.5250551700592041
vt 16.6009464263916 0.05264300853013992
vt 15.265512466430664 -0.26229843497276306
vt 19.93344497680664 1.9422916173934937
vt 18.934911727905273 1.1549381017684937
vt 17.824079513549805 0.5250551700592041
vt 21.553781509399414 3.941344976425171
vt 20.81525421142578 2.88177490234375
vt 19.93344497680664 1.9422916173934937
vt 22.58772087097168 6.404725074768066
vt 22.144603729248047 5.11566162109375
vt 21.553781509399414 3.941344976425171
vt 23.03083610534668 9.327091217041016
vt 22.88313102722168 7.808535099029541
vt 22.58772087097168 6.404725074768066
vt 22.420324325561523 14.194350242614746
vt 22.979413986206055 11.58692741394043
vt 23.03083610534668 9.327091217041016
vt 19.64566421508789 18.155502319335938
vt 21.302146911621094 16.39159393310547
vt 22.420324325561523 14.194350242614746
vt 15.111997604370117 19.942636489868164
vt 17.575374603271484 19.346925735473633
vt 19.64566421508789 18.155502319335938
vt 11.348897933959961 19.756174087524414
vt 12.906499862670898 19.988107681274414
vt 15.111997604370117 19.942636489868164
vt 8.623047828674316 18.598949432373047
vt 9.91822624206543 19.292308807373047
vt 11.348897933959961 19.756174087524414
vt 6.601561069488525 16.57015037536621
vt 7.514647483825684 17.690750122070312
vt 8.623047828674316 18.598949432373047
vt 22.192399978637695 25.114700317382812
vt 17.95410919189453 25.58838653564453
vt 17.666019439697266 26.08704376220703
vt 20.41017723083496 28.6108341217041
vt 21.446544647216797 27.036100387573242
vt 22.192399978637695 25.114700317382812
vt 17.465845108032227 30.717788696289062
vt 19.08329963684082 29.838899612426758
vt 20.41017723083496 28.6108341217041
vt 13.359399795532227 31.420900344848633
vt 15.557877540588379 31.2451229095459
vt 17.465845108032227 30.717788696289062
vt 7.353515625 29.506855010986328
vt 10.085458755493164 30.9423885345459
vt 13.359399795532227 31.420900344848633
vt 3.564453363418579 23.82813262939453
vt 5.163569927215576 27.114299774169922
vt 7.353515625 29.506855010986328
vt 2.2851600646972656 14.765600204467773
vt 2.604983329772949 19.71190071105957
vt 3.564453363418579 23.82813262939453
vt 6.625595569610596 11.362347602844238
vt 6.613770008087158 10.89840030670166
vt 2.2851600646972656 14.765600204467773
vt 2.4581942558288574 11.273333549499512
vt 6.636353015899658 10.122044563293457
vt 6.664581775665283 9.744852066040039
vt 4.61151123046875 4.122469902038574
vt 3.227236032485962 7.304838180541992
vt 2.4581942558288574 11.273333549499512
vt 9.121109962463379 0.23574891686439514
vt 6.591800689697266 1.7482011318206787
vt 4.61151123046875 4.122469902038574
vt 15.265512466430664 -0.26229843497276306
vt 12.197301864624023 -0.41244491934776306
vt 9.121109962463379 0.23574891686439514
vt 19.93344497680664 1.9422916173934937
vt 17.824079513549805 0.5250551700592041
vt 15.265512466430664 -0.26229843497276306
vt 22.58772087097168 6.404725074768066
vt 21.553781509399414 3.941344976425171
vt 19.93344497680664 1.9422916173934937
vt 22.420324325561523 14.194350242614746
vt 23.03083610534668 9.327091217041016
vt 22.58772087097168 6.404725074768066
vt 15.111997604370117 19.942636489868164
vt 19.64566421508789 18.155502319335938
vt 22.420324325561523 14.194350242614746
vt 8.623047828674316 18.598949432373047
vt 11.348897933959961 19.756174087524414
vt 15.111997604370117 19.942636489868164
vt 6.218259811401367 15.93019962310791
vt 6.601561069488525 16.57015037536621
vt 8.623047828674316 18.598949432373047
vt 22.192399978637695 25.114700317382812
vt 17.666019439697266 26.08704376220703
vt 17.3388671875 26.53321075439453
vt 17.465845108032227 30.717788696289062
vt 20.41017723083496 28.6108341217041
vt 22.192399978637695 25.114700317382812
vt 7.353515625 29.506855010986328
vt 13.359399795532227 31.420900344848633
vt 17.465845108032227 30.717788696289062
vt 2.2851600646972656 14.765600204467773
vt 3.564453363418579 23.82813262939453
vt 7.353515625 29.506855010986328
vt 6.661072254180908 11.809358596801758
vt 6.625595569610596 11.362347602844238
vt 2.2851600646972656 14.765600204467773
vt 2.4581942558288574 11.273333549499512
vt 6.664581775665283 9.744852066040039
vt 6.704102039337158 9.374983787536621
vt 9.121109962463379 0.23574891686439514
vt 4.61151123046875 4.122469902038574
vt 2.4581942558288574 11.273333549499512
vt 19.93344497680664 1.9422916173934937
vt 15.265512466430664 -0.26229843497276306
vt 9.121109962463379 0.23574891686439514
vt 22.420324325561523 14.194350242614746
vt 22.58772087097168 6.404725074768066
vt 19.93344497680664 1.9422916173934937
vt 6.218259811401367 15.93019962310791
vt 8.623047828674316 18.598949432373047
vt 15.111997604370117 19.942636489868164
vt 22.192399978637695 25.114700317382812
vt 17.3388671875 26.53321075439453
vt 16.972652435302734 26.92688751220703
vt 6.720200061798096 12.239431381225586
vt 6.661072254180908 11.809358596801758
vt 2.2851600646972656 14.765600204467773
vt 2.4581942558288574 11.273333549499512
vt 6.704102039337158 9.374983787536621
vt 6.754914283752441 9.012438774108887
vt 22.192399978637695 25.114700317382812
vt 16.972652435302734 26.92688751220703
vt 16.56737518310547 27.268075942993164
vt 6.802978992462158 12.652566909790039
vt 6.720200061798096 12.239431381225586
vt 2.2851600646972656 14.765600204467773
vt 2.4581942558288574 11.273333549499512
vt 6.754914283752441 9.012438774108887
vt 6.817017555236816 8.657217025756836
vt 22.192399978637695 25.114700317382812
vt 16.56737518310547 27.268075942993164
vt 16.123035430908203 27.556772232055664
vt 6.909409046173096 13.0487642288208
vt 6.802978992462158 12.652566909790039
vt 2.2851600646972656 14.765600204467773
vt 2.4581942558288574 11.273333549499512
vt 6.817017555236816 8.657217025756836
vt 6.890412330627441 8.309320449829102
vt 22.192399978637695 25.114700317382812
vt 16.123035430908203 27.556772232055664
vt 15.639633178710938 27.792978286743164
vt 7.039490222930908 13.428025245666504
vt 6.909409046173096 13.0487642288208
vt 2.2851600646972656 14.765600204467773
vt 2.4581942558288574 11.273333549499512
vt 6.890412330627441 8.309320449829102
vt 6.975099086761475 7.968746662139893
vt 17.465845108032227 30.717788696289062
vt 22.192399978637695 25.114700317382812
vt 15.639633178710938 27.792978286743164
vt 7.1932220458984375 13.790348052978516
vt 7.039490222930908 13.428025245666504
vt 2.2851600646972656 14.765600204467773
vt 2.4581942558288574 11.273333549499512
vt 6.975099086761475 7.968746662139893
vt 7.0710768699646 7.635497093200684
vt 17.465845108032227 30.717788696289062
vt 15.639633178710938 27.792978286743164
vt 15.117168426513672 27.976694107055664
vt 7.37060546875 14.135733604431152
vt 7.1932220458984375 13.790348052978516
vt 2.2851600646972656 14.765600204467773
vt 2.4581942558288574 11.273333549499512
vt 7.0710768699646 7.635497093200684
vt 7.178346157073975 7.309570789337158
vt 17.465845108032227 30.717788696289062
vt 15.117168426513672 27.976694107055664
vt 14.555642127990723 28.107919692993164
vt 7.5716400146484375 14.464180946350098
vt 7.37060546875 14.135733604431152
vt 2.2851600646972656 14.765600204467773
vt 2.4581942558288574 11.273333549499512
vt 7.178346157073975 7.309570789337158
vt 7.296907424926758 6.990968704223633
vt 17.465845108032227 30.717788696289062
vt 14.555642127990723 28.107919692993164
vt 13.955052375793457 28.186655044555664
vt 7.79632568359375 14.775691986083984
vt 7.5716400146484375 14.464180946350098
vt 2.2851600646972656 14.765600204467773
vt 2.4581942558288574 11.273333549499512
vt 7.296907424926758 6.990968704223633
vt 7.426760196685791 6.679689884185791
vt 17.465845108032227 30.717788696289062
vt 13.955052375793457 28.186655044555664
vt 13.315400123596191 28.212900161743164
vt 8.044662475585938 15.07026481628418
vt 7.79632568359375 14.775691986083984
vt 2.2851600646972656 14.765600204467773
vt 2.4581942558288574 11.273333549499512
vt 7.426760196685791 6.679689884185791
vt 7.5664544105529785 6.377641201019287
vt 17.465845108032227 30.717788696289062
vt 13.315400123596191 28.212900161743164
vt 12.762044906616211 28.191003799438477
vt 8.316650390625 15.347900390625
vt 8.044662475585938 15.07026481628418
vt 2.2851600646972656 14.765600204467773
vt 2.4581942558288574 11.273333549499512
vt 7.5664544105529785 6.377641201019287
vt 7.714540958404541 6.086731433868408
vt 17.465845108032227 30.717788696289062
vt 12.762044906616211 28.191003799438477
vt 12.229898452758789 28.125314712524414
vt 8.60785961151123 15.605851173400879
vt 8.316650390625 15.347900390625
vt 2.2851600646972656 14.765600204467773
vt 2.4581942558288574 11.273333549499512
vt 7.714540958404541 6.086731433868408
vt 7.8710198402404785 5.806960582733154
vt 17.465845108032227 30.717788696289062
vt 12.229898452758789 28.125314712524414
vt 11.718961715698242 28.015830993652344
vt 8.913870811462402 15.8413724899292
vt 8.60785961151123 15.605851173400879
vt 2.2851600646972656 14.765600204467773
vt 2.4581942558288574 11.273333549499512
vt 7.8710198402404785 5.806960582733154
vt 8.03589153289795 5.538329124450684
vt 17.465845108032227 30.717788696289062
vt 11.718961715698242 28.015830993652344
vt 11.22923469543457 27.86255645751953
vt 9.234683990478516 16.054462432861328
vt 8.913870811462402 15.8413724899292
vt 2.2851600646972656 14.765600204467773
vt 2.4581942558288574 11.273333549499512
vt 8.03589153289795 5.538329124450684
vt 8.20915412902832 5.28083610534668
vt 17.465845108032227 30.717788696289062
vt 11.22923469543457 27.86255645751953
vt 10.760716438293457 27.66548728942871
vt 9.570300102233887 16.2451229095459
vt 9.234683990478516 16.054462432861328
vt 2.2851600646972656 14.765600204467773
vt 2.4581942558288574 11.273333549499512
vt 8.20915412902832 5.28083610534668
vt 8.390810012817383 5.034482479095459
vt 7.353515625 29.506855010986328
vt 17.465845108032227 30.717788696289062
vt 10.760716438293457 27.66548728942871
vt 9.920717239379883 16.41335105895996
vt 9.570300102233887 16.2451229095459
vt 2.2851600646972656 14.765600204467773
vt 2.4581942558288574 11.273333549499512
vt 8.390810012817383 5.034482479095459
vt 8.58085823059082 4.799267768859863
vt 7.353515625 29.506855010986328
vt 10.760716438293457 27.66548728942871
vt 10.313407897949219 27.424625396728516
vt 10.285937309265137 16.55915069580078
vt 9.920717239379883 16.41335105895996
vt 2.2851600646972656 14.765600204467773
vt 2.4581942558288574 11.273333549499512
vt 8.58085823059082 4.799267768859863
vt 8.779297828674316 4.575192451477051
vt 7.353515625 29.506855010986328
vt 10.313407897949219 27.424625396728516
vt 9.887308120727539 27.139970779418945
vt 10.665959358215332 16.682518005371094
vt 10.285937309265137 16.55915069580078
vt 2.2851600646972656 14.765600204467773
vt 9.121109962463379 0.23574891686439514
vt 2.4581942558288574 11.273333549499512
vt 8.779297828674316 4.575192451477051
vt 7.353515625 29.506855010986328
vt 9.887308120727539 27.139970779418945
vt 9.482418060302734 26.811521530151367
vt 11.060783386230469 16.78345489501953
vt 10.665959358215332 16.682518005371094
vt 2.2851600646972656 14.765600204467773
vt 9.121109962463379 0.23574891686439514
vt 8.779297828674316 4.575192451477051
vt 8.986129760742188 4.362255573272705
vt 7.353515625 29.506855010986328
vt 9.482418060302734 26.811521530151367
vt 9.098736763000488 26.439281463623047
vt 9.121109962463379 0.23574891686439514
vt 8.986129760742188 4.362255573272705
vt 9.201354026794434 4.160458087921143
vt 7.353515625 29.506855010986328
vt 9.098736763000488 26.439281463623047
vt 8.736265182495117 26.02324676513672
vt 9.121109962463379 0.23574891686439514
vt 9.201354026794434 4.160458087921143
vt 9.424971580505371 3.969799518585205
vt 7.353515625 29.506855010986328
vt 8.736265182495117 26.02324676513672
vt 8.395003318786621 25.563419342041016
vt 9.121109962463379 0.23574891686439514
vt 9.424971580505371 3.969799518585205
vt 9.65697956085205 3.7902801036834717
vt 7.353515625 29.506855010986328
vt 8.395003318786621 25.563419342041016
vt 8.074950218200684 25.059799194335938
vt 9.121109962463379 0.23574891686439514
vt 9.65697956085205 3.7902801036834717
vt 9.896159172058105 3.623577833175659
vt 7.353515625 29.506855010986328
vt 8.074950218200684 25.059799194335938
vt 7.778395175933838 24.514677047729492
vt 9.121109962463379 0.23574891686439514
vt 9.896159172058105 3.623577833175659
vt 10.141288757324219 3.471371650695801
vt 7.353515625 29.506855010986328
vt 7.778395175933838 24.514677047729492
vt 7.507627964019775 23.930339813232422
vt 9.121109962463379 0.23574891686439514
vt 10.141288757324219 3.471371650695801
vt 10.392370223999023 3.3336613178253174
vt 7.353515625 29.506855010986328
vt 7.507627964019775 23.930339813232422
vt 7.262648105621338 23.306787490844727
vt 9.121109962463379 0.23574891686439514
vt 10.392370223999023 3.3336613178253174
vt 10.649402618408203 3.21044659614563
vt 7.353515625 29.506855010986328
vt 7.262648105621338 23.306787490844727
vt 7.043455600738525 22.64402198791504
vt 9.121109962463379 0.23574891686439514
vt 10.649402618408203 3.21044659614563
vt 10.912385940551758 3.1017279624938965
vt 7.353515625 29.506855010986328
vt 7.043455600738525 22.64402198791504
vt 6.850050449371338 21.94204330444336
vt 9.121109962463379 0.23574891686439514
vt 10.912385940551758 3.1017279624938965
vt 11.181320190429688 3.007504940032959
vt 7.353515625 29.506855010986328
vt 6.850050449371338 21.94204330444336
vt 6.682432651519775 21.200849533081055
vt 9.121109962463379 0.23574891686439514
vt 11.181320190429688 3.007504940032959
vt 11.456205368041992 2.9277780055999756
vt 7.353515625 29.506855010986328
vt 6.682432651519775 21.200849533081055
vt 6.540602207183838 20.420442581176758
vt 9.121109962463379 0.23574891686439514
vt 11.456205368041992 2.9277780055999756
vt 11.737042427062988 2.862546682357788
vt 7.353515625 29.506855010986328
vt 6.540602207183838 20.420442581176758
vt 6.424559116363525 19.60082244873047
vt 9.121109962463379 0.23574891686439514
vt 11.737042427062988 2.862546682357788
vt 12.02383041381836 2.8118112087249756
vt 7.353515625 29.506855010986328
vt 6.424559116363525 19.60082244873047
vt 6.33430290222168 18.741987228393555
vt 9.121109962463379 0.23574891686439514
vt 12.02383041381836 2.8118112087249756
vt 12.316569328308105 2.775571584701538
vt 2.2851600646972656 14.765600204467773
vt 7.353515625 29.506855010986328
vt 6.33430290222168 18.741987228393555
vt 9.121109962463379 0.23574891686439514
vt 12.316569328308105 2.775571584701538
vt 12.615259170532227 2.7538278102874756
vt 2.2851600646972656 14.765600204467773
vt 6.33430290222168 18.741987228393555
vt 6.269834518432617 17.84393882751465
vt 9.121109962463379 0.23574891686439514
vt 12.615259170532227 2.7538278102874756
vt 12.919899940490723 2.746579885482788
vt 2.2851600646972656 14.765600204467773
vt 6.269834518432617 17.84393882751465
vt 6.23115348815918 16.90667724609375
vt 9.121109962463379 0.23574891686439514
vt 12.919899940490723 2.746579885482788
vt 13.38743782043457 2.7599315643310547
vt 2.2851600646972656 14.765600204467773
vt 6.23115348815918 16.90667724609375
vt 6.218259811401367 15.93019962310791
vt 9.121109962463379 0.23574891686439514
vt 13.38743782043457 2.7599315643310547
vt 13.837882995605469 2.799985885620117
vt 11.060783386230469 16.78345489501953
vt 2.2851600646972656 14.765600204467773
vt 6.218259811401367 15.93019962310791
vt 9.121109962463379 0.23574891686439514
vt 13.837882995605469 2.799985885620117
vt 14.27123737335205 2.8667430877685547
vt 11.060783386230469 16.78345489501953
vt 6.218259811401367 15.93019962310791
vt 15.111997604370117 19.942636489868164
vt 9.121109962463379 0.23574891686439514
vt 14.27123737335205 2.8667430877685547
vt 14.6875 2.9602034091949463
vt 11.470409393310547 16.861963272094727
vt 11.060783386230469 16.78345489501953
vt 15.111997604370117 19.942636489868164
vt 9.121109962463379 0.23574891686439514
vt 14.6875 2.9602034091949463
vt 15.086670875549316 3.080366373062134
vt 11.894837379455566 16.918039321899414
vt 11.470409393310547 16.861963272094727
vt 15.111997604370117 19.942636489868164
vt 9.121109962463379 0.23574891686439514
vt 15.086670875549316 3.080366373062134
vt 15.46875 3.2272324562072754
vt 12.334067344665527 16.951684951782227
vt 11.894837379455566 16.918039321899414
vt 15.111997604370117 19.942636489868164
vt 19.93344497680664 1.9422916173934937
vt 9.121109962463379 0.23574891686439514
vt 15.46875 3.2272324562072754
vt 12.788100242614746 16.962900161743164
vt 12.334067344665527 16.951684951782227
vt 15.111997604370117 19.942636489868164
vt 19.93344497680664 1.9422916173934937
vt 15.46875 3.2272324562072754
vt 15.83373737335205 3.400801420211792
vt 13.269814491271973 16.95023536682129
vt 12.788100242614746 16.962900161743164
vt 15.111997604370117 19.942636489868164
vt 19.93344497680664 1.9422916173934937
vt 15.83373737335205 3.400801420211792
vt 16.18163299560547 3.6010732650756836
vt 13.733525276184082 16.912240982055664
vt 13.269814491271973 16.95023536682129
vt 15.111997604370117 19.942636489868164
vt 19.93344497680664 1.9422916173934937
vt 16.18163299560547 3.6010732650756836
vt 16.51243782043457 3.8280482292175293
vt 14.179231643676758 16.848918914794922
vt 13.733525276184082 16.912240982055664
vt 15.111997604370117 19.942636489868164
vt 19.93344497680664 1.9422916173934937
vt 16.51243782043457 3.8280482292175293
vt 16.82615089416504 4.081725597381592
vt 14.60693359375 16.76026725769043
vt 14.179231643676758 16.848918914794922
vt 15.111997604370117 19.942636489868164
vt 19.93344497680664 1.9422916173934937
vt 16.82615089416504 4.081725597381592
vt 17.122770309448242 4.3621063232421875
vt 15.016631126403809 16.646286010742188
vt 14.60693359375 16.76026725769043
vt 15.111997604370117 19.942636489868164
vt 19.93344497680664 1.9422916173934937
vt 17.122770309448242 4.3621063232421875
vt 17.402299880981445 4.669189929962158
vt 15.016631126403809 16.646286010742188
vt 15.111997604370117 19.942636489868164
vt 22.420324325561523 14.194350242614746
vt 19.93344497680664 1.9422916173934937
vt 17.402299880981445 4.669189929962158
vt 17.66200828552246 4.999619483947754
vt 15.4083251953125 16.506975173950195
vt 15.016631126403809 16.646286010742188
vt 22.420324325561523 14.194350242614746
vt 19.93344497680664 1.9422916173934937
vt 17.66200828552246 4.999619483947754
vt 17.899133682250977 5.350037574768066
vt 15.782014846801758 16.342334747314453
vt 15.4083251953125 16.506975173950195
vt 22.420324325561523 14.194350242614746
vt 19.93344497680664 1.9422916173934937
vt 17.899133682250977 5.350037574768066
vt 18.11367416381836 5.720445156097412
vt 16.137699127197266 16.152366638183594
vt 15.782014846801758 16.342334747314453
vt 22.420324325561523 14.194350242614746
vt 19.93344497680664 1.9422916173934937
vt 18.11367416381836 5.720445156097412
vt 18.305633544921875 6.110841274261475
vt 16.47538185119629 15.937068939208984
vt 16.137699127197266 16.152366638183594
vt 22.420324325561523 14.194350242614746
vt 19.93344497680664 1.9422916173934937
vt 18.305633544921875 6.110841274261475
vt 18.475008010864258 6.521225929260254
vt 16.795059204101562 15.696441650390625
vt 16.47538185119629 15.937068939208984
vt 22.420324325561523 14.194350242614746
vt 19.93344497680664 1.9422916173934937
vt 18.475008010864258 6.521225929260254
vt 18.62179946899414 6.951600074768066
vt 17.096731185913086 15.430485725402832
vt 16.795059204101562 15.696441650390625
vt 22.420324325561523 14.194350242614746
vt 19.93344497680664 1.9422916173934937
vt 18.62179946899414 6.951600074768066
vt 18.746007919311523 7.401962757110596
vt 17.380399703979492 15.139200210571289
vt 17.096731185913086 15.430485725402832
vt 22.420324325561523 14.194350242614746
vt 19.93344497680664 1.9422916173934937
vt 18.746007919311523 7.401962757110596
vt 18.847633361816406 7.872314453125
vt 17.643606185913086 14.824552536010742
vt 17.380399703979492 15.139200210571289
vt 22.420324325561523 14.194350242614746
vt 19.93344497680664 1.9422916173934937
vt 18.847633361816406 7.872314453125
vt 18.92667579650879 8.362654685974121
vt 17.88392448425293 14.488544464111328
vt 17.643606185913086 14.824552536010742
vt 22.420324325561523 14.194350242614746
vt 19.93344497680664 1.9422916173934937
vt 18.92667579650879 8.362654685974121
vt 18.98313331604004 8.872984886169434
vt 18.101356506347656 14.131175994873047
vt 17.88392448425293 14.488544464111328
vt 22.420324325561523 14.194350242614746
vt 19.93344497680664 1.9422916173934937
vt 18.98313331604004 8.872984886169434
vt 19.01700782775879 9.403303146362305
vt 18.295900344848633 13.752445220947266
vt 18.101356506347656 14.131175994873047
vt 22.420324325561523 14.194350242614746
vt 19.93344497680664 1.9422916173934937
vt 19.01700782775879 9.403303146362305
vt 19.02829933166504 9.95361042022705
vt 18.46755599975586 13.352354049682617
vt 18.295900344848633 13.752445220947266
vt 22.420324325561523 14.194350242614746
vt 19.93344497680664 1.9422916173934937
vt 19.02829933166504 9.95361042022705
vt 19.016857147216797 10.503228187561035
vt 18.61632537841797 12.930902481079102
vt 18.46755599975586 13.352354049682617
vt 22.420324325561523 14.194350242614746
vt 19.93344497680664 1.9422916173934937
vt 19.016857147216797 10.503228187561035
vt 18.982524871826172 11.031484603881836
vt 18.742206573486328 12.488089561462402
vt 18.61632537841797 12.930902481079102
vt 22.420324325561523 14.194350242614746
vt 22.420324325561523 14.194350242614746
vt 19.93344497680664 1.9422916173934937
vt 18.982524871826172 11.031484603881836
vt 18.845199584960938 12.02391529083252
vt 18.742206573486328 12.488089561462402
vt 22.420324325561523 14.194350242614746
vt 22.420324325561523 14.194350242614746
vt 18.982524871826172 11.031484603881836
vt 18.92530632019043 11.53838062286377
vt 18.92530632019043 11.53838062286377
vt 18.845199584960938 12.02391529083252
vt 22.420324325561523 14.194350242614746
vt 23.049299240112305 10.129400253295898
vt 23.031827926635742 10.87098217010498
vt 22.979413986206055 11.58692741394043
vt 22.979413986206055 11.58692741394043
vt 22.89205551147461 12.277237892150879
vt 22.769756317138672 12.941910743713379
vt 22.769756317138672 12.941910743713379
vt 22.612512588500977 13.580948829650879
vt 22.420324325561523 14.194350242614746
vt 22.420324325561523 14.194350242614746
vt 22.193195343017578 14.78211498260498
vt 21.931121826171875 15.344244003295898
vt 21.931121826171875 15.344244003295898
vt 21.634105682373047 15.8807373046875
vt 21.302146911621094 16.39159393310547
vt 21.302146911621094 16.39159393310547
vt 20.935245513916016 16.876815795898438
vt 20.53339958190918 17.33639907836914
vt 20.53339958190918 17.33639907836914
vt 20.101816177368164 17.76456642150879
vt 19.64566421508789 18.155502319335938
vt 19.64566421508789 18.155502319335938
vt 19.16494369506836 18.509206771850586
vt 18.65965461730957 18.8256778717041
vt 18.65965461730957 18.8256778717041
vt 18.129798889160156 19.104917526245117
vt 17.575374603271484 19.346925735473633
vt 17.575374603271484 19.346925735473633
vt 16.996381759643555 19.551700592041016
vt 16.392822265625 19.7192440032959
vt 16.392822265625 19.7192440032959
vt 15.764694213867188 19.84955596923828
vt 15.111997604370117 19.942636489868164
vt 15.111997604370117 19.942636489868164
vt 14.434732437133789 19.998483657836914
vt 13.73289966583252 20.017099380493164
vt 13.73289966583252 20.017099380493164
vt 13.315732955932617 20.009851455688477
vt 12.906499862670898 19.988107681274414
vt 12.906499862670898 19.988107681274414
vt 12.505199432373047 19.951868057250977
vt 12.111832618713379 19.901132583618164
vt 12.111832618713379 19.901132583618164
vt 11.726398468017578 19.835901260375977
vt 11.348897933959961 19.756174087524414
vt 11.348897933959961 19.756174087524414
vt 10.979330062866211 19.66195297241211
vt 10.617695808410645 19.553234100341797
vt 10.617695808410645 19.553234100341797
vt 10.263994216918945 19.43001937866211
vt 9.91822624206543 19.292308807373047
vt 9.91822624206543 19.292308807373047
vt 9.580391883850098 19.14010238647461
vt 9.250490188598633 18.973400115966797
vt 9.250490188598633 18.973400115966797
vt 8.930665016174316 18.79281234741211
vt 8.623047828674316 18.598949432373047
vt 8.623047828674316 18.598949432373047
vt 8.32763671875 18.391813278198242
vt 8.04443359375 18.17140007019043
vt 8.04443359375 18.17140007019043
vt 7.773437023162842 17.937711715698242
vt 7.514647483825684 17.690750122070312
vt 7.514647483825684 17.690750122070312
vt 7.268064975738525 17.430513381958008
vt 7.033689975738525 17.156999588012695
vt 7.033689975738525 17.156999588012695
vt 6.811522006988525 16.87021255493164
vt 6.601561069488525 16.57015037536621
vt 6.601561069488525 16.57015037536621
vt 6.403806686401367 16.256813049316406
vt 6.218259811401367 15.93019962310791
vt 18.203134536743164 25.03723907470703
vt 18.41309928894043 24.4335994720459
vt 22.192399978637695 25.114700317382812
vt 22.192399978637695 25.114700317382812
vt 22.033170700073242 25.62755012512207
vt 21.855785369873047 26.118732452392578
vt 21.855785369873047 26.118732452392578
vt 21.66024398803711 26.58824920654297
vt 21.446544647216797 27.036100387573242
vt 21.446544647216797 27.036100387573242
vt 21.21468734741211 27.462284088134766
vt 20.964675903320312 27.86680030822754
vt 20.964675903320312 27.86680030822754
vt 20.696504592895508 28.249649047851562
vt 20.41017723083496 28.6108341217041
vt 20.41017723083496 28.6108341217041
vt 20.105693817138672 28.950349807739258
vt 19.783052444458008 29.268199920654297
vt 19.783052444458008 29.268199920654297
vt 19.4422550201416 29.564382553100586
vt 19.08329963684082 29.838899612426758
vt 19.08329963684082 29.838899612426758
vt 18.7061710357666 30.091581344604492
vt 18.31088638305664 30.322288513183594
vt 18.31088638305664 30.322288513183594
vt 17.897443771362305 30.531024932861328
vt 17.465845108032227 30.717788696289062
vt 17.465845108032227 30.717788696289062
vt 17.016088485717773 30.882579803466797
vt 16.548175811767578 31.025400161743164
vt 16.548175811767578 31.025400161743164
vt 16.062105178833008 31.14624786376953
vt 15.557877540588379 31.2451229095459
vt 15.557877540588379 31.2451229095459
vt 15.035493850708008 31.322025299072266
vt 14.494953155517578 31.376955032348633
vt 14.494953155517578 31.376955032348633
vt 13.936254501342773 31.409914016723633
vt 13.359399795532227 31.420900344848633
vt 13.359399795532227 31.420900344848633
vt 12.490102767944336 31.390993118286133
vt 11.654679298400879 31.301271438598633
vt 11.654679298400879 31.301271438598633
vt 10.853132247924805 31.151737213134766
vt 10.085458755493164 30.9423885345459
vt 10.085458755493164 30.9423885345459
vt 9.35166072845459 30.673227310180664
vt 8.651737213134766 30.344249725341797
vt 8.651737213134766 30.344249725341797
vt 7.985689163208008 29.955459594726562
vt 7.353515625 29.506855010986328
vt 7.353515625 29.506855010986328
vt 6.7552170753479 28.998437881469727
vt 6.190793037414551 28.430206298828125
vt 6.190793037414551 28.430206298828125
vt 5.660243988037109 27.802160263061523
vt 5.163569927215576 27.114299774169922
vt 5.163569927215576 27.114299774169922
vt 4.703824043273926 26.370576858520508
vt 4.284055709838867 25.574974060058594
vt 4.284055709838867 25.574974060058594
vt 3.9042656421661377 24.727493286132812
vt 3.564453363418579 23.82813262939453
vt 3.564453363418579 23.82813262939453
vt 3.2646188735961914 22.876893997192383
vt 3.0047624111175537 21.873775482177734
vt 3.0047624111175537 21.873775482177734
vt 2.784883975982666 20.818777084350586
vt 2.604983329772949 19.71190071105957
vt 2.604983329772949 19.71190071105957
vt 2.4650607109069824 18.553144454956055
vt 2.3651158809661865 17.34250831604004
vt 2.3651158809661865 17.34250831604004
vt 2.3051488399505615 16.079994201660156
vt 2.2851600646972656 14.765600204467773
vt 2.2851600646972656 14.765600204467773
vt 2.3043861389160156 13.552377700805664
vt 2.3620641231536865 12.388289451599121
vt 2.3620641231536865 12.388289451599121
vt 2.4581942558288574 11.273333549499512
vt 6.613770008087158 10.89840030670166
vt 6.619415760040283 10.506560325622559
vt 6.613770008087158 10.89840030670166
vt 2.4581942558288574 11.273333549499512
vt 2.4581942558288574 11.273333549499512
vt 2.5927767753601074 10.207509994506836
vt 2.765810966491699 9.19081974029541
vt 2.765810966491699 9.19081974029541
vt 2.97729754447937 8.223262786865234
vt 3.227236032485962 7.304838180541992
vt 3.227236032485962 7.304838180541992
vt 3.5156266689300537 6.435546875
vt 3.8424694538116455 5.615387916564941
vt 3.8424694538116455 5.615387916564941
vt 4.207764148712158 4.844362735748291
vt 4.61151123046875 4.122469902038574
vt 4.61151123046875 4.122469902038574
vt 5.053709983825684 3.449709892272949
vt 5.5322265625 2.828524351119995
vt 5.5322265625 2.828524351119995
vt 6.044923782348633 2.261354684829712
vt 6.591800689697266 1.7482011318206787
vt 6.591800689697266 1.7482011318206787
vt 7.172857761383057 1.2890639305114746
vt 7.788094997406006 0.883942723274231
vt 7.788094997406006 0.883942723274231
vt 8.437512397766113 0.5328377485275269
vt 9.121109962463379 0.23574891686439514
vt 9.121109962463379 0.23574891686439514
vt 9.838888168334961 -0.00732377776876092
vt 10.590846061706543 -0.19638031721115112
vt 10.590846061706543 -0.19638031721115112
vt 11.376983642578125 -0.3314206898212433
vt 12.197301864624023 -0.41244491934776306
vt 12.197301864624023 -0.41244491934776306
vt 13.051799774169922 -0.43945300579071045
vt 13.817779541015625 -0.41976916790008545
vt 13.817779541015625 -0.41976916790008545
vt 14.555683135986328 -0.36071762442588806
vt 15.265512466430664 -0.26229843497276306
vt 15.265512466430664 -0.26229843497276306
vt 15.947266578674316 -0.12451155483722687
vt 16.6009464263916 0.05264300853013992
vt 16.6009464263916 0.05264300853013992
vt 17.22654914855957 0.2691652476787567
vt 17.824079513549805 0.5250551700592041
vt 17.824079513549805 0.5250551700592041
vt 18.39353370666504 0.8203127980232239
vt 18.934911727905273 1.1549381017684937
vt 18.934911727905273 1.1549381017684937
vt 19.448217391967773 1.5289310216903687
vt 19.93344497680664 1.9422916173934937
vt 19.93344497680664 1.9422916173934937
vt 20.390600204467773 2.395020008087158
vt 20.81525421142578 2.88177490234375
vt 20.81525421142578 2.88177490234375
vt 21.202980041503906 3.397216558456421
vt 21.553781509399414 3.941344976425171
vt 21.553781509399414 3.941344976425171
vt 21.86765480041504 4.51416015625
vt 22.144603729248047 5.11566162109375
vt 22.144603729248047 5.11566162109375
vt 22.384624481201172 5.745850086212158
vt 22.58772087097168 6.404725074768066
vt 22.58772087097168 6.404725074768066
vt 22.753889083862305 7.092286586761475
vt 22.88313102722168 7.808535099029541
vt 22.88313102722168 7.808535099029541
vt 22.975446701049805 8.55346965789795
vt 23.03083610534668 9.327091217041016
vt 23.03083610534668 9.327091217041016
vt 23.049299240112305 10.129400253295898
vt 22.979413986206055 11.58692741394043
vt 22.979413986206055 11.58692741394043
vt 22.769756317138672 12.941910743713379
vt 22.420324325561523 14.194350242614746
vt 22.420324325561523 14.194350242614746
vt 21.931121826171875 15.344244003295898
vt 21.302146911621094 16.39159393310547
vt 21.302146911621094 16.39159393310547
vt 20.53339958190918 17.33639907836914
vt 19.64566421508789 18.155502319335938
vt 19.64566421508789 18.155502319335938
vt 18.65965461730957 18.8256778717041
vt 17.575374603271484 19.346925735473633
vt 17.575374603271484 19.346925735473633
vt 16.392822265625 19.7192440032959
vt 15.111997604370117 19.942636489868164
vt 15.111997604370117 19.942636489868164
vt 13.73289966583252 20.017099380493164
vt 12.906499862670898 19.988107681274414
vt 12.906499862670898 19.988107681274414
vt 12.111832618713379 19.901132583618164
vt 11.348897933959961 19.756174087524414
vt 11.348897933959961 19.756174087524414
vt 10.617695808410645 19.553234100341797
vt 9.91822624206543 19.292308807373047
vt 9.91822624206543 19.292308807373047
vt 9.250490188598633 18.973400115966797
vt 8.623047828674316 18.598949432373047
vt 8.623047828674316 18.598949432373047
vt 8.04443359375 18.17140007019043
vt 7.514647483825684 17.690750122070312
vt 7.514647483825684 17.690750122070312
vt 7.033689975738525 17.156999588012695
vt 6.601561069488525 16.57015037536621
vt 17.95410919189453 25.58838653564453
vt 18.203134536743164 25.03723907470703
vt 22.192399978637695 25.114700317382812
vt 22.192399978637695 25.114700317382812
vt 21.855785369873047 26.118732452392578
vt 21.446544647216797 27.036100387573242
vt 21.446544647216797 27.036100387573242
vt 20.964675903320312 27.86680030822754
vt 20.41017723083496 28.6108341217041
vt 20.41017723083496 28.6108341217041
vt 19.783052444458008 29.268199920654297
vt 19.08329963684082 29.838899612426758
vt 19.08329963684082 29.838899612426758
vt 18.31088638305664 30.322288513183594
vt 17.465845108032227 30.717788696289062
vt 17.465845108032227 30.717788696289062
vt 16.548175811767578 31.025400161743164
vt 15.557877540588379 31.2451229095459
vt 15.557877540588379 31.2451229095459
vt 14.494953155517578 31.376955032348633
vt 13.359399795532227 31.420900344848633
vt 13.359399795532227 31.420900344848633
vt 11.654679298400879 31.301271438598633
vt 10.085458755493164 30.9423885345459
vt 10.085458755493164 30.9423885345459
vt 8.651737213134766 30.344249725341797
vt 7.353515625 29.506855010986328
vt 7.353515625 29.506855010986328
vt 6.190793037414551 28.430206298828125
vt 5.163569927215576 27.114299774169922
vt 5.163569927215576 27.114299774169922
vt 4.284055709838867 25.574974060058594
vt 3.564453363418579 23.82813262939453
vt 3.564453363418579 23.82813262939453
vt 3.0047624111175537 21.873775482177734
vt 2.604983329772949 19.71190071105957
vt 2.604983329772949 19.71190071105957
vt 2.3651158809661865 17.34250831604004
vt 2.2851600646972656 14.765600204467773
vt 2.2851600646972656 14.765600204467773
vt 2.3620641231536865 12.388289451599121
vt 6.613770008087158 10.89840030670166
vt 6.636353015899658 10.122044563293457
vt 6.619415760040283 10.506560325622559
vt 2.4581942558288574 11.273333549499512
vt 2.4581942558288574 11.273333549499512
vt 2.765810966491699 9.19081974029541
vt 3.227236032485962 7.304838180541992
vt 3.227236032485962 7.304838180541992
vt 3.8424694538116455 5.615387916564941
vt 4.61151123046875 4.122469902038574
vt 4.61151123046875 4.122469902038574
vt 5.5322265625 2.828524351119995
vt 6.591800689697266 1.7482011318206787
vt 6.591800689697266 1.7482011318206787
vt 7.788094997406006 0.883942723274231
vt 9.121109962463379 0.23574891686439514
vt 9.121109962463379 0.23574891686439514
vt 10.590846061706543 -0.19638031721115112
vt 12.197301864624023 -0.41244491934776306
vt 12.197301864624023 -0.41244491934776306
vt 13.817779541015625 -0.41976916790008545
vt 15.265512466430664 -0.26229843497276306
vt 15.265512466430664 -0.26229843497276306
vt 16.6009464263916 0.05264300853013992
vt 17.824079513549805 0.5250551700592041
vt 17.824079513549805 0.5250551700592041
vt 18.934911727905273 1.1549381017684937
vt 19.93344497680664 1.9422916173934937
vt 19.93344497680664 1.9422916173934937
vt 20.81525421142578 2.88177490234375
vt 21.553781509399414 3.941344976425171
vt 21.553781509399414 3.941344976425171
vt 22.144603729248047 5.11566162109375
vt 22.58772087097168 6.404725074768066
vt 22.58772087097168 6.404725074768066
vt 22.88313102722168 7.808535099029541
vt 23.03083610534668 9.327091217041016
vt 23.03083610534668 9.327091217041016
vt 22.979413986206055 11.58692741394043
vt 22.420324325561523 14.194350242614746
vt 22.420324325561523 14.194350242614746
vt 21.302146911621094 16.39159393310547
vt 19.64566421508789 18.155502319335938
vt 19.64566421508789 18.155502319335938
vt 17.575374603271484 19.346925735473633
vt 15.111997604370117 19.942636489868164
vt 15.111997604370117 19.942636489868164
vt 12.906499862670898 19.988107681274414
vt 11.348897933959961 19.756174087524414
vt 11.348897933959961 19.756174087524414
vt 9.91822624206543 19.292308807373047
vt 8.623047828674316 18.598949432373047
vt 8.623047828674316 18.598949432373047
vt 7.514647483825684 17.690750122070312
vt 6.601561069488525 16.57015037536621
vt 17.666019439697266 26.08704376220703
vt 17.95410919189453 25.58838653564453
vt 22.192399978637695 25.114700317382812
vt 22.192399978637695 25.114700317382812
vt 21.446544647216797 27.036100387573242
vt 20.41017723083496 28.6108341217041
vt 20.41017723083496 28.6108341217041
vt 19.08329963684082 29.838899612426758
vt 17.465845108032227 30.717788696289062
vt 17.465845108032227 30.717788696289062
vt 15.557877540588379 31.2451229095459
vt 13.359399795532227 31.420900344848633
vt 13.359399795532227 31.420900344848633
vt 10.085458755493164 30.9423885345459
vt 7.353515625 29.506855010986328
vt 7.353515625 29.506855010986328
vt 5.163569927215576 27.114299774169922
vt 3.564453363418579 23.82813262939453
vt 3.564453363418579 23.82813262939453
vt 2.604983329772949 19.71190071105957
vt 2.2851600646972656 14.765600204467773
vt 2.2851600646972656 14.765600204467773
vt 6.613770008087158 10.89840030670166
vt 6.625595569610596 11.362347602844238
vt 6.664581775665283 9.744852066040039
vt 6.636353015899658 10.122044563293457
vt 2.4581942558288574 11.273333549499512
vt 2.4581942558288574 11.273333549499512
vt 3.227236032485962 7.304838180541992
vt 4.61151123046875 4.122469902038574
vt 4.61151123046875 4.122469902038574
vt 6.591800689697266 1.7482011318206787
vt 9.121109962463379 0.23574891686439514
vt 9.121109962463379 0.23574891686439514
vt 12.197301864624023 -0.41244491934776306
vt 15.265512466430664 -0.26229843497276306
vt 15.265512466430664 -0.26229843497276306
vt 17.824079513549805 0.5250551700592041
vt 19.93344497680664 1.9422916173934937
vt 19.93344497680664 1.9422916173934937
vt 21.553781509399414 3.941344976425171
vt 22.58772087097168 6.404725074768066
vt 22.58772087097168 6.404725074768066
vt 23.03083610534668 9.327091217041016
vt 22.420324325561523 14.194350242614746
vt 22.420324325561523 14.194350242614746
vt 19.64566421508789 18.155502319335938
vt 15.111997604370117 19.942636489868164
vt 15.111997604370117 19.942636489868164
vt 11.348897933959961 19.756174087524414
vt 8.623047828674316 18.598949432373047
vt 8.623047828674316 18.598949432373047
vt 6.601561069488525 16.57015037536621
vt 6.218259811401367 15.93019962310791
vt 17.3388671875 26.53321075439453
vt 17.666019439697266 26.08704376220703
vt 22.192399978637695 25.114700317382812
vt 22.192399978637695 25.114700317382812
vt 20.41017723083496 28.6108341217041
vt 17.465845108032227 30.717788696289062
vt 17.465845108032227 30.717788696289062
vt 13.359399795532227 31.420900344848633
vt 7.353515625 29.506855010986328
vt 7.353515625 29.506855010986328
vt 3.564453363418579 23.82813262939453
vt 2.2851600646972656 14.765600204467773
vt 2.2851600646972656 14.765600204467773
vt 6.625595569610596 11.362347602844238
vt 6.661072254180908 11.809358596801758
vt 6.704102039337158 9.374983787536621
vt 6.664581775665283 9.744852066040039
vt 2.4581942558288574 11.273333549499512
vt 2.4581942558288574 11.273333549499512
vt 4.61151123046875 4.122469902038574
vt 9.121109962463379 0.23574891686439514
vt 9.121109962463379 0.23574891686439514
vt 15.265512466430664 -0.26229843497276306
vt 19.93344497680664 1.9422916173934937
vt 19.93344497680664 1.9422916173934937
vt 22.58772087097168 6.404725074768066
vt 22.420324325561523 14.194350242614746
vt 15.111997604370117 19.942636489868164
vt 8.623047828674316 18.598949432373047
vt 6.218259811401367 15.93019962310791
vt 16.972652435302734 26.92688751220703
vt 17.3388671875 26.53321075439453
vt 22.192399978637695 25.114700317382812
vt 2.2851600646972656 14.765600204467773
vt 6.661072254180908 11.809358596801758
vt 6.720200061798096 12.239431381225586
vt 6.754914283752441 9.012438774108887
vt 6.704102039337158 9.374983787536621
vt 2.4581942558288574 11.273333549499512
vt 16.56737518310547 27.268075942993164
vt 16.972652435302734 26.92688751220703
vt 22.192399978637695 25.114700317382812
vt 2.2851600646972656 14.765600204467773
vt 6.720200061798096 12.239431381225586
vt 6.802978992462158 12.652566909790039
vt 6.817017555236816 8.657217025756836
vt 6.754914283752441 9.012438774108887
vt 2.4581942558288574 11.273333549499512
vt 16.123035430908203 27.556772232055664
vt 16.56737518310547 27.268075942993164
vt 22.192399978637695 25.114700317382812
vt 2.2851600646972656 14.765600204467773
vt 6.802978992462158 12.652566909790039
vt 6.909409046173096 13.0487642288208
vt 6.890412330627441 8.309320449829102
vt 6.817017555236816 8.657217025756836
vt 2.4581942558288574 11.273333549499512
vt 15.639633178710938 27.792978286743164
vt 16.123035430908203 27.556772232055664
vt 22.192399978637695 25.114700317382812
vt 2.2851600646972656 14.765600204467773
vt 6.909409046173096 13.0487642288208
vt 7.039490222930908 13.428025245666504
vt 6.975099086761475 7.968746662139893
vt 6.890412330627441 8.309320449829102
vt 2.4581942558288574 11.273333549499512
vt 15.639633178710938 27.792978286743164
vt 22.192399978637695 25.114700317382812
vt 17.465845108032227 30.717788696289062
vt 2.2851600646972656 14.765600204467773
vt 7.039490222930908 13.428025245666504
vt 7.1932220458984375 13.790348052978516
vt 7.0710768699646 7.635497093200684
vt 6.975099086761475 7.968746662139893
vt 2.4581942558288574 11.273333549499512
vt 15.117168426513672 27.976694107055664
vt 15.639633178710938 27.792978286743164
vt 17.465845108032227 30.717788696289062
vt 2.2851600646972656 14.765600204467773
vt 7.1932220458984375 13.790348052978516
vt 7.37060546875 14.135733604431152
vt 7.178346157073975 7.309570789337158
vt 7.0710768699646 7.635497093200684
vt 2.4581942558288574 11.273333549499512
vt 14.555642127990723 28.107919692993164
vt 15.117168426513672 27.976694107055664
vt 17.465845108032227 30.717788696289062
vt 2.2851600646972656 14.765600204467773
vt 7.37060546875 14.135733604431152
vt 7.5716400146484375 14.464180946350098
vt 7.296907424926758 6.990968704223633
vt 7.178346157073975 7.309570789337158
vt 2.4581942558288574 11.273333549499512
vt 13.955052375793457 28.186655044555664
vt 14.555642127990723 28.107919692993164
vt 17.465845108032227 30.717788696289062
vt 2.2851600646972656 14.765600204467773
vt 7.5716400146484375 14.464180946350098
vt 7.79632568359375 14.775691986083984
vt 7.426760196685791 6.679689884185791
vt 7.296907424926758 6.990968704223633
vt 2.4581942558288574 11.273333549499512
vt 13.315400123596191 28.212900161743164
vt 13.955052375793457 28.186655044555664
vt 17.465845108032227 30.717788696289062
vt 2.2851600646972656 14.765600204467773
vt 7.79632568359375 14.775691986083984
vt 8.044662475585938 15.07026481628418
vt 7.5664544105529785 6.377641201019287
vt 7.426760196685791 6.679689884185791
vt 2.4581942558288574 11.273333549499512
vt 12.762044906616211 28.191003799438477
vt 13.315400123596191 28.212900161743164
vt 17.465845108032227 30.717788696289062
vt 2.2851600646972656 14.765600204467773
vt 8.044662475585938 15.07026481628418
vt 8.316650390625 15.347900390625
vt 7.714540958404541 6.086731433868408
vt 7.5664544105529785 6.377641201019287
vt 2.4581942558288574 11.273333549499512
vt 12.229898452758789 28.125314712524414
vt 12.762044906616211 28.191003799438477
vt 17.465845108032227 30.717788696289062
vt 2.2851600646972656 14.765600204467773
vt 8.316650390625 15.347900390625
vt 8.60785961151123 15.605851173400879
vt 7.8710198402404785 5.806960582733154
vt 7.714540958404541 6.086731433868408
vt 2.4581942558288574 11.273333549499512
vt 11.718961715698242 28.015830993652344
vt 12.229898452758789 28.125314712524414
vt 17.465845108032227 30.717788696289062
vt 2.2851600646972656 14.765600204467773
vt 8.60785961151123 15.605851173400879
vt 8.913870811462402 15.8413724899292
vt 8.03589153289795 5.538329124450684
vt 7.8710198402404785 5.806960582733154
vt 2.4581942558288574 11.273333549499512
vt 11.22923469543457 27.86255645751953
vt 11.718961715698242 28.015830993652344
vt 17.465845108032227 30.717788696289062
vt 2.2851600646972656 14.765600204467773
vt 8.913870811462402 15.8413724899292
vt 9.234683990478516 16.054462432861328
vt 8.20915412902832 5.28083610534668
vt 8.03589153289795 5.538329124450684
vt 2.4581942558288574 11.273333549499512
vt 10.760716438293457 27.66548728942871
vt 11.22923469543457 27.86255645751953
vt 17.465845108032227 30.717788696289062
vt 2.2851600646972656 14.765600204467773
vt 9.234683990478516 16.054462432861328
vt 9.570300102233887 16.2451229095459
vt 8.390810012817383 5.034482479095459
vt 8.20915412902832 5.28083610534668
vt 2.4581942558288574 11.273333549499512
vt 10.760716438293457 27.66548728942871
vt 17.465845108032227 30.717788696289062
vt 7.353515625 29.506855010986328
vt 2.2851600646972656 14.765600204467773
vt 9.570300102233887 16.2451229095459
vt 9.920717239379883 16.41335105895996
vt 8.58085823059082 4.799267768859863
vt 8.390810012817383 5.034482479095459
vt 2.4581942558288574 11.273333549499512
vt 10.313407897949219 27.424625396728516
vt 10.760716438293457 27.66548728942871
vt 7.353515625 29.506855010986328
vt 2.2851600646972656 14.765600204467773
vt 9.920717239379883 16.41335105895996
vt 10.285937309265137 16.55915069580078
vt 8.779297828674316 4.575192451477051
vt 8.58085823059082 4.799267768859863
vt 2.4581942558288574 11.273333549499512
vt 9.887308120727539 27.139970779418945
vt 10.313407897949219 27.424625396728516
vt 7.353515625 29.506855010986328
vt 2.2851600646972656 14.765600204467773
vt 10.285937309265137 16.55915069580078
vt 10.665959358215332 16.682518005371094
vt 8.779297828674316 4.575192451477051
vt 2.4581942558288574 11.273333549499512
vt 9.121109962463379 0.23574891686439514
vt 9.482418060302734 26.811521530151367
vt 9.887308120727539 27.139970779418945
vt 7.353515625 29.506855010986328
vt 2.2851600646972656 14.765600204467773
vt 10.665959358215332 16.682518005371094
vt 11.060783386230469 16.78345489501953
vt 8.986129760742188 4.362255573272705
vt 8.779297828674316 4.575192451477051
vt 9.121109962463379 0.23574891686439514
vt 9.098736763000488 26.439281463623047
vt 9.482418060302734 26.811521530151367
vt 7.353515625 29.506855010986328
vt 9.201354026794434 4.160458087921143
vt 8.986129760742188 4.362255573272705
vt 9.121109962463379 0.23574891686439514
vt 8.736265182495117 26.02324676513672
vt 9.098736763000488 26.439281463623047
vt 7.353515625 29.506855010986328
vt 9.424971580505371 3.969799518585205
vt 9.201354026794434 4.160458087921143
vt 9.121109962463379 0.23574891686439514
vt 8.395003318786621 25.563419342041016
vt 8.736265182495117 26.02324676513672
vt 7.353515625 29.506855010986328
vt 9.65697956085205 3.7902801036834717
vt 9.424971580505371 3.969799518585205
vt 9.121109962463379 0.23574891686439514
vt 8.074950218200684 25.059799194335938
vt 8.395003318786621 25.563419342041016
vt 7.353515625 29.506855010986328
vt 9.896159172058105 3.623577833175659
vt 9.65697956085205 3.7902801036834717
vt 9.121109962463379 0.23574891686439514
vt 7.778395175933838 24.514677047729492
vt 8.074950218200684 25.059799194335938
vt 7.353515625 29.506855010986328
vt 10.141288757324219 3.471371650695801
vt 9.896159172058105 3.623577833175659
vt 9.121109962463379 0.23574891686439514
vt 7.507627964019775 23.930339813232422
vt 7.778395175933838 24.514677047729492
vt 7.353515625 29.506855010986328
vt 10.392370223999023 3.3336613178253174
vt 10.141288757324219 3.471371650695801
vt 9.121109962463379 0.23574891686439514
vt 7.262648105621338 23.306787490844727
vt 7.507627964019775 23.930339813232422
vt 7.353515625 29.506855010986328
vt 10.649402618408203 3.21044659614563
vt 10.392370223999023 3.3336613178253174
vt 9.121109962463379 0.23574891686439514
vt 7.043455600738525 22.64402198791504
vt 7.262648105621338 23.306787490844727
vt 7.353515625 29.506855010986328
vt 10.912385940551758 3.1017279624938965
vt 10.649402618408203 3.21044659614563
vt 9.121109962463379 0.23574891686439514
vt 6.850050449371338 21.94204330444336
vt 7.043455600738525 22.64402198791504
vt 7.353515625 29.506855010986328
vt 11.181320190429688 3.007504940032959
vt 10.912385940551758 3.1017279624938965
vt 9.121109962463379 0.23574891686439514
vt 6.682432651519775 21.200849533081055
vt 6.850050449371338 21.94204330444336
vt 7.353515625 29.506855010986328
vt 11.456205368041992 2.9277780055999756
vt 11.181320190429688 3.007504940032959
vt 9.121109962463379 0.23574891686439514
vt 6.540602207183838 20.420442581176758
vt 6.682432651519775 21.200849533081055
vt 7.353515625 29.506855010986328
vt 11.737042427062988 2.862546682357788
vt 11.456205368041992 2.9277780055999756
vt 9.121109962463379 0.23574891686439514
vt 6.424559116363525 19.60082244873047
vt 6.540602207183838 20.420442581176758
vt 7.353515625 29.506855010986328
vt 12.02383041381836 2.8118112087249756
vt 11.737042427062988 2.862546682357788
vt 9.121109962463379 0.23574891686439514
vt 6.33430290222168 18.741987228393555
vt 6.424559116363525 19.60082244873047
vt 7.353515625 29.506855010986328
vt 12.316569328308105 2.775571584701538
vt 12.02383041381836 2.8118112087249756
vt 9.121109962463379 0.23574891686439514
vt 6.33430290222168 18.741987228393555
vt 7.353515625 29.506855010986328
vt 2.2851600646972656 14.765600204467773
vt 12.615259170532227 2.7538278102874756
vt 12.316569328308105 2.775571584701538
vt 9.121109962463379 0.23574891686439514
vt 6.269834518432617 17.84393882751465
vt 6.33430290222168 18.741987228393555
vt 2.2851600646972656 14.765600204467773
vt 12.919899940490723 2.746579885482788
vt 12.615259170532227 2.7538278102874756
vt 9.121109962463379 0.23574891686439514
vt 6.23115348815918 16.90667724609375
vt 6.269834518432617 17.84393882751465
vt 2.2851600646972656 14.765600204467773
vt 13.38743782043457 2.7599315643310547
vt 12.919899940490723 2.746579885482788
vt 9.121109962463379 0.23574891686439514
vt 6.218259811401367 15.93019962310791
vt 6.23115348815918 16.90667724609375
vt 2.2851600646972656 14.765600204467773
vt 13.837882995605469 2.799985885620117
vt 13.38743782043457 2.7599315643310547
vt 9.121109962463379 0.23574891686439514
vt 6.218259811401367 15.93019962310791
vt 2.2851600646972656 14.765600204467773
vt 11.060783386230469 16.78345489501953
vt 14.27123737335205 2.8667430877685547
vt 13.837882995605469 2.799985885620117
vt 9.121109962463379 0.23574891686439514
vt 15.111997604370117 19.942636489868164
vt 6.218259811401367 15.93019962310791
vt 11.060783386230469 16.78345489501953
vt 14.6875 2.9602034091949463
vt 14.27123737335205 2.8667430877685547
vt 9.121109962463379 0.23574891686439514
vt 15.111997604370117 19.942636489868164
vt 11.060783386230469 16.78345489501953
vt 11.470409393310547 16.861963272094727
vt 15.086670875549316 3.080366373062134
vt 14.6875 2.9602034091949463
vt 9.121109962463379 0.23574891686439514
vt 15.111997604370117 19.942636489868164
vt 11.470409393310547 16.861963272094727
vt 11.894837379455566 16.918039321899414
vt 15.46875 3.2272324562072754
vt 15.086670875549316 3.080366373062134
vt 9.121109962463379 0.23574891686439514
vt 15.111997604370117 19.942636489868164
vt 11.894837379455566 16.918039321899414
vt 12.334067344665527 16.951684951782227
vt 15.46875 3.2272324562072754
vt 9.121109962463379 0.23574891686439514
vt 19.93344497680664 1.9422916173934937
vt 15.111997604370117 19.942636489868164
vt 12.334067344665527 16.951684951782227
vt 12.788100242614746 16.962900161743164
vt 15.83373737335205 3.400801420211792
vt 15.46875 3.2272324562072754
vt 19.93344497680664 1.9422916173934937
vt 15.111997604370117 19.942636489868164
vt 12.788100242614746 16.962900161743164
vt 13.269814491271973 16.95023536682129
vt 16.18163299560547 3.6010732650756836
vt 15.83373737335205 3.400801420211792
vt 19.93344497680664 1.9422916173934937
vt 15.111997604370117 19.942636489868164
vt 13.269814491271973 16.95023536682129
vt 13.733525276184082 16.912240982055664
vt 16.51243782043457 3.8280482292175293
vt 16.18163299560547 3.6010732650756836
vt 19.93344497680664 1.9422916173934937
vt 15.111997604370117 19.942636489868164
vt 13.733525276184082 16.912240982055664
vt 14.179231643676758 16.848918914794922
vt 16.82615089416504 4.081725597381592
vt 16.51243782043457 3.8280482292175293
vt 19.93344497680664 1.9422916173934937
vt 15.111997604370117 19.942636489868164
vt 14.179231643676758 16.848918914794922
vt 14.60693359375 16.76026725769043
vt 17.122770309448242 4.3621063232421875
vt 16.82615089416504 4.081725597381592
vt 19.93344497680664 1.9422916173934937
vt 15.111997604370117 19.942636489868164
vt 14.60693359375 16.76026725769043
vt 15.016631126403809 16.646286010742188
vt 17.402299880981445 4.669189929962158
vt 17.122770309448242 4.3621063232421875
vt 19.93344497680664 1.9422916173934937
vt 22.420324325561523 14.194350242614746
vt 15.111997604370117 19.942636489868164
vt 15.016631126403809 16.646286010742188
vt 17.66200828552246 4.999619483947754
vt 17.402299880981445 4.669189929962158
vt 19.93344497680664 1.9422916173934937
vt 22.420324325561523 14.194350242614746
vt 15.016631126403809 16.646286010742188
vt 15.4083251953125 16.506975173950195
vt 17.899133682250977 5.350037574768066
vt 17.66200828552246 4.999619483947754
vt 19.93344497680664 1.9422916173934937
vt 22.420324325561523 14.194350242614746
vt 15.4083251953125 16.506975173950195
vt 15.782014846801758 16.342334747314453
vt 18.11367416381836 5.720445156097412
vt 17.899133682250977 5.350037574768066
vt 19.93344497680664 1.9422916173934937
vt 22.420324325561523 14.194350242614746
vt 15.782014846801758 16.342334747314453
vt 16.137699127197266 16.152366638183594
vt 18.305633544921875 6.110841274261475
vt 18.11367416381836 5.720445156097412
vt 19.93344497680664 1.9422916173934937
vt 22.420324325561523 14.194350242614746
vt 16.137699127197266 16.152366638183594
vt 16.47538185119629 15.937068939208984
vt 18.475008010864258 6.521225929260254
vt 18.305633544921875 6.110841274261475
vt 19.93344497680664 1.9422916173934937
vt 22.420324325561523 14.194350242614746
vt 16.47538185119629 15.937068939208984
vt 16.795059204101562 15.696441650390625
vt 18.62179946899414 6.951600074768066
vt 18.475008010864258 6.521225929260254
vt 19.93344497680664 1.9422916173934937
vt 22.420324325561523 14.194350242614746
vt 16.795059204101562 15.696441650390625
vt 17.096731185913086 15.430485725402832
vt 18.746007919311523 7.401962757110596
vt 18.62179946899414 6.951600074768066
vt 19.93344497680664 1.9422916173934937
vt 22.420324325561523 14.194350242614746
vt 17.096731185913086 15.430485725402832
vt 17.380399703979492 15.139200210571289
vt 18.847633361816406 7.872314453125
vt 18.746007919311523 7.401962757110596
vt 19.93344497680664 1.9422916173934937
vt 22.420324325561523 14.194350242614746
vt 17.380399703979492 15.139200210571289
vt 17.643606185913086 14.824552536010742
vt 18.92667579650879 8.362654685974121
vt 18.847633361816406 7.872314453125
vt 19.93344497680664 1.9422916173934937
vt 22.420324325561523 14.194350242614746
vt 17.643606185913086 14.824552536010742
vt 17.88392448425293 14.488544464111328
vt 18.98313331604004 8.872984886169434
vt 18.92667579650879 8.362654685974121
vt 19.93344497680664 1.9422916173934937
vt 22.420324325561523 14.194350242614746
vt 17.88392448425293 14.488544464111328
vt 18.101356506347656 14.131175994873047
vt 19.01700782775879 9.403303146362305
vt 18.98313331604004 8.872984886169434
vt 19.93344497680664 1.9422916173934937
vt 22.420324325561523 14.194350242614746
vt 18.101356506347656 14.131175994873047
vt 18.295900344848633 13.752445220947266
vt 19.02829933166504 9.95361042022705
vt 19.01700782775879 9.403303146362305
vt 19.93344497680664 1.9422916173934937
vt 22.420324325561523 14.194350242614746
vt 18.295900344848633 13.752445220947266
vt 18.46755599975586 13.352354049682617
vt 19.016857147216797 10.503228187561035
vt 19.02829933166504 9.95361042022705
vt 19.93344497680664 1.9422916173934937
vt 22.420324325561523 14.194350242614746
vt 18.46755599975586 13.352354049682617
vt 18.61632537841797 12.930902481079102
vt 18.982524871826172 11.031484603881836
vt 19.016857147216797 10.503228187561035
vt 19.93344497680664 1.9422916173934937
vt 22.420324325561523 14.194350242614746
vt 18.61632537841797 12.930902481079102
vt 18.742206573486328 12.488089561462402
vt 18.982524871826172 11.031484603881836
vt 19.93344497680664 1.9422916173934937
vt 22.420324325561523 14.194350242614746
vt 22.420324325561523 14.194350242614746
vt 18.742206573486328 12.488089561462402
vt 18.845199584960938 12.02391529083252
vt 18.92530632019043 11.53838062286377
vt 18.982524871826172 11.031484603881836
vt 22.420324325561523 14.194350242614746
vt 22.420324325561523 14.194350242614746
vt 18.845199584960938 12.02391529083252
vt 18.92530632019043 11.53838062286377
vt 10.87098217010498 1
vt 11.58692741394043 1
vt 10.87098217010498 -9
vt 11.58692741394043 1
vt 11.58692741394043 -9
vt 10.87098217010498 -9
vt 11.58692741394043 1
vt 12.277237892150879 1
vt 11.58692741394043 -9
vt 12.277237892150879 1
vt 12.277237892150879 -9
vt 11.58692741394043 -9
vt 12.277237892150879 1
vt 12.941910743713379 1
vt 12.277237892150879 -9
vt 12.941910743713379 1
vt 12.941910743713379 -9
vt 12.277237892150879 -9
vt 12.941910743713379 1
vt 13.580948829650879 1
vt 12.941910743713379 -9
vt 13.580948829650879 1
vt 13.580948829650879 -9
vt 12.941910743713379 -9
vt 13.580948829650879 1
vt 14.194350242614746 1
vt 13.580948829650879 -9
vt 14.194350242614746 1
vt 14.194350242614746 -9
vt 13.580948829650879 -9
vt 14.194350242614746 1
vt 14.78211498260498 1
vt 14.194350242614746 -9
vt 14.78211498260498 1
vt 14.78211498260498 -9
vt 14.194350242614746 -9
vt 14.78211498260498 1
vt 15.344244003295898 1
vt 14.78211498260498 -9
vt 15.344244003295898 1
vt 15.344244003295898 -9
vt 14.78211498260498 -9
vt 15.344244003295898 1
vt 15.8807373046875 1
vt 15.344244003295898 -9
vt 15.8807373046875 1
vt 15.8807373046875 -9
vt 15.344244003295898 -9
vt 15.8807373046875 1
vt 16.39159393310547 1
vt 15.8807373046875 -9
vt 16.39159393310547 1
vt 16.39159393310547 -9
vt 15.8807373046875 -9
vt 16.39159393310547 1
vt 16.876815795898438 1
vt 16.39159393310547 -9
vt 16.876815795898438 1
vt 16.876815795898438 -9
vt 16.39159393310547 -9
vt 16.876815795898438 1
vt 17.33639907836914 1
vt 16.876815795898438 -9
vt 17.33639907836914 1
vt 17.33639907836914 -9
vt 16.876815795898438 -9
vt 20.53339958190918 1
vt 20.101816177368164 1
vt 20.53339958190918 -9
vt 20.101816177368164 1
vt 20.101816177368164 -9
vt 20.53339958190918 -9
vt 20.101816177368164 1
vt 19.64566421508789 1
vt 20.101816177368164 -9
vt 19.64566421508789 1
vt 19.64566421508789 -9
vt 20.101816177368164 -9
vt 19.64566421508789 1
vt 19.16494369506836 1
vt 19.64566421508789 -9
vt 19.16494369506836 1
vt 19.16494369506836 -9
vt 19.64566421508789 -9
vt 19.16494369506836 1
vt 18.65965461730957 1
vt 19.16494369506836 -9
vt 18.65965461730957 1
vt 18.65965461730957 -9
vt 19.16494369506836 -9
vt 18.65965461730957 1
vt 18.129798889160156 1
vt 18.65965461730957 -9
vt 18.129798889160156 1
vt 18.129798889160156 -9
vt 18.65965461730957 -9
vt 18.129798889160156 1
vt 17.575374603271484 1
vt 18.129798889160156 -9
vt 17.575374603271484 1
vt 17.575374603271484 -9
vt 18.129798889160156 -9
vt 17.575374603271484 1
vt 16.996381759643555 1
vt 17.575374603271484 -9
vt 16.996381759643555 1
vt 16.996381759643555 -9
vt 17.575374603271484 -9
vt 16.996381759643555 1
vt 16.392822265625 1
vt 16.996381759643555 -9
vt 16.392822265625 1
vt 16.392822265625 -9
vt 16.996381759643555 -9
vt 16.392822265625 1
vt 15.764694213867188 1
vt 16.392822265625 -9
vt 15.764694213867188 1
vt 15.764694213867188 -9
vt 16.392822265625 -9
vt 15.764694213867188 1
vt 15.111997604370117 1
vt 15.764694213867188 -9
vt 15.111997604370117 1
vt 15.111997604370117 -9
vt 15.764694213867188 -9
vt 15.111997604370117 1
vt 14.434732437133789 1
vt 15.111997604370117 -9
vt 14.434732437133789 1
vt 14.434732437133789 -9
vt 15.111997604370117 -9
vt 14.434732437133789 1
vt 13.73289966583252 1
vt 14.434732437133789 -9
vt 13.73289966583252 1
vt 13.73289966583252 -9
vt 14.434732437133789 -9
vt 13.73289966583252 1
vt 13.315732955932617 1
vt 13.73289966583252 -9
vt 13.315732955932617 1
vt 13.315732955932617 -9
vt 13.73289966583252 -9
vt 13.315732955932617 1
vt 12.906499862670898 1
vt 13.315732955932617 -9
vt 12.906499862670898 1
vt 12.906499862670898 -9
vt 13.315732955932617 -9
vt 12.906499862670898 1
vt 12.505199432373047 1
vt 12.906499862670898 -9
vt 12.505199432373047 1
vt 12.505199432373047 -9
vt 12.906499862670898 -9
vt 12.505199432373047 1
vt 12.111832618713379 1
vt 12.505199432373047 -9
vt 12.111832618713379 1
vt 12.111832618713379 -9
vt 12.505199432373047 -9
vt 12.111832618713379 1
vt 11.726398468017578 1
vt 12.111832618713379 -9
vt 11.726398468017578 1
vt 11.726398468017578 -9
vt 12.111832618713379 -9
vt 11.726398468017578 1
vt 11.348897933959961 1
vt 11.726398468017578 -9
vt 11.348897933959961 1
vt 11.348897933959961 -9
vt 11.726398468017578 -9
vt 11.348897933959961 1
vt 10.979330062866211 1
vt 11.348897933959961 -9
vt 10.979330062866211 1
vt 10.979330062866211 -9
vt 11.348897933959961 -9
vt 10.979330062866211 1
vt 10.617695808410645 1
vt 10.979330062866211 -9
vt 10.617695808410645 1
vt 10.617695808410645 -9
vt 10.979330062866211 -9
vt 10.617695808410645 1
vt 10.263994216918945 1
vt 10.617695808410645 -9
vt 10.263994216918945 1
vt 10.263994216918945 -9
vt 10.617695808410645 -9
vt 10.263994216918945 1
vt 9.91822624206543 1
vt 10.263994216918945 -9
vt 9.91822624206543 1
vt 9.91822624206543 -9
vt 10.263994216918945 -9
vt 9.91822624206543 1
vt 9.580391883850098 1
vt 9.91822624206543 -9
vt 9.580391883850098 1
vt 9.580391883850098 -9
vt 9.91822624206543 -9
vt 9.580391883850098 1
vt 9.250490188598633 1
vt 9.580391883850098 -9
vt 9.250490188598633 1
vt 9.250490188598633 -9
vt 9.580391883850098 -9
vt 9.250490188598633 1
vt 8.930665016174316 1
vt 9.250490188598633 -9
vt 8.930665016174316 1
vt 8.930665016174316 -9
vt 9.250490188598633 -9
vt 8.930665016174316 1
vt 8.623047828674316 1
vt 8.930665016174316 -9
vt 8.623047828674316 1
vt 8.623047828674316 -9
vt 8.930665016174316 -9
vt 8.623047828674316 1
vt 8.32763671875 1
vt 8.623047828674316 -9
vt 8.32763671875 1
vt 8.32763671875 -9
vt 8.623047828674316 -9
vt 8.32763671875 1
vt 8.04443359375 1
vt 8.32763671875 -9
vt 8.04443359375 1
vt 8.04443359375 -9
vt 8.32763671875 -9
vt 8.04443359375 1
vt 7.773437023162842 1
vt 8.04443359375 -9
vt 7.773437023162842 1
vt 7.773437023162842 -9
vt 8.04443359375 -9
vt 7.773437023162842 1
vt 7.514647483825684 1
vt 7.773437023162842 -9
vt 7.514647483825684 1
vt 7.514647483825684 -9
vt 7.773437023162842 -9
vt 17.690750122070312 1
vt 17.430513381958008 1
vt 17.690750122070312 -9
vt 17.430513381958008 1
vt 17.430513381958008 -9
vt 17.690750122070312 -9
vt 17.430513381958008 1
vt 17.156999588012695 1
vt 17.430513381958008 -9
vt 17.156999588012695 1
vt 17.156999588012695 -9
vt 17.430513381958008 -9
vt 17.156999588012695 1
vt 16.87021255493164 1
vt 17.156999588012695 -9
vt 16.87021255493164 1
vt 16.87021255493164 -9
vt 17.156999588012695 -9
vt 16.87021255493164 1
vt 16.57015037536621 1
vt 16.87021255493164 -9
vt 16.57015037536621 1
vt 16.57015037536621 -9
vt 16.87021255493164 -9
vt 16.57015037536621 1
vt 16.256813049316406 1
vt 16.57015037536621 -9
vt 16.256813049316406 1
vt 16.256813049316406 -9
vt 16.57015037536621 -9
vt 16.256813049316406 1
vt 15.93019962310791 1
vt 16.256813049316406 -9
vt 15.93019962310791 1
vt 15.93019962310791 -9
vt 16.256813049316406 -9
vt 15.93019962310791 1
vt 16.90667724609375 1
vt 15.93019962310791 -9
vt 16.90667724609375 1
vt 16.90667724609375 -9
vt 15.93019962310791 -9
vt 16.90667724609375 1
vt 17.84393882751465 1
vt 16.90667724609375 -9
vt 17.84393882751465 1
vt 17.84393882751465 -9
vt 16.90667724609375 -9
vt 17.84393882751465 1
vt 18.741987228393555 1
vt 17.84393882751465 -9
vt 18.741987228393555 1
vt 18.741987228393555 -9
vt 17.84393882751465 -9
vt 18.741987228393555 1
vt 19.60082244873047 1
vt 18.741987228393555 -9
vt 19.60082244873047 1
vt 19.60082244873047 -9
vt 18.741987228393555 -9
vt 19.60082244873047 1
vt 20.420442581176758 1
vt 19.60082244873047 -9
vt 20.420442581176758 1
vt 20.420442581176758 -9
vt 19.60082244873047 -9
vt 20.420442581176758 1
vt 21.200849533081055 1
vt 20.420442581176758 -9
vt 21.200849533081055 1
vt 21.200849533081055 -9
vt 20.420442581176758 -9
vt 21.200849533081055 1
vt 21.94204330444336 1
vt 21.200849533081055 -9
vt 21.94204330444336 1
vt 21.94204330444336 -9
vt 21.200849533081055 -9
vt 21.94204330444336 1
vt 22.64402198791504 1
vt 21.94204330444336 -9
vt 22.64402198791504 1
vt 22.64402198791504 -9
vt 21.94204330444336 -9
vt 22.64402198791504 1
vt 23.306787490844727 1
vt 22.64402198791504 -9
vt 23.306787490844727 1
vt 23.306787490844727 -9
vt 22.64402198791504 -9
vt 23.306787490844727 1
vt 23.930339813232422 1
vt 23.306787490844727 -9
vt 23.930339813232422 1
vt 23.930339813232422 -9
vt 23.306787490844727 -9
vt 23.930339813232422 1
vt 24.514677047729492 1
vt 23.930339813232422 -9
vt 24.514677047729492 1
vt 24.514677047729492 -9
vt 23.930339813232422 -9
vt 24.514677047729492 1
vt 25.059799194335938 1
vt 24.514677047729492 -9
vt 25.059799194335938 1
vt 25.059799194335938 -9
vt 24.514677047729492 -9
vt 25.059799194335938 1
vt 25.563419342041016 1
vt 25.059799194335938 -9
vt 25.563419342041016 1
vt 25.563419342041016 -9
vt 25.059799194335938 -9
vt 25.563419342041016 1
vt 26.02324676513672 1
vt 25.563419342041016 -9
vt 26.02324676513672 1
vt 26.02324676513672 -9
vt 25.563419342041016 -9
vt 26.02324676513672 1
vt 26.439281463623047 1
vt 26.02324676513672 -9
vt 26.439281463623047 1
vt 26.439281463623047 -9
vt 26.02324676513672 -9
vt 9.098736763000488 1
vt 9.482418060302734 1
vt 9.098736763000488 -9
vt 9.482418060302734 1
vt 9.482418060302734 -9
vt 9.098736763000488 -9
vt 9.482418060302734 1
vt 9.887308120727539 1
vt 9.482418060302734 -9
vt 9.887308120727539 1
vt 9.887308120727539 -9
vt 9.482418060302734 -9
vt 9.887308120727539 1
vt 10.313407897949219 1
vt 9.887308120727539 -9
vt 10.313407897949219 1
vt 10.313407897949219 -9
vt 9.887308120727539 -9
vt 10.313407897949219 1
vt 10.760716438293457 1
vt 10.313407897949219 -9
vt 10.760716438293457 1
vt 10.760716438293457 -9
vt 10.313407897949219 -9
vt 10.760716438293457 1
vt 11.22923469543457 1
vt 10.760716438293457 -9
vt 11.22923469543457 1
vt 11.22923469543457 -9
vt 10.760716438293457 -9
vt 11.22923469543457 1
vt 11.718961715698242 1
vt 11.22923469543457 -9
vt 11.718961715698242 1
vt 11.718961715698242 -9
vt 11.22923469543457 -9
vt 11.718961715698242 1
vt 12.229898452758789 1
vt 11.718961715698242 -9
vt 12.229898452758789 1
vt 12.229898452758789 -9
vt 11.718961715698242 -9
vt 12.229898452758789 1
vt 12.762044906616211 1
vt 12.229898452758789 -9
vt 12.762044906616211 1
vt 12.762044906616211 -9
vt 12.229898452758789 -9
vt 12.762044906616211 1
vt 13.315400123596191 1
vt 12.762044906616211 -9
vt 13.315400123596191 1
vt 13.315400123596191 -9
vt 12.762044906616211 -9
vt 13.315400123596191 1
vt 13.955052375793457 1
vt 13.315400123596191 -9
vt 13.955052375793457 1
vt 13.955052375793457 -9
vt 13.315400123596191 -9
vt 13.955052375793457 1
vt 14.555642127990723 1
vt 13.955052375793457 -9
vt 14.555642127990723 1
vt 14.555642127990723 -9
vt 13.955052375793457 -9
vt 14.555642127990723 1
vt 15.117168426513672 1
vt 14.555642127990723 -9
vt 15.117168426513672 1
vt 15.117168426513672 -9
vt 14.555642127990723 -9
vt 15.117168426513672 1
vt 15.639633178710938 1
vt 15.117168426513672 -9
vt 15.639633178710938 1
vt 15.639633178710938 -9
vt 15.117168426513672 -9
vt 15.639633178710938 1
vt 16.123035430908203 1
vt 15.639633178710938 -9
vt 16.123035430908203 1
vt 16.123035430908203 -9
vt 15.639633178710938 -9
vt 16.123035430908203 1
vt 16.56737518310547 1
vt 16.123035430908203 -9
vt 16.56737518310547 1
vt 16.56737518310547 -9
vt 16.123035430908203 -9
vt 16.56737518310547 1
vt 16.972652435302734 1
vt 16.56737518310547 -9
vt 16.972652435302734 1
vt 16.972652435302734 -9
vt 16.56737518310547 -9
vt 26.92688751220703 1
vt 26.53321075439453 1
vt 26.92688751220703 -9
vt 26.53321075439453 1
vt 26.53321075439453 -9
vt 26.92688751220703 -9
vt 26.53321075439453 1
vt 26.08704376220703 1
vt 26.53321075439453 -9
vt 26.08704376220703 1
vt 26.08704376220703 -9
vt 26.53321075439453 -9
vt 26.08704376220703 1
vt 25.58838653564453 1
vt 26.08704376220703 -9
vt 25.58838653564453 1
vt 25.58838653564453 -9
vt 26.08704376220703 -9
vt 25.58838653564453 1
vt 25.03723907470703 1
vt 25.58838653564453 -9
vt 25.03723907470703 1
vt 25.03723907470703 -9
vt 25.58838653564453 -9
vt 25.03723907470703 1
vt 24.4335994720459 1
vt 25.03723907470703 -9
vt 24.4335994720459 1
vt 24.4335994720459 -9
vt 25.03723907470703 -9
vt 18.41309928894043 1
vt 22.192399978637695 1
vt 18.41309928894043 -9
vt 22.192399978637695 1
vt 22.192399978637695 -9
vt 18.41309928894043 -9
vt 25.114700317382812 1
vt 25.62755012512207 1
vt 25.114700317382812 -9
vt 25.62755012512207 1
vt 25.62755012512207 -9
vt 25.114700317382812 -9
vt 25.62755012512207 1
vt 26.118732452392578 1
vt 25.62755012512207 -9
vt 26.118732452392578 1
vt 26.118732452392578 -9
vt 25.62755012512207 -9
vt 26.118732452392578 1
vt 26.58824920654297 1
vt 26.118732452392578 -9
vt 26.58824920654297 1
vt 26.58824920654297 -9
vt 26.118732452392578 -9
vt 26.58824920654297 1
vt 27.036100387573242 1
vt 26.58824920654297 -9
vt 27.036100387573242 1
vt 27.036100387573242 -9
vt 26.58824920654297 -9
vt 27.036100387573242 1
vt 27.462284088134766 1
vt 27.036100387573242 -9
vt 27.462284088134766 1
vt 27.462284088134766 -9
vt 27.036100387573242 -9
vt 27.462284088134766 1
vt 27.86680030822754 1
vt 27.462284088134766 -9
vt 27.86680030822754 1
vt 27.86680030822754 -9
vt 27.462284088134766 -9
vt 27.86680030822754 1
vt 28.249649047851562 1
vt 27.86680030822754 -9
vt 28.249649047851562 1
vt 28.249649047851562 -9
vt 27.86680030822754 -9
vt 28.249649047851562 1
vt 28.6108341217041 1
vt 28.249649047851562 -9
vt 28.6108341217041 1
vt 28.6108341217041 -9
vt 28.249649047851562 -9
vt 28.6108341217041 1
vt 28.950349807739258 1
vt 28.6108341217041 -9
vt 28.950349807739258 1
vt 28.950349807739258 -9
vt 28.6108341217041 -9
vt 20.105693817138672 1
vt 19.783052444458008 1
vt 20.105693817138672 -9
vt 19.783052444458008 1
vt 19.783052444458008 -9
vt 20.105693817138672 -9
vt 19.783052444458008 1
vt 19.4422550201416 1
vt 19.783052444458008 -9
vt 19.4422550201416 1
vt 19.4422550201416 -9
vt 19.783052444458008 -9
vt 19.4422550201416 1
vt 19.08329963684082 1
vt 19.4422550201416 -9
vt 19.08329963684082 1
vt 19.08329963684082 -9
vt 19.4422550201416 -9
vt 19.08329963684082 1
vt 18.7061710357666 1
vt 19.08329963684082 -9
vt 18.7061710357666 1
vt 18.7061710357666 -9
vt 19.08329963684082 -9
vt 18.7061710357666 1
vt 18.31088638305664 1
vt 18.7061710357666 -9
vt 18.31088638305664 1
vt 18.31088638305664 -9
vt 18.7061710357666 -9
vt 18.31088638305664 1
vt 17.897443771362305 1
vt 18.31088638305664 -9
vt 17.897443771362305 1
vt 17.897443771362305 -9
vt 18.31088638305664 -9
vt 17.897443771362305 1
vt 17.465845108032227 1
vt 17.897443771362305 -9
vt 17.465845108032227 1
vt 17.465845108032227 -9
vt 17.897443771362305 -9
vt 17.465845108032227 1
vt 17.016088485717773 1
vt 17.465845108032227 -9
vt 17.016088485717773 1
vt 17.016088485717773 -9
vt 17.465845108032227 -9
vt 17.016088485717773 1
vt 16.548175811767578 1
vt 17.016088485717773 -9
vt 16.548175811767578 1
vt 16.548175811767578 -9
vt 17.016088485717773 -9
vt 16.548175811767578 1
vt 16.062105178833008 1
vt 16.548175811767578 -9
vt 16.062105178833008 1
vt 16.062105178833008 -9
vt 16.548175811767578 -9
vt 16.062105178833008 1
vt 15.557877540588379 1
vt 16.062105178833008 -9
vt 15.557877540588379 1
vt 15.557877540588379 -9
vt 16.062105178833008 -9
vt 15.557877540588379 1
vt 15.035493850708008 1
vt 15.557877540588379 -9
vt 15.035493850708008 1
vt 15.035493850708008 -9
vt 15.557877540588379 -9
vt 15.035493850708008 1
vt 14.494953155517578 1
vt 15.035493850708008 -9
vt 14.494953155517578 1
vt 14.494953155517578 -9
vt 15.035493850708008 -9
vt 14.494953155517578 1
vt 13.936254501342773 1
vt 14.494953155517578 -9
vt 13.936254501342773 1
vt 13.936254501342773 -9
vt 14.494953155517578 -9
vt 13.936254501342773 1
vt 13.359399795532227 1
vt 13.936254501342773 -9
vt 13.359399795532227 1
vt 13.359399795532227 -9
vt 13.936254501342773 -9
vt 13.359399795532227 1
vt 12.490102767944336 1
vt 13.359399795532227 -9
vt 12.490102767944336 1
vt 12.490102767944336 -9
vt 13.359399795532227 -9
vt 12.490102767944336 1
vt 11.654679298400879 1
vt 12.490102767944336 -9
vt 11.654679298400879 1
vt 11.654679298400879 -9
vt 12.490102767944336 -9
vt 11.654679298400879 1
vt 10.853132247924805 1
vt 11.654679298400879 -9
vt 10.853132247924805 1
vt 10.853132247924805 -9
vt 11.654679298400879 -9
vt 10.853132247924805 1
vt 10.085458755493164 1
vt 10.853132247924805 -9
vt 10.085458755493164 1
vt 10.085458755493164 -9
vt 10.853132247924805 -9
vt 10.085458755493164 1
vt 9.35166072845459 1
vt 10.085458755493164 -9
vt 9.35166072845459 1
vt 9.35166072845459 -9
vt 10.085458755493164 -9
vt 9.35166072845459 1
vt 8.651737213134766 1
vt 9.35166072845459 -9
vt 8.651737213134766 1
vt 8.651737213134766 -9
vt 9.35166072845459 -9
vt 8.651737213134766 1
vt 7.985689163208008 1
vt 8.651737213134766 -9
vt 7.985689163208008 1
vt 7.985689163208008 -9
vt 8.651737213134766 -9
vt 7.985689163208008 1
vt 7.353515625 1
vt 7.985689163208008 -9
vt 7.353515625 1
vt 7.353515625 -9
vt 7.985689163208008 -9
vt 7.353515625 1
vt 6.7552170753479 1
vt 7.353515625 -9
vt 6.7552170753479 1
vt 6.7552170753479 -9
vt 7.353515625 -9
vt 28.998437881469727 1
vt 28.430206298828125 1
vt 28.998437881469727 -9
vt 28.430206298828125 1
vt 28.430206298828125 -9
vt 28.998437881469727 -9
vt 28.430206298828125 1
vt 27.802160263061523 1
vt 28.430206298828125 -9
vt 27.802160263061523 1
vt 27.802160263061523 -9
vt 28.430206298828125 -9
vt 27.802160263061523 1
vt 27.114299774169922 1
vt 27.802160263061523 -9
vt 27.114299774169922 1
vt 27.114299774169922 -9
vt 27.802160263061523 -9
vt 27.114299774169922 1
vt 26.370576858520508 1
vt 27.114299774169922 -9
vt 26.370576858520508 1
vt 26.370576858520508 -9
vt 27.114299774169922 -9
vt 26.370576858520508 1
vt 25.574974060058594 1
vt 26.370576858520508 -9
vt 25.574974060058594 1
vt 25.574974060058594 -9
vt 26.370576858520508 -9
vt 25.574974060058594 1
vt 24.727493286132812 1
vt 25.574974060058594 -9
vt 24.727493286132812 1
vt 24.727493286132812 -9
vt 25.574974060058594 -9
vt 24.727493286132812 1
vt 23.82813262939453 1
vt 24.727493286132812 -9
vt 23.82813262939453 1
vt 23.82813262939453 -9
vt 24.727493286132812 -9
vt 23.82813262939453 1
vt 22.876893997192383 1
vt 23.82813262939453 -9
vt 22.876893997192383 1
vt 22.876893997192383 -9
vt 23.82813262939453 -9
vt 22.876893997192383 1
vt 21.873775482177734 1
vt 22.876893997192383 -9
vt 21.873775482177734 1
vt 21.873775482177734 -9
vt 22.876893997192383 -9
vt 21.873775482177734 1
vt 20.818777084350586 1
vt 21.873775482177734 -9
vt 20.818777084350586 1
vt 20.818777084350586 -9
vt 21.873775482177734 -9
vt 20.818777084350586 1
vt 19.71190071105957 1
vt 20.818777084350586 -9
vt 19.71190071105957 1
vt 19.71190071105957 -9
vt 20.818777084350586 -9
vt 19.71190071105957 1
vt 18.553144454956055 1
vt 19.71190071105957 -9
vt 18.553144454956055 1
vt 18.553144454956055 -9
vt 19.71190071105957 -9
vt 18.553144454956055 1
vt 17.34250831604004 1
vt 18.553144454956055 -9
vt 17.34250831604004 1
vt 17.34250831604004 -9
vt 18.553144454956055 -9
vt 17.34250831604004 1
vt 16.079994201660156 1
vt 17.34250831604004 -9
vt 16.079994201660156 1
vt 16.079994201660156 -9
vt 17.34250831604004 -9
vt 16.079994201660156 1
vt 14.765600204467773 1
vt 16.079994201660156 -9
vt 14.765600204467773 1
vt 14.765600204467773 -9
vt 16.079994201660156 -9
vt 14.765600204467773 1
vt 13.552377700805664 1
vt 14.765600204467773 -9
vt 13.552377700805664 1
vt 13.552377700805664 -9
vt 14.765600204467773 -9
vt 13.552377700805664 1
vt 12.388289451599121 1
vt 13.552377700805664 -9
vt 12.388289451599121 1
vt 12.388289451599121 -9
vt 13.552377700805664 -9
vt 12.388289451599121 1
vt 11.273333549499512 1
vt 12.388289451599121 -9
vt 11.273333549499512 1
vt 11.273333549499512 -9
vt 12.388289451599121 -9
vt 11.273333549499512 1
vt 10.207509994506836 1
vt 11.273333549499512 -9
vt 10.207509994506836 1
vt 10.207509994506836 -9
vt 11.273333549499512 -9
vt 10.207509994506836 1
vt 9.19081974029541 1
vt 10.207509994506836 -9
vt 9.19081974029541 1
vt 9.19081974029541 -9
vt 10.207509994506836 -9
vt 9.19081974029541 1
vt 8.223262786865234 1
vt 9.19081974029541 -9
vt 8.223262786865234 1
vt 8.223262786865234 -9
vt 9.19081974029541 -9
vt 8.223262786865234 1
vt 7.304838180541992 1
vt 8.223262786865234 -9
vt 7.304838180541992 1
vt 7.304838180541992 -9
vt 8.223262786865234 -9
vt 7.304838180541992 1
vt 6.435546875 1
vt 7.304838180541992 -9
vt 6.435546875 1
vt 6.435546875 -9
vt 7.304838180541992 -9
vt 6.435546875 1
vt 5.615387916564941 1
vt 6.435546875 -9
vt 5.615387916564941 1
vt 5.615387916564941 -9
vt 6.435546875 -9
vt 5.615387916564941 1
vt 4.844362735748291 1
vt 5.615387916564941 -9
vt 4.844362735748291 1
vt 4.844362735748291 -9
vt 5.615387916564941 -9
vt 4.844362735748291 1
vt 4.122469902038574 1
vt 4.844362735748291 -9
vt 4.122469902038574 1
vt 4.122469902038574 -9
vt 4.844362735748291 -9
vt 4.122469902038574 1
vt 3.449709892272949 1
vt 4.122469902038574 -9
vt 3.449709892272949 1
vt 3.449709892272949 -9
vt 4.122469902038574 -9
vt 3.449709892272949 1
vt 2.828524351119995 1
vt 3.449709892272949 -9
vt 2.828524351119995 1
vt 2.828524351119995 -9
vt 3.449709892272949 -9
vt 2.828524351119995 1
vt 2.261354684829712 1
vt 2.828524351119995 -9
vt 2.261354684829712 1
vt 2.261354684829712 -9
vt 2.828524351119995 -9
vt 6.044923782348633 1
vt 6.591800689697266 1
vt 6.044923782348633 -9
vt 6.591800689697266 1
vt 6.591800689697266 -9
vt 6.044923782348633 -9
vt 6.591800689697266 1
vt 7.172857761383057 1
vt 6.591800689697266 -9
vt 7.172857761383057 1
vt 7.172857761383057 -9
vt 6.591800689697266 -9
vt 7.172857761383057 1
vt 7.788094997406006 1
vt 7.172857761383057 -9
vt 7.788094997406006 1
vt 7.788094997406006 -9
vt 7.172857761383057 -9
vt 7.788094997406006 1
vt 8.437512397766113 1
vt 7.788094997406006 -9
vt 8.437512397766113 1
vt 8.437512397766113 -9
vt 7.788094997406006 -9
vt 8.437512397766113 1
vt 9.121109962463379 1
vt 8.437512397766113 -9
vt 9.121109962463379 1
vt 9.121109962463379 -9
vt 8.437512397766113 -9
vt 9.121109962463379 1
vt 9.838888168334961 1
vt 9.121109962463379 -9
vt 9.838888168334961 1
vt 9.838888168334961 -9
vt 9.121109962463379 -9
vt 9.838888168334961 1
vt 10.590846061706543 1
vt 9.838888168334961 -9
vt 10.590846061706543 1
vt 10.590846061706543 -9
vt 9.838888168334961 -9
vt 10.590846061706543 1
vt 11.376983642578125 1
vt 10.590846061706543 -9
vt 11.376983642578125 1
vt 11.376983642578125 -9
vt 10.590846061706543 -9
vt 11.376983642578125 1
vt 12.197301864624023 1
vt 11.376983642578125 -9
vt 12.197301864624023 1
vt 12.197301864624023 -9
vt 11.376983642578125 -9
vt 12.197301864624023 1
vt 13.051799774169922 1
vt 12.197301864624023 -9
vt 13.051799774169922 1
vt 13.051799774169922 -9
vt 12.197301864624023 -9
vt 13.051799774169922 1
vt 13.817779541015625 1
vt 13.051799774169922 -9
vt 13.817779541015625 1
vt 13.817779541015625 -9
vt 13.051799774169922 -9
vt 13.817779541015625 1
vt 14.555683135986328 1
vt 13.817779541015625 -9
vt 14.555683135986328 1
vt 14.555683135986328 -9
vt 13.817779541015625 -9
vt 14.555683135986328 1
vt 15.265512466430664 1
vt 14.555683135986328 -9
vt 15.265512466430664 1
vt 15.265512466430664 -9
vt 14.555683135986328 -9
vt 15.265512466430664 1
vt 15.947266578674316 1
vt 15.265512466430664 -9
vt 15.947266578674316 1
vt 15.947266578674316 -9
vt 15.265512466430664 -9
vt 15.947266578674316 1
vt 16.6009464263916 1
vt 15.947266578674316 -9
vt 16.6009464263916 1
vt 16.6009464263916 -9
vt 15.947266578674316 -9
vt 16.6009464263916 1
vt 17.22654914855957 1
vt 16.6009464263916 -9
vt 17.22654914855957 1
vt 17.22654914855957 -9
vt 16.6009464263916 -9
vt 17.22654914855957 1
vt 17.824079513549805 1
vt 17.22654914855957 -9
vt 17.824079513549805 1
vt 17.824079513549805 -9
vt 17.22654914855957 -9
vt 17.824079513549805 1
vt 18.39353370666504 1
vt 17.824079513549805 -9
vt 18.39353370666504 1
vt 18.39353370666504 -9
vt 17.824079513549805 -9
vt 18.39353370666504 1
vt 18.934911727905273 1
vt 18.39353370666504 -9
vt 18.934911727905273 1
vt 18.934911727905273 -9
vt 18.39353370666504 -9
vt 18.934911727905273 1
vt 19.448217391967773 1
vt 18.934911727905273 -9
vt 19.448217391967773 1
vt 19.448217391967773 -9
vt 18.934911727905273 -9
vt 19.448217391967773 1
vt 19.93344497680664 1
vt 19.448217391967773 -9
vt 19.93344497680664 1
vt 19.93344497680664 -9
vt 19.448217391967773 -9
vt 19.93344497680664 1
vt 20.390600204467773 1
vt 19.93344497680664 -9
vt 20.390600204467773 1
vt 20.390600204467773 -9
vt 19.93344497680664 -9
vt 2.395020008087158 1
vt 2.88177490234375 1
vt 2.395020008087158 -9
vt 2.88177490234375 1
vt 2.88177490234375 -9
vt 2.395020008087158 -9
vt 2.88177490234375 1
vt 3.397216558456421 1
vt 2.88177490234375 -9
vt 3.397216558456421 1
vt 3.397216558456421 -9
vt 2.88177490234375 -9
vt 3.397216558456421 1
vt 3.941344976425171 1
vt 3.397216558456421 -9
vt 3.941344976425171 1
vt 3.941344976425171 -9
vt 3.397216558456421 -9
vt 3.941344976425171 1
vt 4.51416015625 1
vt 3.941344976425171 -9
vt 4.51416015625 1
vt 4.51416015625 -9
vt 3.941344976425171 -9
vt 4.51416015625 1
vt 5.11566162109375 1
vt 4.51416015625 -9
vt 5.11566162109375 1
vt 5.11566162109375 -9
vt 4.51416015625 -9
vt 5.11566162109375 1
vt 5.745850086212158 1
vt 5.11566162109375 -9
vt 5.745850086212158 1
vt 5.745850086212158 -9
vt 5.11566162109375 -9
vt 5.745850086212158 1
vt 6.404725074768066 1
vt 5.745850086212158 -9
vt 6.404725074768066 1
vt 6.404725074768066 -9
vt 5.745850086212158 -9
vt 6.404725074768066 1
vt 7.092286586761475 1
vt 6.404725074768066 -9
vt 7.092286586761475 1
vt 7.092286586761475 -9
vt 6.404725074768066 -9
vt 7.092286586761475 1
vt 7.808535099029541 1
vt 7.092286586761475 -9
vt 7.808535099029541 1
vt 7.808535099029541 -9
vt 7.092286586761475 -9
vt 7.808535099029541 1
vt 8.55346965789795 1
vt 7.808535099029541 -9
vt 8.55346965789795 1
vt 8.55346965789795 -9
vt 7.808535099029541 -9
vt 8.55346965789795 1
vt 9.327091217041016 1
vt 8.55346965789795 -9
vt 9.327091217041016 1
vt 9.327091217041016 -9
vt 8.55346965789795 -9
vt 9.327091217041016 1
vt 10.129400253295898 1
vt 9.327091217041016 -9
vt 10.129400253295898 1
vt 10.129400253295898 -9
vt 9.327091217041016 -9
vt 10.129400253295898 1
vt 10.87098217010498 1
vt 10.129400253295898 -9
vt 10.87098217010498 1
vt 10.87098217010498 -9
vt 10.129400253295898 -9
vt 9.403303146362305 1
vt 8.872984886169434 1
vt 9.403303146362305 -9
vt 8.872984886169434 1
vt 8.872984886169434 -9
vt 9.403303146362305 -9
vt 8.872984886169434 1
vt 8.362654685974121 1
vt 8.872984886169434 -9
vt 8.362654685974121 1
vt 8.362654685974121 -9
vt 8.872984886169434 -9
vt 8.362654685974121 1
vt 7.872314453125 1
vt 8.362654685974121 -9
vt 7.872314453125 1
vt 7.872314453125 -9
vt 8.362654685974121 -9
vt 7.872314453125 1
vt 7.401962757110596 1
vt 7.872314453125 -9
vt 7.401962757110596 1
vt 7.401962757110596 -9
vt 7.872314453125 -9
vt 7.401962757110596 1
vt 6.951600074768066 1
vt 7.401962757110596 -9
vt 6.951600074768066 1
vt 6.951600074768066 -9
vt 7.401962757110596 -9
vt 6.951600074768066 1
vt 6.521225929260254 1
vt 6.951600074768066 -9
vt 6.521225929260254 1
vt 6.521225929260254 -9
vt 6.951600074768066 -9
vt 6.521225929260254 1
vt 6.110841274261475 1
vt 6.521225929260254 -9
vt 6.110841274261475 1
vt 6.110841274261475 -9
vt 6.521225929260254 -9
vt 6.110841274261475 1
vt 5.720445156097412 1
vt 6.110841274261475 -9
vt 5.720445156097412 1
vt 5.720445156097412 -9
vt 6.110841274261475 -9
vt 5.720445156097412 1
vt 5.350037574768066 1
vt 5.720445156097412 -9
vt 5.350037574768066 1
vt 5.350037574768066 -9
vt 5.720445156097412 -9
vt 5.350037574768066 1
vt 4.999619483947754 1
vt 5.350037574768066 -9
vt 4.999619483947754 1
vt 4.999619483947754 -9
vt 5.350037574768066 -9
vt 4.999619483947754 1
vt 4.669189929962158 1
vt 4.999619483947754 -9
vt 4.669189929962158 1
vt 4.669189929962158 -9
vt 4.999619483947754 -9
vt 4.669189929962158 1
vt 4.3621063232421875 1
vt 4.669189929962158 -9
vt 4.3621063232421875 1
vt 4.3621063232421875 -9
vt 4.669189929962158 -9
vt 17.122770309448242 1
vt 16.82615089416504 1
vt 17.122770309448242 -9
vt 16.82615089416504 1
vt 16.82615089416504 -9
vt 17.122770309448242 -9
vt 16.82615089416504 1
vt 16.51243782043457 1
vt 16.82615089416504 -9
vt 16.51243782043457 1
vt 16.51243782043457 -9
vt 16.82615089416504 -9
vt 16.51243782043457 1
vt 16.18163299560547 1
vt 16.51243782043457 -9
vt 16.18163299560547 1
vt 16.18163299560547 -9
vt 16.51243782043457 -9
vt 16.18163299560547 1
vt 15.83373737335205 1
vt 16.18163299560547 -9
vt 15.83373737335205 1
vt 15.83373737335205 -9
vt 16.18163299560547 -9
vt 15.83373737335205 1
vt 15.46875 1
vt 15.83373737335205 -9
vt 15.46875 1
vt 15.46875 -9
vt 15.83373737335205 -9
vt 15.46875 1
vt 15.086670875549316 1
vt 15.46875 -9
vt 15.086670875549316 1
vt 15.086670875549316 -9
vt 15.46875 -9
vt 15.086670875549316 1
vt 14.6875 1
vt 15.086670875549316 -9
vt 14.6875 1
vt 14.6875 -9
vt 15.086670875549316 -9
vt 14.6875 1
vt 14.27123737335205 1
vt 14.6875 -9
vt 14.27123737335205 1
vt 14.27123737335205 -9
vt 14.6875 -9
vt 14.27123737335205 1
vt 13.837882995605469 1
vt 14.27123737335205 -9
vt 13.837882995605469 1
vt 13.837882995605469 -9
vt 14.27123737335205 -9
vt 13.837882995605469 1
vt 13.38743782043457 1
vt 13.837882995605469 -9
vt 13.38743782043457 1
vt 13.38743782043457 -9
vt 13.837882995605469 -9
vt 13.38743782043457 1
vt 12.919899940490723 1
vt 13.38743782043457 -9
vt 12.919899940490723 1
vt 12.919899940490723 -9
vt 13.38743782043457 -9
vt 12.919899940490723 1
vt 12.615259170532227 1
vt 12.919899940490723 -9
vt 12.615259170532227 1
vt 12.615259170532227 -9
vt 12.919899940490723 -9
vt 12.615259170532227 1
vt 12.316569328308105 1
vt 12.615259170532227 -9
vt 12.316569328308105 1
vt 12.316569328308105 -9
vt 12.615259170532227 -9
vt 12.316569328308105 1
vt 12.02383041381836 1
vt 12.316569328308105 -9
vt 12.02383041381836 1
vt 12.02383041381836 -9
vt 12.316569328308105 -9
vt 12.02383041381836 1
vt 11.737042427062988 1
vt 12.02383041381836 -9
vt 11.737042427062988 1
vt 11.737042427062988 -9
vt 12.02383041381836 -9
vt 11.737042427062988 1
vt 11.456205368041992 1
vt 11.737042427062988 -9
vt 11.456205368041992 1
vt 11.456205368041992 -9
vt 11.737042427062988 -9
vt 11.456205368041992 1
vt 11.181320190429688 1
vt 11.456205368041992 -9
vt 11.181320190429688 1
vt 11.181320190429688 -9
vt 11.456205368041992 -9
vt 11.181320190429688 1
vt 10.912385940551758 1
vt 11.181320190429688 -9
vt 10.912385940551758 1
vt 10.912385940551758 -9
vt 11.181320190429688 -9
vt 10.912385940551758 1
vt 10.649402618408203 1
vt 10.912385940551758 -9
vt 10.649402618408203 1
vt 10.649402618408203 -9
vt 10.912385940551758 -9
vt 10.649402618408203 1
vt 10.392370223999023 1
vt 10.649402618408203 -9
vt 10.392370223999023 1
vt 10.392370223999023 -9
vt 10.649402618408203 -9
vt 10.392370223999023 1
vt 10.141288757324219 1
vt 10.392370223999023 -9
vt 10.141288757324219 1
vt 10.141288757324219 -9
vt 10.392370223999023 -9
vt 10.141288757324219 1
vt 9.896159172058105 1
vt 10.141288757324219 -9
vt 9.896159172058105 1
vt 9.896159172058105 -9
vt 10.141288757324219 -9
vt 9.896159172058105 1
vt 9.65697956085205 1
vt 9.896159172058105 -9
vt 9.65697956085205 1
vt 9.65697956085205 -9
vt 9.896159172058105 -9
vt 9.65697956085205 1
vt 9.424971580505371 1
vt 9.65697956085205 -9
vt 9.424971580505371 1
vt 9.424971580505371 -9
vt 9.65697956085205 -9
vt 9.424971580505371 1
vt 9.201354026794434 1
vt 9.424971580505371 -9
vt 9.201354026794434 1
vt 9.201354026794434 -9
vt 9.424971580505371 -9
vt 9.201354026794434 1
vt 8.986129760742188 1
vt 9.201354026794434 -9
vt 8.986129760742188 1
vt 8.986129760742188 -9
vt 9.201354026794434 -9
vt 4.362255573272705 1
vt 4.575192451477051 1
vt 4.362255573272705 -9
vt 4.575192451477051 1
vt 4.575192451477051 -9
vt 4.362255573272705 -9
vt 4.575192451477051 1
vt 4.799267768859863 1
vt 4.575192451477051 -9
vt 4.799267768859863 1
vt 4.799267768859863 -9
vt 4.575192451477051 -9
vt 4.799267768859863 1
vt 5.034482479095459 1
vt 4.799267768859863 -9
vt 5.034482479095459 1
vt 5.034482479095459 -9
vt 4.799267768859863 -9
vt 5.034482479095459 1
vt 5.28083610534668 1
vt 5.034482479095459 -9
vt 5.28083610534668 1
vt 5.28083610534668 -9
vt 5.034482479095459 -9
vt 5.28083610534668 1
vt 5.538329124450684 1
vt 5.28083610534668 -9
vt 5.538329124450684 1
vt 5.538329124450684 -9
vt 5.28083610534668 -9
vt 5.538329124450684 1
vt 5.806960582733154 1
vt 5.538329124450684 -9
vt 5.806960582733154 1
vt 5.806960582733154 -9
vt 5.538329124450684 -9
vt 5.806960582733154 1
vt 6.086731433868408 1
vt 5.806960582733154 -9
vt 6.086731433868408 1
vt 6.086731433868408 -9
vt 5.806960582733154 -9
vt 6.086731433868408 1
vt 6.377641201019287 1
vt 6.086731433868408 -9
vt 6.377641201019287 1
vt 6.377641201019287 -9
vt 6.086731433868408 -9
vt 6.377641201019287 1
vt 6.679689884185791 1
vt 6.377641201019287 -9
vt 6.679689884185791 1
vt 6.679689884185791 -9
vt 6.377641201019287 -9
vt 6.679689884185791 1
vt 6.990968704223633 1
vt 6.679689884185791 -9
vt 6.990968704223633 1
vt 6.990968704223633 -9
vt 6.679689884185791 -9
vt 6.990968704223633 1
vt 7.309570789337158 1
vt 6.990968704223633 -9
vt 7.309570789337158 1
vt 7.309570789337158 -9
vt 6.990968704223633 -9
vt 7.309570789337158 1
vt 7.635497093200684 1
vt 7.309570789337158 -9
vt 7.635497093200684 1
vt 7.635497093200684 -9
vt 7.309570789337158 -9
vt 7.635497093200684 1
vt 7.968746662139893 1
vt 7.635497093200684 -9
vt 7.968746662139893 1
vt 7.968746662139893 -9
vt 7.635497093200684 -9
vt 7.968746662139893 1
vt 8.309320449829102 1
vt 7.968746662139893 -9
vt 8.309320449829102 1
vt 8.309320449829102 -9
vt 7.968746662139893 -9
vt 8.309320449829102 1
vt 8.657217025756836 1
vt 8.309320449829102 -9
vt 8.657217025756836 1
vt 8.657217025756836 -9
vt 8.309320449829102 -9
vt 8.657217025756836 1
vt 9.012438774108887 1
vt 8.657217025756836 -9
vt 9.012438774108887 1
vt 9.012438774108887 -9
vt 8.657217025756836 -9
vt 9.012438774108887 1
vt 9.374983787536621 1
vt 9.012438774108887 -9
vt 9.374983787536621 1
vt 9.374983787536621 -9
vt 9.012438774108887 -9
vt 9.374983787536621 1
vt 9.744852066040039 1
vt 9.374983787536621 -9
vt 9.744852066040039 1
vt 9.744852066040039 -9
vt 9.374983787536621 -9
vt 9.744852066040039 1
vt 10.122044563293457 1
vt 9.744852066040039 -9
vt 10.122044563293457 1
vt 10.122044563293457 -9
vt 9.744852066040039 -9
vt 10.122044563293457 1
vt 10.506560325622559 1
vt 10.122044563293457 -9
vt 10.506560325622559 1
vt 10.506560325622559 -9
vt 10.122044563293457 -9
vt 10.506560325622559 1
vt 10.89840030670166 1
vt 10.506560325622559 -9
vt 10.89840030670166 1
vt 10.89840030670166 -9
vt 10.506560325622559 -9
vt 10.89840030670166 1
vt 11.362347602844238 1
vt 10.89840030670166 -9
vt 11.362347602844238 1
vt 11.362347602844238 -9
vt 10.89840030670166 -9
vt 11.362347602844238 1
vt 11.809358596801758 1
vt 11.362347602844238 -9
vt 11.809358596801758 1
vt 11.809358596801758 -9
vt 11.362347602844238 -9
vt 11.809358596801758 1
vt 12.239431381225586 1
vt 11.809358596801758 -9
vt 12.239431381225586 1
vt 12.239431381225586 -9
vt 11.809358596801758 -9
vt 12.239431381225586 1
vt 12.652566909790039 1
vt 12.239431381225586 -9
vt 12.652566909790039 1
vt 12.652566909790039 -9
vt 12.239431381225586 -9
vt 12.652566909790039 1
vt 13.0487642288208 1
vt 12.652566909790039 -9
vt 13.0487642288208 1
vt 13.0487642288208 -9
vt 12.652566909790039 -9
vt 13.0487642288208 1
vt 13.428025245666504 1
vt 13.0487642288208 -9
vt 13.428025245666504 1
vt 13.428025245666504 -9
vt 13.0487642288208 -9
vt 13.428025245666504 1
vt 13.790348052978516 1
vt 13.428025245666504 -9
vt 13.790348052978516 1
vt 13.790348052978516 -9
vt 13.428025245666504 -9
vt 13.790348052978516 1
vt 14.135733604431152 1
vt 13.790348052978516 -9
vt 14.135733604431152 1
vt 14.135733604431152 -9
vt 13.790348052978516 -9
vt 14.135733604431152 1
vt 14.464180946350098 1
vt 14.135733604431152 -9
vt 14.464180946350098 1
vt 14.464180946350098 -9
vt 14.135733604431152 -9
vt 14.464180946350098 1
vt 14.775691986083984 1
vt 14.464180946350098 -9
vt 14.775691986083984 1
vt 14.775691986083984 -9
vt 14.464180946350098 -9
vt 14.775691986083984 1
vt 15.07026481628418 1
vt 14.775691986083984 -9
vt 15.07026481628418 1
vt 15.07026481628418 -9
vt 14.775691986083984 -9
vt 15.07026481628418 1
vt 15.347900390625 1
vt 15.07026481628418 -9
vt 15.347900390625 1
vt 15.347900390625 -9
vt 15.07026481628418 -9
vt 8.316650390625 1
vt 8.60785961151123 1
vt 8.316650390625 -9
vt 8.60785961151123 1
vt 8.60785961151123 -9
vt 8.316650390625 -9
vt 8.60785961151123 1
vt 8.913870811462402 1
vt 8.60785961151123 -9
vt 8.913870811462402 1
vt 8.913870811462402 -9
vt 8.60785961151123 -9
vt 8.913870811462402 1
vt 9.234683990478516 1
vt 8.913870811462402 -9
vt 9.234683990478516 1
vt 9.234683990478516 -9
vt 8.913870811462402 -9
vt 9.234683990478516 1
vt 9.570300102233887 1
vt 9.234683990478516 -9
vt 9.570300102233887 1
vt 9.570300102233887 -9
vt 9.234683990478516 -9
vt 9.570300102233887 1
vt 9.920717239379883 1
vt 9.570300102233887 -9
vt 9.920717239379883 1
vt 9.920717239379883 -9
vt 9.570300102233887 -9
vt 9.920717239379883 1
vt 10.285937309265137 1
vt 9.920717239379883 -9
vt 10.285937309265137 1
vt 10.285937309265137 -9
vt 9.920717239379883 -9
vt 10.285937309265137 1
vt 10.665959358215332 1
vt 10.285937309265137 -9
vt 10.665959358215332 1
vt 10.665959358215332 -9
vt 10.285937309265137 -9
vt 10.665959358215332 1
vt 11.060783386230469 1
vt 10.665959358215332 -9
vt 11.060783386230469 1
vt 11.060783386230469 -9
vt 10.665959358215332 -9
vt 11.060783386230469 1
vt 11.470409393310547 1
vt 11.060783386230469 -9
vt 11.470409393310547 1
vt 11.470409393310547 -9
vt 11.060783386230469 -9
vt 11.470409393310547 1
vt 11.894837379455566 1
vt 11.470409393310547 -9
vt 11.894837379455566 1
vt 11.894837379455566 -9
vt 11.470409393310547 -9
vt 11.894837379455566 1
vt 12.334067344665527 1
vt 11.894837379455566 -9
vt 12.334067344665527 1
vt 12.334067344665527 -9
vt 11.894837379455566 -9
vt 12.334067344665527 1
vt 12.788100242614746 1
vt 12.334067344665527 -9
vt 12.788100242614746 1
vt 12.788100242614746 -9
vt 12.334067344665527 -9
vt 12.788100242614746 1
vt 13.269814491271973 1
vt 12.788100242614746 -9
vt 13.269814491271973 1
vt 13.269814491271973 -9
vt 12.788100242614746 -9
vt 13.269814491271973 1
vt 13.733525276184082 1
vt 13.269814491271973 -9
vt 13.733525276184082 1
vt 13.733525276184082 -9
vt 13.269814491271973 -9
vt 13.733525276184082 1
vt 14.179231643676758 1
vt 13.733525276184082 -9
vt 14.179231643676758 1
vt 14.179231643676758 -9
vt 13.733525276184082 -9
vt 14.179231643676758 1
vt 14.60693359375 1
vt 14.179231643676758 -9
vt 14.60693359375 1
vt 14.60693359375 -9
vt 14.179231643676758 -9
vt 14.60693359375 1
vt 15.016631126403809 1
vt 14.60693359375 -9
vt 15.016631126403809 1
vt 15.016631126403809 -9
vt 14.60693359375 -9
vt 15.016631126403809 1
vt 15.4083251953125 1
vt 15.016631126403809 -9
vt 15.4083251953125 1
vt 15.4083251953125 -9
vt 15.016631126403809 -9
vt 15.4083251953125 1
vt 15.782014846801758 1
vt 15.4083251953125 -9
vt 15.782014846801758 1
vt 15.782014846801758 -9
vt 15.4083251953125 -9
vt 15.782014846801758 1
vt 16.137699127197266 1
vt 15.782014846801758 -9
vt 16.137699127197266 1
vt 16.137699127197266 -9
vt 15.782014846801758 -9
vt 16.137699127197266 1
vt 16.47538185119629 1
vt 16.137699127197266 -9
vt 16.47538185119629 1
vt 16.47538185119629 -9
vt 16.137699127197266 -9
vt 16.47538185119629 1
vt 16.795059204101562 1
vt 16.47538185119629 -9
vt 16.795059204101562 1
vt 16.795059204101562 -9
vt 16.47538185119629 -9
vt 16.795059204101562 1
vt 17.096731185913086 1
vt 16.795059204101562 -9
vt 17.096731185913086 1
vt 17.096731185913086 -9
vt 16.795059204101562 -9
vt 15.430485725402832 1
vt 15.139200210571289 1
vt 15.430485725402832 -9
vt 15.139200210571289 1
vt 15.139200210571289 -9
vt 15.430485725402832 -9
vt 15.139200210571289 1
vt 14.824552536010742 1
vt 15.139200210571289 -9
vt 14.824552536010742 1
vt 14.824552536010742 -9
vt 15.139200210571289 -9
vt 14.824552536010742 1
vt 14.488544464111328 1
vt 14.824552536010742 -9
vt 14.488544464111328 1
vt 14.488544464111328 -9
vt 14.824552536010742 -9
vt 14.488544464111328 1
vt 14.131175994873047 1
vt 14.488544464111328 -9
vt 14.131175994873047 1
vt 14.131175994873047 -9
vt 14.488544464111328 -9
vt 14.131175994873047 1
vt 13.752445220947266 1
vt 14.131175994873047 -9
vt 13.752445220947266 1
vt 13.752445220947266 -9
vt 14.131175994873047 -9
vt 13.752445220947266 1
vt 13.352354049682617 1
vt 13.752445220947266 -9
vt 13.352354049682617 1
vt 13.352354049682617 -9
vt 13.752445220947266 -9
vt 13.352354049682617 1
vt 12.930902481079102 1
vt 13.352354049682617 -9
vt 12.930902481079102 1
vt 12.930902481079102 -9
vt 13.352354049682617 -9
vt 12.930902481079102 1
vt 12.488089561462402 1
vt 12.930902481079102 -9
vt 12.488089561462402 1
vt 12.488089561462402 -9
vt 12.930902481079102 -9
vt 12.488089561462402 1
vt 12.02391529083252 1
vt 12.488089561462402 -9
vt 12.02391529083252 1
vt 12.02391529083252 -9
vt 12.488089561462402 -9
vt 12.02391529083252 1
vt 11.53838062286377 1
vt 12.02391529083252 -9
vt 11.53838062286377 1
vt 11.53838062286377 -9
vt 12.02391529083252 -9
vt 11.53838062286377 1
vt 11.031484603881836 1
vt 11.53838062286377 -9
vt 11.031484603881836 1
vt 11.031484603881836 -9
vt 11.53838062286377 -9
vt 11.031484603881836 1
vt 10.503228187561035 1
vt 11.031484603881836 -9
vt 10.503228187561035 1
vt 10.503228187561035 -9
vt 11.031484603881836 -9
vt 10.503228187561035 1
vt 9.95361042022705 1
vt 10.503228187561035 -9
vt 9.95361042022705 1
vt 9.95361042022705 -9
vt 10.503228187561035 -9
vt 9.95361042022705 1
vt 9.403303146362305 1
vt 9.95361042022705 -9
vt 9.403303146362305 1
vt 9.403303146362305 -9
vt 9.95361042022705 -9
vt 49.76369857788086 30.95949935913086
vt 49.76369857788086 27.75149917602539
vt 49.372989654541016 27.152742385864258
vt 29.307130813598633 27.597700119018555
vt 29.307130813598633 30.95949935913086
vt 49.76369857788086 30.95949935913086
vt 45.01115417480469 26.234466552734375
vt 45.470054626464844 26.912649154663086
vt 45.940399169921875 27.597700119018555
vt 44.12767791748047 24.898700714111328
vt 44.56369400024414 25.56315040588379
vt 45.01115417480469 26.234466552734375
vt 43.289974212646484 23.59040069580078
vt 43.70310592651367 24.241117477416992
vt 44.12767791748047 24.898700714111328
vt 42.498043060302734 22.309566497802734
vt 42.88828659057617 22.946550369262695
vt 43.289974212646484 23.59040069580078
vt 41.75188446044922 21.05620002746582
vt 42.11924362182617 21.6794490814209
vt 42.498043060302734 22.309566497802734
vt 41.05149841308594 19.830299377441406
vt 41.395973205566406 20.439817428588867
vt 41.75188446044922 21.05620002746582
vt 40.39384078979492 18.628206253051758
vt 40.717708587646484 19.226734161376953
vt 41.05149841308594 19.830299377441406
vt 39.775856018066406 17.44625473022461
vt 40.07988739013672 18.034711837768555
vt 40.39384078979492 18.628206253051758
vt 39.19755172729492 16.28445053100586
vt 39.48174285888672 16.862834930419922
vt 39.775856018066406 17.44625473022461
vt 38.6589241027832 15.142788887023926
vt 38.923274993896484 15.711101531982422
vt 39.19755172729492 16.28445053100586
vt 38.15997314453125 14.021272659301758
vt 38.40448760986328 14.579512596130371
vt 38.6589241027832 15.142788887023926
vt 37.70069885253906 12.919899940490723
vt 37.925376892089844 13.46806812286377
vt 38.15997314453125 14.021272659301758
vt 37.2533073425293 11.764205932617188
vt 37.47166061401367 12.33984088897705
vt 37.70069885253906 12.919899940490723
vt 36.84864044189453 10.626211166381836
vt 37.045631408691406 11.19299602508545
vt 37.2533073425293 11.764205932617188
vt 36.486698150634766 9.505914688110352
vt 36.66232681274414 10.063850402832031
vt 36.84864044189453 10.626211166381836
vt 36.16748046875 8.40331745147705
vt 36.32175064086914 8.952404022216797
vt 36.486698150634766 9.505914688110352
vt 35.8909912109375 7.318419456481934
vt 36.023895263671875 7.858656406402588
vt 36.16748046875 8.40331745147705
vt 35.657230377197266 6.251220226287842
vt 35.76877212524414 6.782607555389404
vt 35.8909912109375 7.318419456481934
vt 35.462528228759766 5.195616722106934
vt 35.55545425415039 5.722731590270996
vt 35.657230377197266 6.251220226287842
vt 35.30322265625 4.145506858825684
vt 35.37845230102539 4.669875144958496
vt 35.462528228759766 5.195616722106934
vt 35.1793212890625 3.1008899211883545
vt 35.236846923828125 3.622511625289917
vt 35.30322265625 4.145506858825684
vt 35.0908203125 2.0617666244506836
vt 35.130645751953125 2.580641746520996
vt 35.1793212890625 3.1008899211883545
vt 35.0377197265625 1.0281366109848022
vt 35.059844970703125 1.5442650318145752
vt 35.0908203125 2.0617666244506836
vt 35.02001953125 0
vt 35.024444580078125 0.5133816599845886
vt 35.0377197265625 1.0281366109848022
vt 39.157691955566406 0.7121279835700989
vt 39.150901794433594 0
vt 35.02001953125 0
vt 49.76369857788086 30.95949935913086
vt 49.372989654541016 27.152742385864258
vt 48.99189376831055 26.564971923828125
vt 45.940399169921875 27.597700119018555
vt 29.307130813598633 27.597700119018555
vt 49.76369857788086 30.95949935913086
vt 44.12767791748047 24.898700714111328
vt 45.01115417480469 26.234466552734375
vt 45.940399169921875 27.597700119018555
vt 42.498043060302734 22.309566497802734
vt 43.289974212646484 23.59040069580078
vt 44.12767791748047 24.898700714111328
vt 41.05149841308594 19.830299377441406
vt 41.75188446044922 21.05620002746582
vt 42.498043060302734 22.309566497802734
vt 39.775856018066406 17.44625473022461
vt 40.39384078979492 18.628206253051758
vt 41.05149841308594 19.830299377441406
vt 38.6589241027832 15.142788887023926
vt 39.19755172729492 16.28445053100586
vt 39.775856018066406 17.44625473022461
vt 37.70069885253906 12.919899940490723
vt 38.15997314453125 14.021272659301758
vt 38.6589241027832 15.142788887023926
vt 36.84864044189453 10.626211166381836
vt 37.2533073425293 11.764205932617188
vt 37.70069885253906 12.919899940490723
vt 36.16748046875 8.40331745147705
vt 36.486698150634766 9.505914688110352
vt 36.84864044189453 10.626211166381836
vt 35.657230377197266 6.251220226287842
vt 35.8909912109375 7.318419456481934
vt 36.16748046875 8.40331745147705
vt 35.30322265625 4.145506858825684
vt 35.462528228759766 5.195616722106934
vt 35.657230377197266 6.251220226287842
vt 35.0908203125 2.0617666244506836
vt 35.1793212890625 3.1008899211883545
vt 35.30322265625 4.145506858825684
vt 35.02001953125 0
vt 35.0377197265625 1.0281366109848022
vt 35.0908203125 2.0617666244506836
vt 39.178062438964844 1.4202885627746582
vt 39.157691955566406 0.7121279835700989
vt 35.02001953125 0
vt 49.76369857788086 30.95949935913086
vt 48.99189376831055 26.564971923828125
vt 48.62041091918945 25.988187789916992
vt 44.12767791748047 24.898700714111328
vt 45.940399169921875 27.597700119018555
vt 49.76369857788086 30.95949935913086
vt 41.05149841308594 19.830299377441406
vt 42.498043060302734 22.309566497802734
vt 44.12767791748047 24.898700714111328
vt 38.6589241027832 15.142788887023926
vt 39.775856018066406 17.44625473022461
vt 41.05149841308594 19.830299377441406
vt 36.84864044189453 10.626211166381836
vt 37.70069885253906 12.919899940490723
vt 38.6589241027832 15.142788887023926
vt 35.657230377197266 6.251220226287842
vt 36.16748046875 8.40331745147705
vt 36.84864044189453 10.626211166381836
vt 35.0908203125 2.0617666244506836
vt 35.30322265625 4.145506858825684
vt 35.657230377197266 6.251220226287842
vt 39.178062438964844 1.4202885627746582
vt 35.02001953125 0
vt 35.0908203125 2.0617666244506836
vt 49.76369857788086 30.95949935913086
vt 48.62041091918945 25.988187789916992
vt 48.258544921875 25.422388076782227
vt 41.05149841308594 19.830299377441406
vt 44.12767791748047 24.898700714111328
vt 49.76369857788086 30.95949935913086
vt 36.84864044189453 10.626211166381836
vt 38.6589241027832 15.142788887023926
vt 41.05149841308594 19.830299377441406
vt 35.0908203125 2.0617666244506836
vt 35.657230377197266 6.251220226287842
vt 36.84864044189453 10.626211166381836
vt 39.212013244628906 2.1244819164276123
vt 39.178062438964844 1.4202885627746582
vt 35.0908203125 2.0617666244506836
vt 49.76369857788086 30.95949935913086
vt 48.258544921875 25.422388076782227
vt 47.90629196166992 24.867576599121094
vt 36.84864044189453 10.626211166381836
vt 41.05149841308594 19.830299377441406
vt 49.76369857788086 30.95949935913086
vt 39.212013244628906 2.1244819164276123
vt 35.0908203125 2.0617666244506836
vt 36.84864044189453 10.626211166381836
vt 49.76369857788086 30.95949935913086
vt 47.90629196166992 24.867576599121094
vt 47.56364822387695 24.323749542236328
vt 39.259544372558594 2.8247077465057373
vt 39.212013244628906 2.1244819164276123
vt 36.84864044189453 10.626211166381836
vt 49.76369857788086 30.95949935913086
vt 47.56364822387695 24.323749542236328
vt 47.23062515258789 23.790908813476562
vt 39.320655822753906 3.5209662914276123
vt 39.259544372558594 2.8247077465057373
vt 36.84864044189453 10.626211166381836
vt 49.76369857788086 30.95949935913086
vt 47.23062515258789 23.790908813476562
vt 46.90721130371094 23.26905632019043
vt 39.39535140991211 4.213257312774658
vt 39.320655822753906 3.5209662914276123
vt 36.84864044189453 10.626211166381836
vt 49.76369857788086 30.95949935913086
vt 46.90721130371094 23.26905632019043
vt 46.593414306640625 22.758188247680664
vt 39.48362350463867 4.901581287384033
vt 39.39535140991211 4.213257312774658
vt 36.84864044189453 10.626211166381836
vt 49.76369857788086 30.95949935913086
vt 46.593414306640625 22.758188247680664
vt 46.28922653198242 22.2583065032959
vt 39.58547592163086 5.585937976837158
vt 39.48362350463867 4.901581287384033
vt 36.84864044189453 10.626211166381836
vt 49.76369857788086 30.95949935913086
vt 46.28922653198242 22.2583065032959
vt 45.99465560913086 21.7694091796875
vt 39.70091247558594 6.266326904296875
vt 39.58547592163086 5.585937976837158
vt 36.84864044189453 10.626211166381836
vt 49.76369857788086 30.95949935913086
vt 45.99465560913086 21.7694091796875
vt 45.70970153808594 21.291500091552734
vt 39.82992935180664 6.942748546600342
vt 39.70091247558594 6.266326904296875
vt 36.84864044189453 10.626211166381836
vt 49.76369857788086 30.95949935913086
vt 45.70970153808594 21.291500091552734
vt 45.43450927734375 20.824424743652344
vt 39.9725227355957 7.615202903747559
vt 39.82992935180664 6.942748546600342
vt 36.84864044189453 10.626211166381836
vt 49.76369857788086 30.95949935913086
vt 45.43450927734375 20.824424743652344
vt 45.16923522949219 20.368030548095703
vt 40.128700256347656 8.283690452575684
vt 39.9725227355957 7.615202903747559
vt 36.84864044189453 10.626211166381836
vt 49.76369857788086 30.95949935913086
vt 45.16923522949219 20.368030548095703
vt 44.91387939453125 19.922319412231445
vt 40.29844284057617 8.95095443725586
vt 40.128700256347656 8.283690452575684
vt 36.84864044189453 10.626211166381836
vt 49.76369857788086 30.95949935913086
vt 44.91387939453125 19.922319412231445
vt 44.6684455871582 19.487289428710938
vt 40.48176574707031 9.619746208190918
vt 40.29844284057617 8.95095443725586
vt 36.84864044189453 10.626211166381836
vt 49.76369857788086 30.95949935913086
vt 44.6684455871582 19.487289428710938
vt 44.432926177978516 19.06294059753418
vt 40.67866897583008 10.29006290435791
vt 40.48176574707031 9.619746208190918
vt 36.84864044189453 10.626211166381836
vt 49.76369857788086 30.95949935913086
vt 44.432926177978516 19.06294059753418
vt 44.20732498168945 18.649274826049805
vt 40.889156341552734 10.961906433105469
vt 40.67866897583008 10.29006290435791
vt 36.84864044189453 10.626211166381836
vt 49.76369857788086 30.95949935913086
vt 44.20732498168945 18.649274826049805
vt 43.991641998291016 18.24629020690918
vt 41.113224029541016 11.635276794433594
vt 40.889156341552734 10.961906433105469
vt 36.84864044189453 10.626211166381836
vt 49.76369857788086 30.95949935913086
vt 43.991641998291016 18.24629020690918
vt 43.7858772277832 17.853988647460938
vt 41.35087585449219 12.310172080993652
vt 41.113224029541016 11.635276794433594
vt 36.84864044189453 10.626211166381836
vt 49.76369857788086 30.95949935913086
vt 43.7858772277832 17.853988647460938
vt 43.590030670166016 17.472368240356445
vt 41.602108001708984 12.986595153808594
vt 41.35087585449219 12.310172080993652
vt 36.84864044189453 10.626211166381836
vt 49.76369857788086 30.95949935913086
vt 43.590030670166016 17.472368240356445
vt 43.40410232543945 17.101430892944336
vt 41.866920471191406 13.664543151855469
vt 41.602108001708984 12.986595153808594
vt 36.84864044189453 10.626211166381836
vt 49.76369857788086 30.95949935913086
vt 43.40410232543945 17.101430892944336
vt 43.228092193603516 16.741174697875977
vt 42.14531707763672 14.34401798248291
vt 41.866920471191406 13.664543151855469
vt 36.84864044189453 10.626211166381836
vt 49.76369857788086 30.95949935913086
vt 43.228092193603516 16.741174697875977
vt 43.0620002746582 16.391599655151367
vt 42.43729782104492 15.025018692016602
vt 42.14531707763672 14.34401798248291
vt 36.84864044189453 10.626211166381836
vt 49.76369857788086 30.95949935913086
vt 43.0620002746582 16.391599655151367
vt 42.74285888671875 15.70754623413086
vt 42.74285888671875 15.70754623413086
vt 42.43729782104492 15.025018692016602
vt 36.84864044189453 10.626211166381836
vt 36.84864044189453 10.626211166381836
vt 49.76369857788086 30.95949935913086
vt 42.74285888671875 15.70754623413086
vt 49.372989654541016 27.152742385864258
vt 49.76369857788086 27.75149917602539
vt 49.76369857788086 30.95949935913086
vt 49.76369857788086 30.95949935913086
vt 29.307130813598633 30.95949935913086
vt 29.307130813598633 27.597700119018555
vt 45.940399169921875 27.597700119018555
vt 45.470054626464844 26.912649154663086
vt 45.01115417480469 26.234466552734375
vt 45.01115417480469 26.234466552734375
vt 44.56369400024414 25.56315040588379
vt 44.12767791748047 24.898700714111328
vt 44.12767791748047 24.898700714111328
vt 43.70310592651367 24.241117477416992
vt 43.289974212646484 23.59040069580078
vt 43.289974212646484 23.59040069580078
vt 42.88828659057617 22.946550369262695
vt 42.498043060302734 22.309566497802734
vt 42.498043060302734 22.309566497802734
vt 42.11924362182617 21.6794490814209
vt 41.75188446044922 21.05620002746582
vt 41.75188446044922 21.05620002746582
vt 41.395973205566406 20.439817428588867
vt 41.05149841308594 19.830299377441406
vt 41.05149841308594 19.830299377441406
vt 40.717708587646484 19.226734161376953
vt 40.39384078979492 18.628206253051758
vt 40.39384078979492 18.628206253051758
vt 40.07988739013672 18.034711837768555
vt 39.775856018066406 17.44625473022461
vt 39.775856018066406 17.44625473022461
vt 39.48174285888672 16.862834930419922
vt 39.19755172729492 16.28445053100586
vt 39.19755172729492 16.28445053100586
vt 38.923274993896484 15.711101531982422
vt 38.6589241027832 15.142788887023926
vt 38.6589241027832 15.142788887023926
vt 38.40448760986328 14.579512596130371
vt 38.15997314453125 14.021272659301758
vt 38.15997314453125 14.021272659301758
vt 37.925376892089844 13.46806812286377
vt 37.70069885253906 12.919899940490723
vt 37.70069885253906 12.919899940490723
vt 37.47166061401367 12.33984088897705
vt 37.2533073425293 11.764205932617188
vt 37.2533073425293 11.764205932617188
vt 37.045631408691406 11.19299602508545
vt 36.84864044189453 10.626211166381836
vt 36.84864044189453 10.626211166381836
vt 36.66232681274414 10.063850402832031
vt 36.486698150634766 9.505914688110352
vt 36.486698150634766 9.505914688110352
vt 36.32175064086914 8.952404022216797
vt 36.16748046875 8.40331745147705
vt 36.16748046875 8.40331745147705
vt 36.023895263671875 7.858656406402588
vt 35.8909912109375 7.318419456481934
vt 35.8909912109375 7.318419456481934
vt 35.76877212524414 6.782607555389404
vt 35.657230377197266 6.251220226287842
vt 35.657230377197266 6.251220226287842
vt 35.55545425415039 5.722731590270996
vt 35.462528228759766 5.195616722106934
vt 35.462528228759766 5.195616722106934
vt 35.37845230102539 4.669875144958496
vt 35.30322265625 4.145506858825684
vt 35.30322265625 4.145506858825684
vt 35.236846923828125 3.622511625289917
vt 35.1793212890625 3.1008899211883545
vt 35.1793212890625 3.1008899211883545
vt 35.130645751953125 2.580641746520996
vt 35.0908203125 2.0617666244506836
vt 35.0908203125 2.0617666244506836
vt 35.059844970703125 1.5442650318145752
vt 35.0377197265625 1.0281366109848022
vt 35.0377197265625 1.0281366109848022
vt 35.024444580078125 0.5133816599845886
vt 35.02001953125 0
vt 35.02001953125 0
vt 39.150901794433594 0
vt 39.157691955566406 0.7121279835700989
vt 48.99189376831055 26.564971923828125
vt 49.372989654541016 27.152742385864258
vt 49.76369857788086 30.95949935913086
vt 49.76369857788086 30.95949935913086
vt 29.307130813598633 27.597700119018555
vt 45.940399169921875 27.597700119018555
vt 45.940399169921875 27.597700119018555
vt 45.01115417480469 26.234466552734375
vt 44.12767791748047 24.898700714111328
vt 44.12767791748047 24.898700714111328
vt 43.289974212646484 23.59040069580078
vt 42.498043060302734 22.309566497802734
vt 42.498043060302734 22.309566497802734
vt 41.75188446044922 21.05620002746582
vt 41.05149841308594 19.830299377441406
vt 41.05149841308594 19.830299377441406
vt 40.39384078979492 18.628206253051758
vt 39.775856018066406 17.44625473022461
vt 39.775856018066406 17.44625473022461
vt 39.19755172729492 16.28445053100586
vt 38.6589241027832 15.142788887023926
vt 38.6589241027832 15.142788887023926
vt 38.15997314453125 14.021272659301758
vt 37.70069885253906 12.919899940490723
vt 37.70069885253906 12.919899940490723
vt 37.2533073425293 11.764205932617188
vt 36.84864044189453 10.626211166381836
vt 36.84864044189453 10.626211166381836
vt 36.486698150634766 9.505914688110352
vt 36.16748046875 8.40331745147705
vt 36.16748046875 8.40331745147705
vt 35.8909912109375 7.318419456481934
vt 35.657230377197266 6.251220226287842
vt 35.657230377197266 6.251220226287842
vt 35.462528228759766 5.195616722106934
vt 35.30322265625 4.145506858825684
vt 35.30322265625 4.145506858825684
vt 35.1793212890625 3.1008899211883545
vt 35.0908203125 2.0617666244506836
vt 35.0908203125 2.0617666244506836
vt 35.0377197265625 1.0281366109848022
vt 35.02001953125 0
vt 35.02001953125 0
vt 39.157691955566406 0.7121279835700989
vt 39.178062438964844 1.4202885627746582
vt 48.62041091918945 25.988187789916992
vt 48.99189376831055 26.564971923828125
vt 49.76369857788086 30.95949935913086
vt 49.76369857788086 30.95949935913086
vt 45.940399169921875 27.597700119018555
vt 44.12767791748047 24.898700714111328
vt 44.12767791748047 24.898700714111328
vt 42.498043060302734 22.309566497802734
vt 41.05149841308594 19.830299377441406
vt 41.05149841308594 19.830299377441406
vt 39.775856018066406 17.44625473022461
vt 38.6589241027832 15.142788887023926
vt 38.6589241027832 15.142788887023926
vt 37.70069885253906 12.919899940490723
vt 36.84864044189453 10.626211166381836
vt 36.84864044189453 10.626211166381836
vt 36.16748046875 8.40331745147705
vt 35.657230377197266 6.251220226287842
vt 35.657230377197266 6.251220226287842
vt 35.30322265625 4.145506858825684
vt 35.0908203125 2.0617666244506836
vt 35.0908203125 2.0617666244506836
vt 35.02001953125 0
vt 39.178062438964844 1.4202885627746582
vt 48.258544921875 25.422388076782227
vt 48.62041091918945 25.988187789916992
vt 49.76369857788086 30.95949935913086
vt 49.76369857788086 30.95949935913086
vt 44.12767791748047 24.898700714111328
vt 41.05149841308594 19.830299377441406
vt 41.05149841308594 19.830299377441406
vt 38.6589241027832 15.142788887023926
vt 36.84864044189453 10.626211166381836
vt 36.84864044189453 10.626211166381836
vt 35.657230377197266 6.251220226287842
vt 35.0908203125 2.0617666244506836
vt 35.0908203125 2.0617666244506836
vt 39.178062438964844 1.4202885627746582
vt 39.212013244628906 2.1244819164276123
vt 47.90629196166992 24.867576599121094
vt 48.258544921875 25.422388076782227
vt 49.76369857788086 30.95949935913086
vt 49.76369857788086 30.95949935913086
vt 41.05149841308594 19.830299377441406
vt 36.84864044189453 10.626211166381836
vt 36.84864044189453 10.626211166381836
vt 35.0908203125 2.0617666244506836
vt 39.212013244628906 2.1244819164276123
vt 47.56364822387695 24.323749542236328
vt 47.90629196166992 24.867576599121094
vt 49.76369857788086 30.95949935913086
vt 36.84864044189453 10.626211166381836
vt 39.212013244628906 2.1244819164276123
vt 39.259544372558594 2.8247077465057373
vt 47.23062515258789 23.790908813476562
vt 47.56364822387695 24.323749542236328
vt 49.76369857788086 30.95949935913086
vt 36.84864044189453 10.626211166381836
vt 39.259544372558594 2.8247077465057373
vt 39.320655822753906 3.5209662914276123
vt 46.90721130371094 23.26905632019043
vt 47.23062515258789 23.790908813476562
vt 49.76369857788086 30.95949935913086
vt 36.84864044189453 10.626211166381836
vt 39.320655822753906 3.5209662914276123
vt 39.39535140991211 4.213257312774658
vt 46.593414306640625 22.758188247680664
vt 46.90721130371094 23.26905632019043
vt 49.76369857788086 30.95949935913086
vt 36.84864044189453 10.626211166381836
vt 39.39535140991211 4.213257312774658
vt 39.48362350463867 4.901581287384033
vt 46.28922653198242 22.2583065032959
vt 46.593414306640625 22.758188247680664
vt 49.76369857788086 30.95949935913086
vt 36.84864044189453 10.626211166381836
vt 39.48362350463867 4.901581287384033
vt 39.58547592163086 5.585937976837158
vt 45.99465560913086 21.7694091796875
vt 46.28922653198242 22.2583065032959
vt 49.76369857788086 30.95949935913086
vt 36.84864044189453 10.626211166381836
vt 39.58547592163086 5.585937976837158
vt 39.70091247558594 6.266326904296875
vt 45.70970153808594 21.291500091552734
vt 45.99465560913086 21.7694091796875
vt 49.76369857788086 30.95949935913086
vt 36.84864044189453 10.626211166381836
vt 39.70091247558594 6.266326904296875
vt 39.82992935180664 6.942748546600342
vt 45.43450927734375 20.824424743652344
vt 45.70970153808594 21.291500091552734
vt 49.76369857788086 30.95949935913086
vt 36.84864044189453 10.626211166381836
vt 39.82992935180664 6.942748546600342
vt 39.9725227355957 7.615202903747559
vt 45.16923522949219 20.368030548095703
vt 45.43450927734375 20.824424743652344
vt 49.76369857788086 30.95949935913086
vt 36.84864044189453 10.626211166381836
vt 39.9725227355957 7.615202903747559
vt 40.128700256347656 8.283690452575684
vt 44.91387939453125 19.922319412231445
vt 45.16923522949219 20.368030548095703
vt 49.76369857788086 30.95949935913086
vt 36.84864044189453 10.626211166381836
vt 40.128700256347656 8.283690452575684
vt 40.29844284057617 8.95095443725586
vt 44.6684455871582 19.487289428710938
vt 44.91387939453125 19.922319412231445
vt 49.76369857788086 30.95949935913086
vt 36.84864044189453 10.626211166381836
vt 40.29844284057617 8.95095443725586
vt 40.48176574707031 9.619746208190918
vt 44.432926177978516 19.06294059753418
vt 44.6684455871582 19.487289428710938
vt 49.76369857788086 30.95949935913086
vt 36.84864044189453 10.626211166381836
vt 40.48176574707031 9.619746208190918
vt 40.67866897583008 10.29006290435791
vt 44.20732498168945 18.649274826049805
vt 44.432926177978516 19.06294059753418
vt 49.76369857788086 30.95949935913086
vt 36.84864044189453 10.626211166381836
vt 40.67866897583008 10.29006290435791
vt 40.889156341552734 10.961906433105469
vt 43.991641998291016 18.24629020690918
vt 44.20732498168945 18.649274826049805
vt 49.76369857788086 30.95949935913086
vt 36.84864044189453 10.626211166381836
vt 40.889156341552734 10.961906433105469
vt 41.113224029541016 11.635276794433594
vt 43.7858772277832 17.853988647460938
vt 43.991641998291016 18.24629020690918
vt 49.76369857788086 30.95949935913086
vt 36.84864044189453 10.626211166381836
vt 41.113224029541016 11.635276794433594
vt 41.35087585449219 12.310172080993652
vt 43.590030670166016 17.472368240356445
vt 43.7858772277832 17.853988647460938
vt 49.76369857788086 30.95949935913086
vt 36.84864044189453 10.626211166381836
vt 41.35087585449219 12.310172080993652
vt 41.602108001708984 12.986595153808594
vt 43.40410232543945 17.101430892944336
vt 43.590030670166016 17.472368240356445
vt 49.76369857788086 30.95949935913086
vt 36.84864044189453 10.626211166381836
vt 41.602108001708984 12.986595153808594
vt 41.866920471191406 13.664543151855469
vt 43.228092193603516 16.741174697875977
vt 43.40410232543945 17.101430892944336
vt 49.76369857788086 30.95949935913086
vt 36.84864044189453 10.626211166381836
vt 41.866920471191406 13.664543151855469
vt 42.14531707763672 14.34401798248291
vt 43.0620002746582 16.391599655151367
vt 43.228092193603516 16.741174697875977
vt 49.76369857788086 30.95949935913086
vt 36.84864044189453 10.626211166381836
vt 42.14531707763672 14.34401798248291
vt 42.43729782104492 15.025018692016602
vt 42.74285888671875 15.70754623413086
vt 43.0620002746582 16.391599655151367
vt 49.76369857788086 30.95949935913086
vt 36.84864044189453 10.626211166381836
vt 42.43729782104492 15.025018692016602
vt 42.74285888671875 15.70754623413086
vt 42.74285888671875 15.70754623413086
vt 49.76369857788086 30.95949935913086
vt 36.84864044189453 10.626211166381836
vt 49.76369857788086 1
vt 29.307130813598633 1
vt 49.76369857788086 -9
vt 29.307130813598633 1
vt 29.307130813598633 -9
vt 49.76369857788086 -9
vt 30.95949935913086 1
vt 27.597700119018555 1
vt 30.95949935913086 -9
vt 27.597700119018555 1
vt 27.597700119018555 -9
vt 30.95949935913086 -9
vt 29.307130813598633 1
vt 45.940399169921875 1
vt 29.307130813598633 -9
vt 45.940399169921875 1
vt 45.940399169921875 -9
vt 29.307130813598633 -9
vt 27.597700119018555 1
vt 26.912649154663086 1
vt 27.597700119018555 -9
vt 26.912649154663086 1
vt 26.912649154663086 -9
vt 27.597700119018555 -9
vt 26.912649154663086 1
vt 26.234466552734375 1
vt 26.912649154663086 -9
vt 26.234466552734375 1
vt 26.234466552734375 -9
vt 26.912649154663086 -9
vt 26.234466552734375 1
vt 25.56315040588379 1
vt 26.234466552734375 -9
vt 25.56315040588379 1
vt 25.56315040588379 -9
vt 26.234466552734375 -9
vt 25.56315040588379 1
vt 24.898700714111328 1
vt 25.56315040588379 -9
vt 24.898700714111328 1
vt 24.898700714111328 -9
vt 25.56315040588379 -9
vt 24.898700714111328 1
vt 24.241117477416992 1
vt 24.898700714111328 -9
vt 24.241117477416992 1
vt 24.241117477416992 -9
vt 24.898700714111328 -9
vt 24.241117477416992 1
vt 23.59040069580078 1
vt 24.241117477416992 -9
vt 23.59040069580078 1
vt 23.59040069580078 -9
vt 24.241117477416992 -9
vt 23.59040069580078 1
vt 22.946550369262695 1
vt 23.59040069580078 -9
vt 22.946550369262695 1
vt 22.946550369262695 -9
vt 23.59040069580078 -9
vt 22.946550369262695 1
vt 22.309566497802734 1
vt 22.946550369262695 -9
vt 22.309566497802734 1
vt 22.309566497802734 -9
vt 22.946550369262695 -9
vt 22.309566497802734 1
vt 21.6794490814209 1
vt 22.309566497802734 -9
vt 21.6794490814209 1
vt 21.6794490814209 -9
vt 22.309566497802734 -9
vt 21.6794490814209 1
vt 21.05620002746582 1
vt 21.6794490814209 -9
vt 21.05620002746582 1
vt 21.05620002746582 -9
vt 21.6794490814209 -9
vt 21.05620002746582 1
vt 20.439817428588867 1
vt 21.05620002746582 -9
vt 20.439817428588867 1
vt 20.439817428588867 -9
vt 21.05620002746582 -9
vt 20.439817428588867 1
vt 19.830299377441406 1
vt 20.439817428588867 -9
vt 19.830299377441406 1
vt 19.830299377441406 -9
vt 20.439817428588867 -9
vt 19.830299377441406 1
vt 19.226734161376953 1
vt 19.830299377441406 -9
vt 19.226734161376953 1
vt 19.226734161376953 -9
vt 19.830299377441406 -9
vt 19.226734161376953 1
vt 18.628206253051758 1
vt 19.226734161376953 -9
vt 18.628206253051758 1
vt 18.628206253051758 -9
vt 19.226734161376953 -9
vt 18.628206253051758 1
vt 18.034711837768555 1
vt 18.628206253051758 -9
vt 18.034711837768555 1
vt 18.034711837768555 -9
vt 18.628206253051758 -9
vt 18.034711837768555 1
vt 17.44625473022461 1
vt 18.034711837768555 -9
vt 17.44625473022461 1
vt 17.44625473022461 -9
vt 18.034711837768555 -9
vt 17.44625473022461 1
vt 16.862834930419922 1
vt 17.44625473022461 -9
vt 16.862834930419922 1
vt 16.862834930419922 -9
vt 17.44625473022461 -9
vt 16.862834930419922 1
vt 16.28445053100586 1
vt 16.862834930419922 -9
vt 16.28445053100586 1
vt 16.28445053100586 -9
vt 16.862834930419922 -9
vt 16.28445053100586 1
vt 15.711101531982422 1
vt 16.28445053100586 -9
vt 15.711101531982422 1
vt 15.711101531982422 -9
vt 16.28445053100586 -9
vt 15.711101531982422 1
vt 15.142788887023926 1
vt 15.711101531982422 -9
vt 15.142788887023926 1
vt 15.142788887023926 -9
vt 15.711101531982422 -9
vt 15.142788887023926 1
vt 14.579512596130371 1
vt 15.142788887023926 -9
vt 14.579512596130371 1
vt 14.579512596130371 -9
vt 15.142788887023926 -9
vt 14.579512596130371 1
vt 14.021272659301758 1
vt 14.579512596130371 -9
vt 14.021272659301758 1
vt 14.021272659301758 -9
vt 14.579512596130371 -9
vt 14.021272659301758 1
vt 13.46806812286377 1
vt 14.021272659301758 -9
vt 13.46806812286377 1
vt 13.46806812286377 -9
vt 14.021272659301758 -9
vt 13.46806812286377 1
vt 12.919899940490723 1
vt 13.46806812286377 -9
vt 12.919899940490723 1
vt 12.919899940490723 -9
vt 13.46806812286377 -9
vt 12.919899940490723 1
vt 12.33984088897705 1
vt 12.919899940490723 -9
vt 12.33984088897705 1
vt 12.33984088897705 -9
vt 12.919899940490723 -9
vt 12.33984088897705 1
vt 11.764205932617188 1
vt 12.33984088897705 -9
vt 11.764205932617188 1
vt 11.764205932617188 -9
vt 12.33984088897705 -9
vt 11.764205932617188 1
vt 11.19299602508545 1
vt 11.764205932617188 -9
vt 11.19299602508545 1
vt 11.19299602508545 -9
vt 11.764205932617188 -9
vt 11.19299602508545 1
vt 10.626211166381836 1
vt 11.19299602508545 -9
vt 10.626211166381836 1
vt 10.626211166381836 -9
vt 11.19299602508545 -9
vt 10.626211166381836 1
vt 10.063850402832031 1
vt 10.626211166381836 -9
vt 10.063850402832031 1
vt 10.063850402832031 -9
vt 10.626211166381836 -9
vt 10.063850402832031 1
vt 9.505914688110352 1
vt 10.063850402832031 -9
vt 9.505914688110352 1
vt 9.505914688110352 -9
vt 10.063850402832031 -9
vt 9.505914688110352 1
vt 8.952404022216797 1
vt 9.505914688110352 -9
vt 8.952404022216797 1
vt 8.952404022216797 -9
vt 9.505914688110352 -9
vt 8.952404022216797 1
vt 8.40331745147705 1
vt 8.952404022216797 -9
vt 8.40331745147705 1
vt 8.40331745147705 -9
vt 8.952404022216797 -9
vt 8.40331745147705 1
vt 7.858656406402588 1
vt 8.40331745147705 -9
vt 7.858656406402588 1
vt 7.858656406402588 -9
vt 8.40331745147705 -9
vt 7.858656406402588 1
vt 7.318419456481934 1
vt 7.858656406402588 -9
vt 7.318419456481934 1
vt 7.318419456481934 -9
vt 7.858656406402588 -9
vt 7.318419456481934 1
vt 6.782607555389404 1
vt 7.318419456481934 -9
vt 6.782607555389404 1
vt 6.782607555389404 -9
vt 7.318419456481934 -9
vt 6.782607555389404 1
vt 6.251220226287842 1
vt 6.782607555389404 -9
vt 6.251220226287842 1
vt 6.251220226287842 -9
vt 6.782607555389404 -9
vt 6.251220226287842 1
vt 5.722731590270996 1
vt 6.251220226287842 -9
vt 5.722731590270996 1
vt 5.722731590270996 -9
vt 6.251220226287842 -9
vt 5.722731590270996 1
vt 5.195616722106934 1
vt 5.722731590270996 -9
vt 5.195616722106934 1
vt 5.195616722106934 -9
vt 5.722731590270996 -9
vt 5.195616722106934 1
vt 4.669875144958496 1
vt 5.195616722106934 -9
vt 4.669875144958496 1
vt 4.669875144958496 -9
vt 5.195616722106934 -9
vt 4.669875144958496 1
vt 4.145506858825684 1
vt 4.669875144958496 -9
vt 4.145506858825684 1
vt 4.145506858825684 -9
vt 4.669875144958496 -9
vt 4.145506858825684 1
vt 3.622511625289917 1
vt 4.145506858825684 -9
vt 3.622511625289917 1
vt 3.622511625289917 -9
vt 4.145506858825684 -9
vt 3.622511625289917 1
vt 3.1008899211883545 1
vt 3.622511625289917 -9
vt 3.1008899211883545 1
vt 3.1008899211883545 -9
vt 3.622511625289917 -9
vt 3.1008899211883545 1
vt 2.580641746520996 1
vt 3.1008899211883545 -9
vt 2.580641746520996 1
vt 2.580641746520996 -9
vt 3.1008899211883545 -9
vt 2.580641746520996 1
vt 2.0617666244506836 1
vt 2.580641746520996 -9
vt 2.0617666244506836 1
vt 2.0617666244506836 -9
vt 2.580641746520996 -9
vt 2.0617666244506836 1
vt 1.5442650318145752 1
vt 2.0617666244506836 -9
vt 1.5442650318145752 1
vt 1.5442650318145752 -9
vt 2.0617666244506836 -9
vt 1.5442650318145752 1
vt 1.0281366109848022 1
vt 1.5442650318145752 -9
vt 1.0281366109848022 1
vt 1.0281366109848022 -9
vt 1.5442650318145752 -9
vt 1.0281366109848022 1
vt 0.5133816599845886 1
vt 1.0281366109848022 -9
vt 0.5133816599845886 1
vt 0.5133816599845886 -9
vt 1.0281366109848022 -9
vt 0.5133816599845886 1
vt 0 1
vt 0.5133816599845886 -9
vt 0 1
vt 0 -9
vt 0.5133816599845886 -9
vt 35.02001953125 1
vt 39.150901794433594 1
vt 35.02001953125 -9
vt 39.150901794433594 1
vt 39.150901794433594 -9
vt 35.02001953125 -9
vt 0 1
vt 0.7121279835700989 1
vt 0 -9
vt 0.7121279835700989 1
vt 0.7121279835700989 -9
vt 0 -9
vt 0.7121279835700989 1
vt 1.4202885627746582 1
vt 0.7121279835700989 -9
vt 1.4202885627746582 1
vt 1.4202885627746582 -9
vt 0.7121279835700989 -9
vt 1.4202885627746582 1
vt 2.1244819164276123 1
vt 1.4202885627746582 -9
vt 2.1244819164276123 1
vt 2.1244819164276123 -9
vt 1.4202885627746582 -9
vt 2.1244819164276123 1
vt 2.8247077465057373 1
vt 2.1244819164276123 -9
vt 2.8247077465057373 1
vt 2.8247077465057373 -9
vt 2.1244819164276123 -9
vt 2.8247077465057373 1
vt 3.5209662914276123 1
vt 2.8247077465057373 -9
vt 3.5209662914276123 1
vt 3.5209662914276123 -9
vt 2.8247077465057373 -9
vt 3.5209662914276123 1
vt 4.213257312774658 1
vt 3.5209662914276123 -9
vt 4.213257312774658 1
vt 4.213257312774658 -9
vt 3.5209662914276123 -9
vt 4.213257312774658 1
vt 4.901581287384033 1
vt 4.213257312774658 -9
vt 4.901581287384033 1
vt 4.901581287384033 -9
vt 4.213257312774658 -9
vt 4.901581287384033 1
vt 5.585937976837158 1
vt 4.901581287384033 -9
vt 5.585937976837158 1
vt 5.585937976837158 -9
vt 4.901581287384033 -9
vt 5.585937976837158 1
vt 6.266326904296875 1
vt 5.585937976837158 -9
vt 6.266326904296875 1
vt 6.266326904296875 -9
vt 5.585937976837158 -9
vt 6.266326904296875 1
vt 6.942748546600342 1
vt 6.266326904296875 -9
vt 6.942748546600342 1
vt 6.942748546600342 -9
vt 6.266326904296875 -9
vt 6.942748546600342 1
vt 7.615202903747559 1
vt 6.942748546600342 -9
vt 7.615202903747559 1
vt 7.615202903747559 -9
vt 6.942748546600342 -9
vt 7.615202903747559 1
vt 8.283690452575684 1
vt 7.615202903747559 -9
vt 8.283690452575684 1
vt 8.283690452575684 -9
vt 7.615202903747559 -9
vt 8.283690452575684 1
vt 8.95095443725586 1
vt 8.283690452575684 -9
vt 8.95095443725586 1
vt 8.95095443725586 -9
vt 8.283690452575684 -9
vt 8.95095443725586 1
vt 9.619746208190918 1
vt 8.95095443725586 -9
vt 9.619746208190918 1
vt 9.619746208190918 -9
vt 8.95095443725586 -9
vt 9.619746208190918 1
vt 10.29006290435791 1
vt 9.619746208190918 -9
vt 10.29006290435791 1
vt 10.29006290435791 -9
vt 9.619746208190918 -9
vt 10.29006290435791 1
vt 10.961906433105469 1
vt 10.29006290435791 -9
vt 10.961906433105469 1
vt 10.961906433105469 -9
vt 10.29006290435791 -9
vt 10.961906433105469 1
vt 11.635276794433594 1
vt 10.961906433105469 -9
vt 11.635276794433594 1
vt 11.635276794433594 -9
vt 10.961906433105469 -9
vt 11.635276794433594 1
vt 12.310172080993652 1
vt 11.635276794433594 -9
vt 12.310172080993652 1
vt 12.310172080993652 -9
vt 11.635276794433594 -9
vt 12.310172080993652 1
vt 12.986595153808594 1
vt 12.310172080993652 -9
vt 12.986595153808594 1
vt 12.986595153808594 -9
vt 12.310172080993652 -9
vt 12.986595153808594 1
vt 13.664543151855469 1
vt 12.986595153808594 -9
vt 13.664543151855469 1
vt 13.664543151855469 -9
vt 12.986595153808594 -9
vt 13.664543151855469 1
vt 14.34401798248291 1
vt 13.664543151855469 -9
vt 14.34401798248291 1
vt 14.34401798248291 -9
vt 13.664543151855469 -9
vt 14.34401798248291 1
vt 15.025018692016602 1
vt 14.34401798248291 -9
vt 15.025018692016602 1
vt 15.025018692016602 -9
vt 14.34401798248291 -9
vt 15.025018692016602 1
vt 15.70754623413086 1
vt 15.025018692016602 -9
vt 15.70754623413086 1
vt 15.70754623413086 -9
vt 15.025018692016602 -9
vt 15.70754623413086 1
vt 16.391599655151367 1
vt 15.70754623413086 -9
vt 16.391599655151367 1
vt 16.391599655151367 -9
vt 15.70754623413086 -9
vt 16.391599655151367 1
vt 16.741174697875977 1
vt 16.391599655151367 -9
vt 16.741174697875977 1
vt 16.741174697875977 -9
vt 16.391599655151367 -9
vt 16.741174697875977 1
vt 17.101430892944336 1
vt 16.741174697875977 -9
vt 17.101430892944336 1
vt 17.101430892944336 -9
vt 16.741174697875977 -9
vt 17.101430892944336 1
vt 17.472368240356445 1
vt 17.101430892944336 -9
vt 17.472368240356445 1
vt 17.472368240356445 -9
vt 17.101430892944336 -9
vt 17.472368240356445 1
vt 17.853988647460938 1
vt 17.472368240356445 -9
vt 17.853988647460938 1
vt 17.853988647460938 -9
vt 17.472368240356445 -9
vt 17.853988647460938 1
vt 18.24629020690918 1
vt 17.853988647460938 -9
vt 18.24629020690918 1
vt 18.24629020690918 -9
vt 17.853988647460938 -9
vt 18.24629020690918 1
vt 18.649274826049805 1
vt 18.24629020690918 -9
vt 18.649274826049805 1
vt 18.649274826049805 -9
vt 18.24629020690918 -9
vt 18.649274826049805 1
vt 19.06294059753418 1
vt 18.649274826049805 -9
vt 19.06294059753418 1
vt 19.06294059753418 -9
vt 18.649274826049805 -9
vt 19.06294059753418 1
vt 19.487289428710938 1
vt 19.06294059753418 -9
vt 19.487289428710938 1
vt 19.487289428710938 -9
vt 19.06294059753418 -9
vt 19.487289428710938 1
vt 19.922319412231445 1
vt 19.487289428710938 -9
vt 19.922319412231445 1
vt 19.922319412231445 -9
vt 19.487289428710938 -9
vt 19.922319412231445 1
vt 20.368030548095703 1
vt 19.922319412231445 -9
vt 20.368030548095703 1
vt 20.368030548095703 -9
vt 19.922319412231445 -9
vt 20.368030548095703 1
vt 20.824424743652344 1
vt 20.368030548095703 -9
vt 20.824424743652344 1
vt 20.824424743652344 -9
vt 20.368030548095703 -9
vt 20.824424743652344 1
vt 21.291500091552734 1
vt 20.824424743652344 -9
vt 21.291500091552734 1
vt 21.291500091552734 -9
vt 20.824424743652344 -9
vt 21.291500091552734 1
vt 21.7694091796875 1
vt 21.291500091552734 -9
vt 21.7694091796875 1
vt 21.7694091796875 -9
vt 21.291500091552734 -9
vt 21.7694091796875 1
vt 22.2583065032959 1
vt 21.7694091796875 -9
vt 22.2583065032959 1
vt 22.2583065032959 -9
vt 21.7694091796875 -9
vt 22.2583065032959 1
vt 22.758188247680664 1
vt 22.2583065032959 -9
vt 22.758188247680664 1
vt 22.758188247680664 -9
vt 22.2583065032959 -9
vt 22.758188247680664 1
vt 23.26905632019043 1
vt 22.758188247680664 -9
vt 23.26905632019043 1
vt 23.26905632019043 -9
vt 22.758188247680664 -9
vt 23.26905632019043 1
vt 23.790908813476562 1
vt 23.26905632019043 -9
vt 23.790908813476562 1
vt 23.790908813476562 -9
vt 23.26905632019043 -9
vt 23.790908813476562 1
vt 24.323749542236328 1
vt 23.790908813476562 -9
vt 24.323749542236328 1
vt 24.323749542236328 -9
vt 23.790908813476562 -9
vt 24.323749542236328 1
vt 24.867576599121094 1
vt 24.323749542236328 -9
vt 24.867576599121094 1
vt 24.867576599121094 -9
vt 24.323749542236328 -9
vt 24.867576599121094 1
vt 25.422388076782227 1
vt 24.867576599121094 -9
vt 25.422388076782227 1
vt 25.422388076782227 -9
vt 24.867576599121094 -9
vt 25.422388076782227 1
vt 25.988187789916992 1
vt 25.422388076782227 -9
vt 25.988187789916992 1
vt 25.988187789916992 -9
vt 25.422388076782227 -9
vt 25.988187789916992 1
vt 26.564971923828125 1
vt 25.988187789916992 -9
vt 26.564971923828125 1
vt 26.564971923828125 -9
vt 25.988187789916992 -9
vt 26.564971923828125 1
vt 27.152742385864258 1
vt 26.564971923828125 -9
vt 27.152742385864258 1
vt 27.152742385864258 -9
vt 26.564971923828125 -9
vt 27.152742385864258 1
vt 27.75149917602539 1
vt 27.152742385864258 -9
vt 27.75149917602539 1
vt 27.75149917602539 -9
vt 27.152742385864258 -9
vt 27.75149917602539 1
vt 30.95949935913086 1
vt 27.75149917602539 -9
vt 30.95949935913086 1
vt 30.95949935913086 -9
vt 27.75149917602539 -9
vn 0 0 -1
vn 0 0 -1
vn 0 0 -1
vn 0 0 -1
vn 0 0 -1
vn 0 0 -1
vn 0 0 -1
vn 0 0 -1
vn 0 0 -1
vn 0 0 -1
vn 0 0 -1
vn 0 0 -1
vn 0 0 -1
vn 0 0 -1
vn 0 0 -1
vn 0 0 -1
vn 0 0 -1
vn 0 0 -1
vn 0 0 -1
vn 0 0 -1
vn 0 0 -1
vn 0 0 -1
vn 0 0 -1
vn 0 0 -1
vn 0 0 -1
vn 0 0 -1
vn 0 0 -1
vn 0 0 -1
vn 0 0 -1
vn 0 0 -1
vn 0 0 -1
vn 0 0 -1
vn 0 0 -1
vn 0 0 -1
vn 0 0 -1
vn 0 0 -1
vn 0 0 -1
vn 0 0 -1
vn 0 0 -1
vn 0 0 -1
vn 0 0 -1
vn 0 0 -1
vn 0 0 -1
vn 0 0 -1
vn 0 0 -1
vn 0 0 -1
vn 0 0 -1
vn 0 0 -1
vn 0 0 -1
vn 0 0 -1
vn 0 0 -1
vn 0 0 -1
vn 0 0 -1
vn 0 0 -1
vn 0 0 -1
vn 0 0 -1
vn 0 0 -1
vn 0 0 -1
vn 0 0 -1
vn 0 0 -1
vn 0 0 -1
vn 0 0 -1
vn 0 0 -1
vn 0 0 -1
vn 0 0 -1
vn 0 0 -1
vn 0 0 -1
vn 0 0 -1
vn 0 0 -1
vn 0 0 -1
vn 0 0 -1
vn 0 0 -1
vn 0 0 -1
vn 0 0 -1
vn 0 0 -1
vn 0 0 -1
vn 0 0 -1
vn 0 0 -1
vn 0 0 -1
vn 0 0 -1
vn 0 0 -1
vn 0 0 -1
vn 0 0 -1
vn 0 0 -1
vn 0 0 -1
vn 0 0 -1
vn 0 0 -1
vn 0 0 -1
vn 0 0 -1
vn 0 0 -1
vn 0 0 -1
vn 0 0 -1
vn 0 0 -1
vn 0 0 -1
vn 0 0 -1
vn 0 0 -1
vn 0 0 -1
vn 0 0 -1
vn 0 0 -1
vn 0 0 -1
vn 0 0 -1
vn 0 0 -1
vn 0 0 -1
vn 0 0 -1
vn 0 0 -1
vn 0 0 -1
vn 0 0 -1
vn 0 0 -1
vn 0 0 -1
vn 0 0 -1
vn 0 0 -1
vn 0 0 -1
vn 0 0 -1
vn 0 0 -1
vn 0 0 -1
vn 0 0 -1
vn 0 0 -1
vn 0 0 -1
vn 0 0 -1
vn 0 0 -1
vn 0 0 -1
vn 0 0 -1
vn 0 0 -1
vn 0 0 -1
vn 0 0 -1
vn 0 0 -1
vn 0 0 -1
vn 0 0 -1
vn 0 0 -1
vn 0 0 -1
vn 0 0 -1
vn 0 0 -1
vn 0 0 -1
vn 0 0 -1
vn 0 0 -1
vn 0 0 -1
vn 0 0 -1
vn 0 0 -1
vn 0 0 -1
vn 0 0 -1
vn 0 0 -1
vn 0 0 -1
vn 0 0 -1
vn 0 0 -1
vn 0 0 -1
vn 0 0 -1
vn 0 0 -1
vn 0 0 -1
vn 0 0 -1
vn 0 0 -1
vn 0 0 -1
vn 0 0 -1
vn 0 0 -1
vn 0 0 -1
vn 0 0 -1
vn 0 0 -1
vn 0 0 -1
vn 0 0 -1
vn 0 0 -1
vn 0 0 -1
vn 0 0 -1
vn 0 0 -1
vn 0 0 -1
vn 0 0 -1
vn 0 0 -1
vn 0 0 -1
vn 0 0 -1
vn 0 0 -1
vn 0 0 -1
vn 0 0 -1
vn 0 0 -1
vn 0 0 -1
vn 0 0 -1
vn 0 0 -1
vn 0 0 -1
vn 0 0 -1
vn 0 0 -1
vn 0 0 -1
vn 0 0 -1
vn 0 0 -1
vn 0 0 -1
vn 0 0 -1
vn 0 0 -1
vn 0 0 -1
vn 0 0 -1
vn 0 0 -1
vn 0 0 -1
vn 0 0 -1
vn 0 0 -1
vn 0 0 -1
vn 0 0 -1
vn 0 0 -1
vn 0 0 -1
vn 0 0 -1
vn 0 0 -1
vn 0 0 -1
vn 0 0 -1
vn 0 0 -1
vn 0 0 -1
vn 0 0 -1
vn 0 0 -1
vn 0 0 -1
vn 0 0 -1
vn 0 0 -1
vn 0 0 -1
vn 0 0 -1
vn 0 0 -1
vn 0 0 -1
vn 0 0 -1
vn 0 0 -1
vn 0 0 -1
vn 0 0 -1
vn 0 0 -1
vn 0 0 -1
vn 0 0 -1
vn 0 0 -1
vn 0 0 -1
vn 0 0 -1
vn 0 0 -1
vn 0 0 -1
vn 0 0 -1
vn 0 0 -1
vn 0 0 -1
vn 0 0 -1
vn 0 0 -1
vn 0 0 -1
vn 0 0 -1
vn 0 0 -1
vn 0 0 -1
vn 0 0 -1
vn 0 0 -1
vn 0 0 -1
vn 0 0 -1
vn 0 0 -1
vn 0 0 -1
vn 0 0 -1
vn 0 0 -1
vn 0 0 -1
vn 0 0 -1
vn 0 0 -1
vn 0 0 -1
vn 0 0 -1
vn 0 0 -1
vn 0 0 -1
vn 0 0 -1
vn 0 0 -1
vn 0 0 -1
vn 0 0 -1
vn 0 0 -1
vn 0 0 -1
vn 0 0 -1
vn 0 0 -1
vn 0 0 -1
vn 0 0 -1
vn 0 0 -1
vn 0 0 -1
vn 0 0 -1
vn 0 0 -1
vn 0 0 -1
vn 0 0 -1
vn 0 0 -1
vn 0 0 -1
vn 0 0 -1
vn 0 0 -1
vn 0 0 -1
vn 0 0 -1
vn 0 0 -1
vn 0 0 -1
vn 0 0 -1
vn 0 0 -1
vn 0 0 -1
vn 0 0 -1
vn 0 0 -1
vn 0 0 -1
vn 0 0 -1
vn 0 0 -1
vn 0 0 -1
vn 0 0 -1
vn 0 0 -1
vn 0 0 -1
vn 0 0 -1
vn 0 0 -1
vn 0 0 -1
vn 0 0 -1
vn 0 0 -1
vn 0 0 -1
vn 0 0 -1
vn 0 0 -1
vn 0 0 -1
vn 0 0 -1
vn 0 0 -1
vn 0 0 -1
vn 0 0 -1
vn 0 0 -1
vn 0 0 -1
vn 0 0 -1
vn 0 0 -1
vn 0 0 -1
vn 0 0 -1
vn 0 0 -1
vn 0 0 -1
vn 0 0 -1
vn 0 0 -1
vn 0 0 -1
vn 0 0 -1
vn 0 0 -1
vn 0 0 -1
vn 0 0 -1
vn 0 0 -1
vn 0 0 -1
vn 0 0 -1
vn 0 0 -1
vn 0 0 -1
vn 0 0 -1
vn 0 0 -1
vn 0 0 -1
vn 0 0 -1
vn 0 0 -1
vn 0 0 -1
vn 0 0 -1
vn 0 0 -1
vn 0 0 -1
vn 0 0 -1
vn 0 0 -1
vn 0 0 -1
vn 0 0 -1
vn 0 0 -1
vn 0 0 -1
vn 0 0 -1
vn 0 0 -1
vn 0 0 -1
vn 0 0 -1
vn 0 0 -1
vn 0 0 -1
vn 0 0 -1
vn 0 0 -1
vn 0 0 -1
vn 0 0 -1
vn 0 0 -1
vn 0 0 -1
vn 0 0 -1
vn 0 0 -1
vn 0 0 -1
vn 0 0 -1
vn 0 0 -1
vn 0 0 -1
vn 0 0 -1
vn 0 0 -1
vn 0 0 -1
vn 0 0 -1
vn 0 0 -1
vn 0 0 -1
vn 0 0 -1
vn 0 0 -1
vn 0 0 -1
vn 0 0 -1
vn 0 0 -1
vn 0 0 -1
vn 0 0 -1
vn 0 0 -1
vn 0 0 -1
vn 0 0 -1
vn 0 0 -1
vn 0 0 -1
vn 0 0 -1
vn 0 0 -1
vn 0 0 -1
vn 0 0 -1
vn 0 0 -1
vn 0 0 -1
vn 0 0 -1
vn 0 0 -1
vn 0 0 -1
vn 0 0 -1
vn 0 0 -1
vn 0 0 -1
vn 0 0 -1
vn 0 0 -1
vn 0 0 -1
vn 0 0 -1
vn 0 0 -1
vn 0 0 -1
vn 0 0 -1
vn 0 0 -1
vn 0 0 -1
vn 0 0 -1
vn 0 0 -1
vn 0 0 -1
vn 0 0 -1
vn 0 0 -1
vn 0 0 -1
vn 0 0 -1
vn 0 0 -1
vn 0 0 -1
vn 0 0 -1
vn 0 0 -1
vn 0 0 -1
vn 0 0 -1
vn 0 0 -1
vn 0 0 -1
vn 0 0 -1
vn 0 0 -1
vn 0 0 -1
vn 0 0 -1
vn 0 0 -1
vn 0 0 -1
vn 0 0 -1
vn 0 0 -1
vn 0 0 -1
vn 0 0 -1
vn 0 0 -1
vn 0 0 -1
vn 0 0 -1
vn 0 0 -1
vn 0 0 -1
vn 0 0 -1
vn 0 0 -1
vn 0 0 -1
vn 0 0 -1
vn 0 0 -1
vn 0 0 -1
vn 0 0 -1
vn 0 0 -1
vn 0 0 -1
vn 0 0 -1
vn 0 0 -1
vn 0 0 -1
vn 0 0 -1
vn 0 0 -1
vn 0 0 -1
vn 0 0 -1
vn 0 0 -1
vn 0 0 -1
vn 0 0 -1
vn 0 0 -1
vn 0 0 -1
vn 0 0 -1
vn 0 0 -1
vn 0 0 -1
vn 0 0 -1
vn 0 0 -1
vn 0 0 -1
vn 0 0 -1
vn 0 0 -1
vn 0 0 -1
vn 0 0 -1
vn 0 0 -1
vn 0 0 -1
vn 0 0 -1
vn 0 0 -1
vn 0 0 -1
vn 0 0 -1
vn 0 0 -1
vn 0 0 -1
vn 0 0 -1
vn 0 0 -1
vn 0 0 -1
vn 0 0 -1
vn 0 0 -1
vn 0 0 -1
vn 0 0 -1
vn 0 0 -1
vn 0 0 -1
vn 0 0 -1
vn 0 0 -1
vn 0 0 -1
vn 0 0 -1
vn 0 0 -1
vn 0 0 -1
vn 0 0 -1
vn 0 0 -1
vn 0 0 -1
vn 0 0 -1
vn 0 0 -1
vn 0 0 -1
vn 0 0 -1
vn 0 0 -1
vn 0 0 -1
vn 0 0 -1
vn 0 0 -1
vn 0 0 -1
vn 0 0 -1
vn 0 0 -1
vn 0 0 -1
vn 0 0 -1
vn 0 0 -1
vn 0 0 -1
vn 0 0 -1
vn 0 0 -1
vn 0 0 -1
vn 0 0 -1
vn 0 0 -1
vn 0 0 -1
vn 0 0 -1
vn 0 0 -1
vn 0 0 -1
vn 0 0 -1
vn 0 0 -1
vn 0 0 -1
vn 0 0 -1
vn 0 0 -1
vn 0 0 -1
vn 0 0 -1
vn 0 0 -1
vn 0 0 -1
vn 0 0 -1
vn 0 0 -1
vn 0 0 -1
vn 0 0 -1
vn 0 0 -1
vn 0 0 -1
vn 0 0 -1
vn 0 0 -1
vn 0 0 -1
vn 0 0 -1
vn 0 0 -1
vn 0 0 -1
vn 0 0 -1
vn 0 0 -1
vn 0 0 -1
vn 0 0 -1
vn 0 0 -1
vn 0 0 -1
vn 0 0 -1
vn 0 0 -1
vn 0 0 -1
vn 0 0 -1
vn 0 0 -1
vn 0 0 -1
vn 0 0 -1
vn 0 0 -1
vn 0 0 -1
vn 0 0 -1
vn 0 0 -1
vn 0 0 -1
vn 0 0 -1
vn 0 0 -1
vn 0 0 -1
vn 0 0 -1
vn 0 0 -1
vn 0 0 -1
vn 0 0 -1
vn 0 0 -1
vn 0 0 -1
vn 0 0 -1
vn 0 0 -1
vn 0 0 -1
vn 0 0 -1
vn 0 0 -1
vn 0 0 -1
vn 0 0 -1
vn 0 0 -1
vn 0 0 -1
vn 0 0 -1
vn 0 0 -1
vn 0 0 -1
vn 0 0 -1
vn 0 0 -1
vn 0 0 -1
vn 0 0 -1
vn 0 0 -1
vn 0 0 -1
vn 0 0 -1
vn 0 0 -1
vn 0 0 -1
vn 0 0 -1
vn 0 0 -1
vn 0 0 -1
vn 0 0 -1
vn 0 0 -1
vn 0 0 -1
vn 0 0 -1
vn 0 0 -1
vn 0 0 -1
vn 0 0 -1
vn 0 0 -1
vn 0 0 -1
vn 0 0 -1
vn 0 0 -1
vn 0 0 -1
vn 0 0 -1
vn 0 0 -1
vn 0 0 -1
vn 0 0 -1
vn 0 0 -1
vn 0 0 -1
vn 0 0 -1
vn 0 0 -1
vn 0 0 -1
vn 0 0 -1
vn 0 0 -1
vn 0 0 -1
vn 0 0 -1
vn 0 0 -1
vn 0 0 -1
vn 0 0 -1
vn 0 0 -1
vn 0 0 -1
vn 0 0 -1
vn 0 0 -1
vn 0 0 -1
vn 0 0 -1
vn 0 0 -1
vn 0 0 -1
vn 0 0 -1
vn 0 0 -1
vn 0 0 -1
vn 0 0 -1
vn 0 0 -1
vn 0 0 -1
vn 0 0 -1
vn 0 0 -1
vn 0 0 -1
vn 0 0 -1
vn 0 0 -1
vn 0 0 -1
vn 0 0 -1
vn 0 0 -1
vn 0 0 -1
vn 0 0 -1
vn 0 0 -1
vn 0 0 -1
vn 0 0 -1
vn 0 0 -1
vn 0 0 -1
vn 0 0 -1
vn 0 0 -1
vn 0 0 -1
vn 0 0 -1
vn 0 0 -1
vn 0 0 -1
vn 0 0 -1
vn 0 0 -1
vn 0 0 -1
vn 0 0 -1
vn 0 0 -1
vn 0 0 -1
vn 0 0 -1
vn 0 0 -1
vn 0 0 -1
vn 0 0 -1
vn 0 0 -1
vn 0 0 -1
vn 0 0 -1
vn 0 0 -1
vn 0 0 -1
vn 0 0 -1
vn 0 0 -1
vn 0 0 -1
vn 0 0 -1
vn 0 0 -1
vn 0 0 -1
vn 0 0 -1
vn 0 0 -1
vn 0 0 -1
vn 0 0 -1
vn 0 0 -1
vn 0 0 -1
vn 0 0 -1
vn 0 0 -1
vn 0 0 -1
vn 0 0 -1
vn 0 0 -1
vn 0 0 -1
vn 0 0 -1
vn 0 0 -1
vn 0 0 -1
vn 0 0 -1
vn 0 0 -1
vn 0 0 -1
vn 0 0 -1
vn 0 0 -1
vn 0 0 -1
vn 0 0 -1
vn 0 0 -1
vn 0 0 -1
vn 0 0 -1
vn 0 0 -1
vn 0 0 -1
vn 0 0 -1
vn 0 0 -1
vn 0 0 -1
vn 0 0 -1
vn 0 0 -1
vn 0 0 -1
vn 0 0 -1
vn 0 0 -1
vn 0 0 -1
vn 0 0 -1
vn 0 0 -1
vn 0 0 -1
vn 0 0 -1
vn 0 0 -1
vn 0 0 -1
vn 0 0 -1
vn 0 0 -1
vn 0 0 -1
vn 0 0 -1
vn 0 0 -1
vn 0 0 -1
vn 0 0 -1
vn 0 0 -1
vn 0 0 -1
vn 0 0 -1
vn 0 0 -1
vn 0 0 -1
vn 0 0 -1
vn 0 0 -1
vn 0 0 -1
vn 0 0 -1
vn 0 0 -1
vn 0 0 -1
vn 0 0 -1
vn 0 0 -1
vn 0 0 -1
vn 0 0 -1
vn 0 0 -1
vn 0 0 -1
vn 0 0 -1
vn 0 0 -1
vn 0 0 -1
vn 0 0 -1
vn 0 0 -1
vn 0 0 -1
vn 0 0 -1
vn 0 0 -1
vn 0 0 -1
vn 0 0 -1
vn 0 0 -1
vn 0 0 -1
vn 0 0 -1
vn 0 0 -1
vn 0 0 -1
vn 0 0 -1
vn 0 0 -1
vn 0 0 -1
vn 0 0 -1
vn 0 0 -1
vn 0 0 -1
vn 0 0 -1
vn 0 0 -1
vn 0 0 -1
vn 0 0 -1
vn 0 0 -1
vn 0 0 -1
vn 0 0 -1
vn 0 0 -1
vn 0 0 -1
vn 0 0 -1
vn 0 0 -1
vn 0 0 -1
vn 0 0 -1
vn 0 0 -1
vn 0 0 -1
vn 0 0 -1
vn 0 0 -1
vn 0 0 -1
vn 0 0 -1
vn 0 0 -1
vn 0 0 -1
vn 0 0 -1
vn 0 0 -1
vn 0 0 -1
vn 0 0 -1
vn 0 0 -1
vn 0 0 -1
vn 0 0 -1
vn 0 0 -1
vn 0 0 -1
vn 0 0 -1
vn 0 0 -1
vn 0 0 -1
vn 0 0 -1
vn 0 0 -1
vn 0 0 -1
vn 0 0 -1
vn 0 0 -1
vn 0 0 -1
vn 0 0 -1
vn 0 0 -1
vn 0 0 -1
vn 0 0 -1
vn 0 0 -1
vn 0 0 -1
vn 0 0 -1
vn 0 0 -1
vn 0 0 -1
vn 0 0 -1
vn 0 0 -1
vn 0 0 -1
vn 0 0 -1
vn 0 0 -1
vn 0 0 -1
vn 0 0 -1
vn 0 0 -1
vn 0 0 -1
vn 0 0 -1
vn 0 0 -1
vn 0 0 -1
vn 0 0 -1
vn 0 0 -1
vn 0 0 -1
vn 0 0 -1
vn 0 0 -1
vn 0 0 -1
vn 0 0 -1
vn 0 0 -1
vn 0 0 -1
vn 0 0 -1
vn 0 0 -1
vn 0 0 -1
vn 0 0 -1
vn 0 0 -1
vn 0 0 -1
vn 0 0 -1
vn 0 0 -1
vn 0 0 -1
vn 0 0 -1
vn 0 0 -1
vn 0 0 -1
vn 0 0 -1
vn 0 0 -1
vn 0 0 -1
vn 0 0 -1
vn 0 0 -1
vn 0 0 -1
vn 0 0 -1
vn 0 0 -1
vn 0 0 -1
vn 0 0 -1
vn 0 0 -1
vn 0 0 -1
vn 0 0 -1
vn 0 0 -1
vn 0 0 -1
vn 0 0 -1
vn 0 0 -1
vn 0 0 -1
vn 0 0 -1
vn 0 0 -1
vn 0 0 -1
vn 0 0 -1
vn 0 0 -1
vn 0 0 -1
vn 0 0 -1
vn 0 0 -1
vn 0 0 -1
vn 0 0 -1
vn 0 0 -1
vn 0 0 -1
vn 0 0 -1
vn 0 0 -1
vn 0 0 -1
vn 0 0 -1
vn 0 0 -1
vn 0 0 -1
vn 0 0 -1
vn 0 0 -1
vn 0 0 -1
vn 0 0 -1
vn 0 0 -1
vn 0 0 -1
vn 0 0 -1
vn 0 0 -1
vn 0 0 -1
vn 0 0 -1
vn 0 0 -1
vn 0 0 1
vn 0 0 1
vn 0 0 1
vn 0 0 1
vn 0 0 1
vn 0 0 1
vn 0 0 1
vn 0 0 1
vn 0 0 1
vn 0 0 1
vn 0 0 1
vn 0 0 1
vn 0 0 1
vn 0 0 1
vn 0 0 1
vn 0 0 1
vn 0 0 1
vn 0 0 1
vn 0 0 1
vn 0 0 1
vn 0 0 1
vn 0 0 1
vn 0 0 1
vn 0 0 1
vn 0 0 1
vn 0 0 1
vn 0 0 1
vn 0 0 1
vn 0 0 1
vn 0 0 1
vn 0 0 1
vn 0 0 1
vn 0 0 1
vn 0 0 1
vn 0 0 1
vn 0 0 1
vn 0 0 1
vn 0 0 1
vn 0 0 1
vn 0 0 1
vn 0 0 1
vn 0 0 1
vn 0 0 1
vn 0 0 1
vn 0 0 1
vn 0 0 1
vn 0 0 1
vn 0 0 1
vn 0 0 1
vn 0 0 1
vn 0 0 1
vn 0 0 1
vn 0 0 1
vn 0 0 1
vn 0 0 1
vn 0 0 1
vn 0 0 1
vn 0 0 1
vn 0 0 1
vn 0 0 1
vn 0 0 1
vn 0 0 1
vn 0 0 1
vn 0 0 1
vn 0 0 1
vn 0 0 1
vn 0 0 1
vn 0 0 1
vn 0 0 1
vn 0 0 1
vn 0 0 1
vn 0 0 1
vn 0 0 1
vn 0 0 1
vn 0 0 1
vn 0 0 1
vn 0 0 1
vn 0 0 1
vn 0 0 1
vn 0 0 1
vn 0 0 1
vn 0 0 1
vn 0 0 1
vn 0 0 1
vn 0 0 1
vn 0 0 1
vn 0 0 1
vn 0 0 1
vn 0 0 1
vn 0 0 1
vn 0 0 1
vn 0 0 1
vn 0 0 1
vn 0 0 1
vn 0 0 1
vn 0 0 1
vn 0 0 1
vn 0 0 1
vn 0 0 1
vn 0 0 1
vn 0 0 1
vn 0 0 1
vn 0 0 1
vn 0 0 1
vn 0 0 1
vn 0 0 1
vn 0 0 1
vn 0 0 1
vn 0 0 1
vn 0 0 1
vn 0 0 1
vn 0 0 1
vn 0 0 1
vn 0 0 1
vn 0 0 1
vn 0 0 1
vn 0 0 1
vn 0 0 1
vn 0 0 1
vn 0 0 1
vn 0 0 1
vn 0 0 1
vn 0 0 1
vn 0 0 1
vn 0 0 1
vn 0 0 1
vn 0 0 1
vn 0 0 1
vn 0 0 1
vn 0 0 1
vn 0 0 1
vn 0 0 1
vn 0 0 1
vn 0 0 1
vn 0 0 1
vn 0 0 1
vn 0 0 1
vn 0 0 1
vn 0 0 1
vn 0 0 1
vn 0 0 1
vn 0 0 1
vn 0 0 1
vn 0 0 1
vn 0 0 1
vn 0 0 1
vn 0 0 1
vn 0 0 1
vn 0 0 1
vn 0 0 1
vn 0 0 1
vn 0 0 1
vn 0 0 1
vn 0 0 1
vn 0 0 1
vn 0 0 1
vn 0 0 1
vn 0 0 1
vn 0 0 1
vn 0 0 1
vn 0 0 1
vn 0 0 1
vn 0 0 1
vn 0 0 1
vn 0 0 1
vn 0 0 1
vn 0 0 1
vn 0 0 1
vn 0 0 1
vn 0 0 1
vn 0 0 1
vn 0 0 1
vn 0 0 1
vn 0 0 1
vn 0 0 1
vn 0 0 1
vn 0 0 1
vn 0 0 1
vn 0 0 1
vn 0 0 1
vn 0 0 1
vn 0 0 1
vn 0 0 1
vn 0 0 1
vn 0 0 1
vn 0 0 1
vn 0 0 1
vn 0 0 1
vn 0 0 1
vn 0 0 1
vn 0 0 1
vn 0 0 1
vn 0 0 1
vn 0 0 1
vn 0 0 1
vn 0 0 1
vn 0 0 1
vn 0 0 1
vn 0 0 1
vn 0 0 1
vn 0 0 1
vn 0 0 1
vn 0 0 1
vn 0 0 1
vn 0 0 1
vn 0 0 1
vn 0 0 1
vn 0 0 1
vn 0 0 1
vn 0 0 1
vn 0 0 1
vn 0 0 1
vn 0 0 1
vn 0 0 1
vn 0 0 1
vn 0 0 1
vn 0 0 1
vn 0 0 1
vn 0 0 1
vn 0 0 1
vn 0 0 1
vn 0 0 1
vn 0 0 1
vn 0 0 1
vn 0 0 1
vn 0 0 1
vn 0 0 1
vn 0 0 1
vn 0 0 1
vn 0 0 1
vn 0 0 1
vn 0 0 1
vn 0 0 1
vn 0 0 1
vn 0 0 1
vn 0 0 1
vn 0 0 1
vn 0 0 1
vn 0 0 1
vn 0 0 1
vn 0 0 1
vn 0 0 1
vn 0 0 1
vn 0 0 1
vn 0 0 1
vn 0 0 1
vn 0 0 1
vn 0 0 1
vn 0 0 1
vn 0 0 1
vn 0 0 1
vn 0 0 1
vn 0 0 1
vn 0 0 1
vn 0 0 1
vn 0 0 1
vn 0 0 1
vn 0 0 1
vn 0 0 1
vn 0 0 1
vn 0 0 1
vn 0 0 1
vn 0 0 1
vn 0 0 1
vn 0 0 1
vn 0 0 1
vn 0 0 1
vn 0 0 1
vn 0 0 1
vn 0 0 1
vn 0 0 1
vn 0 0 1
vn 0 0 1
vn 0 0 1
vn 0 0 1
vn 0 0 1
vn 0 0 1
vn 0 0 1
vn 0 0 1
vn 0 0 1
vn 0 0 1
vn 0 0 1
vn 0 0 1
vn 0 0 1
vn 0 0 1
vn 0 0 1
vn 0 0 1
vn 0 0 1
vn 0 0 1
vn 0 0 1
vn 0 0 1
vn 0 0 1
vn 0 0 1
vn 0 0 1
vn 0 0 1
vn 0 0 1
vn 0 0 1
vn 0 0 1
vn 0 0 1
vn 0 0 1
vn 0 0 1
vn 0 0 1
vn 0 0 1
vn 0 0 1
vn 0 0 1
vn 0 0 1
vn 0 0 1
vn 0 0 1
vn 0 0 1
vn 0 0 1
vn 0 0 1
vn 0 0 1
vn 0 0 1
vn 0 0 1
vn 0 0 1
vn 0 0 1
vn 0 0 1
vn 0 0 1
vn 0 0 1
vn 0 0 1
vn 0 0 1
vn 0 0 1
vn 0 0 1
vn 0 0 1
vn 0 0 1
vn 0 0 1
vn 0 0 1
vn 0 0 1
vn 0 0 1
vn 0 0 1
vn 0 0 1
vn 0 0 1
vn 0 0 1
vn 0 0 1
vn 0 0 1
vn 0 0 1
vn 0 0 1
vn 0 0 1
vn 0 0 1
vn 0 0 1
vn 0 0 1
vn 0 0 1
vn 0 0 1
vn 0 0 1
vn 0 0 1
vn 0 0 1
vn 0 0 1
vn 0 0 1
vn 0 0 1
vn 0 0 1
vn 0 0 1
vn 0 0 1
vn 0 0 1
vn 0 0 1
vn 0 0 1
vn 0 0 1
vn 0 0 1
vn 0 0 1
vn 0 0 1
vn 0 0 1
vn 0 0 1
vn 0 0 1
vn 0 0 1
vn 0 0 1
vn 0 0 1
vn 0 0 1
vn 0 0 1
vn 0 0 1
vn 0 0 1
vn 0 0 1
vn 0 0 1
vn 0 0 1
vn 0 0 1
vn 0 0 1
vn 0 0 1
vn 0 0 1
vn 0 0 1
vn 0 0 1
vn 0 0 1
vn 0 0 1
vn 0 0 1
vn 0 0 1
vn 0 0 1
vn 0 0 1
vn 0 0 1
vn 0 0 1
vn 0 0 1
vn 0 0 1
vn 0 0 1
vn 0 0 1
vn 0 0 1
vn 0 0 1
vn 0 0 1
vn 0 0 1
vn 0 0 1
vn 0 0 1
vn 0 0 1
vn 0 0 1
vn 0 0 1
vn 0 0 1
vn 0 0 1
vn 0 0 1
vn 0 0 1
vn 0 0 1
vn 0 0 1
vn 0 0 1
vn 0 0 1
vn 0 0 1
vn 0 0 1
vn 0 0 1
vn 0 0 1
vn 0 0 1
vn 0 0 1
vn 0 0 1
vn 0 0 1
vn 0 0 1
vn 0 0 1
vn 0 0 1
vn 0 0 1
vn 0 0 1
vn 0 0 1
vn 0 0 1
vn 0 0 1
vn 0 0 1
vn 0 0 1
vn 0 0 1
vn 0 0 1
vn 0 0 1
vn 0 0 1
vn 0 0 1
vn 0 0 1
vn 0 0 1
vn 0 0 1
vn 0 0 1
vn 0 0 1
vn 0 0 1
vn 0 0 1
vn 0 0 1
vn 0 0 1
vn 0 0 1
vn 0 0 1
vn 0 0 1
vn 0 0 1
vn 0 0 1
vn 0 0 1
vn 0 0 1
vn 0 0 1
vn 0 0 1
vn 0 0 1
vn 0 0 1
vn 0 0 1
vn 0 0 1
vn 0 0 1
vn 0 0 1
vn 0 0 1
vn 0 0 1
vn 0 0 1
vn 0 0 1
vn 0 0 1
vn 0 0 1
vn 0 0 1
vn 0 0 1
vn 0 0 1
vn 0 0 1
vn 0 0 1
vn 0 0 1
vn 0 0 1
vn 0 0 1
vn 0 0 1
vn 0 0 1
vn 0 0 1
vn 0 0 1
vn 0 0 1
vn 0 0 1
vn 0 0 1
vn 0 0 1
vn 0 0 1
vn 0 0 1
vn 0 0 1
vn 0 0 1
vn 0 0 1
vn 0 0 1
vn 0 0 1
vn 0 0 1
vn 0 0 1
vn 0 0 1
vn 0 0 1
vn 0 0 1
vn 0 0 1
vn 0 0 1
vn 0 0 1
vn 0 0 1
vn 0 0 1
vn 0 0 1
vn 0 0 1
vn 0 0 1
vn 0 0 1
vn 0 0 1
vn 0 0 1
vn 0 0 1
vn 0 0 1
vn 0 0 1
vn 0 0 1
vn 0 0 1
vn 0 0 1
vn 0 0 1
vn 0 0 1
vn 0 0 1
vn 0 0 1
vn 0 0 1
vn 0 0 1
vn 0 0 1
vn 0 0 1
vn 0 0 1
vn 0 0 1
vn 0 0 1
vn 0 0 1
vn 0 0 1
vn 0 0 1
vn 0 0 1
vn 0 0 1
vn 0 0 1
vn 0 0 1
vn 0 0 1
vn 0 0 1
vn 0 0 1
vn 0 0 1
vn 0 0 1
vn 0 0 1
vn 0 0 1
vn 0 0 1
vn 0 0 1
vn 0 0 1
vn 0 0 1
vn 0 0 1
vn 0 0 1
vn 0 0 1
vn 0 0 1
vn 0 0 1
vn 0 0 1
vn 0 0 1
vn 0 0 1
vn 0 0 1
vn 0 0 1
vn 0 0 1
vn 0 0 1
vn 0 0 1
vn 0 0 1
vn 0 0 1
vn 0 0 1
vn 0 0 1
vn 0 0 1
vn 0 0 1
vn 0 0 1
vn 0 0 1
vn 0 0 1
vn 0 0 1
vn 0 0 1
vn 0 0 1
vn 0 0 1
vn 0 0 1
vn 0 0 1
vn 0 0 1
vn 0 0 1
vn 0 0 1
vn 0 0 1
vn 0 0 1
vn 0 0 1
vn 0 0 1
vn 0 0 1
vn 0 0 1
vn 0 0 1
vn 0 0 1
vn 0 0 1
vn 0 0 1
vn 0 0 1
vn 0 0 1
vn 0 0 1
vn 0 0 1
vn 0 0 1
vn 0 0 1
vn 0 0 1
vn 0 0 1
vn 0 0 1
vn 0 0 1
vn 0 0 1
vn 0 0 1
vn 0 0 1
vn 0 0 1
vn 0 0 1
vn 0 0 1
vn 0 0 1
vn 0 0 1
vn 0 0 1
vn 0 0 1
vn 0 0 1
vn 0 0 1
vn 0 0 1
vn 0 0 1
vn 0 0 1
vn 0 0 1
vn 0 0 1
vn 0 0 1
vn 0 0 1
vn 0 0 1
vn 0 0 1
vn 0 0 1
vn 0 0 1
vn 0 0 1
vn 0 0 1
vn 0 0 1
vn 0 0 1
vn 0 0 1
vn 0 0 1
vn 0 0 1
vn 0 0 1
vn 0 0 1
vn 0 0 1
vn 0 0 1
vn 0 0 1
vn 0 0 1
vn 0 0 1
vn 0 0 1
vn 0 0 1
vn 0 0 1
vn 0 0 1
vn 0 0 1
vn 0 0 1
vn 0 0 1
vn 0 0 1
vn 0 0 1
vn 0 0 1
vn 0 0 1
vn 0 0 1
vn 0 0 1
vn 0 0 1
vn 0 0 1
vn 0 0 1
vn 0 0 1
vn 0 0 1
vn 0 0 1
vn 0 0 1
vn 0 0 1
vn 0 0 1
vn 0 0 1
vn 0 0 1
vn 0 0 1
vn 0 0 1
vn 0 0 1
vn 0 0 1
vn 0 0 1
vn 0 0 1
vn 0 0 1
vn 0 0 1
vn 0 0 1
vn 0 0 1
vn 0 0 1
vn 0 0 1
vn 0 0 1
vn 0 0 1
vn 0 0 1
vn 0 0 1
vn 0 0 1
vn 0 0 1
vn 0 0 1
vn 0 0 1
vn 0 0 1
vn 0 0 1
vn 0 0 1
vn 0 0 1
vn 0 0 1
vn 0 0 1
vn 0 0 1
vn 0 0 1
vn 0 0 1
vn 0 0 1
vn 0 0 1
vn 0 0 1
vn 0 0 1
vn 0 0 1
vn 0 0 1
vn 0 0 1
vn 0 0 1
vn 0 0 1
vn 0 0 1
vn 0 0 1
vn 0 0 1
vn 0 0 1
vn 0 0 1
vn 0 0 1
vn 0 0 1
vn 0 0 1
vn 0 0 1
vn 0 0 1
vn 0 0 1
vn 0 0 1
vn 0 0 1
vn 0 0 1
vn 0 0 1
vn 0 0 1
vn 0 0 1
vn 0 0 1
vn 0 0 1
vn 0 0 1
vn 0 0 1
vn 0 0 1
vn 0 0 1
vn 0 0 1
vn 0 0 1
vn 0 0 1
vn 0 0 1
vn 0 0 1
vn 0 0 1
vn 0 0 1
vn 0 0 1
vn 0 0 1
vn 0 0 1
vn 0 0 1
vn 0 0 1
vn 0 0 1
vn 0 0 1
vn 0 0 1
vn 0 0 1
vn 0 0 1
vn 0 0 1
vn 0 0 1
vn 0 0 1
vn 0 0 1
vn 0 0 1
vn 0 0 1
vn 0 0 1
vn 0 0 1
vn 0 0 1
vn 0 0 1
vn 0 0 1
vn 0 0 1
vn 0 0 1
vn 0 0 1
vn 0 0 1
vn 0 0 1
vn 0 0 1
vn 0 0 1
vn 0 0 1
vn 0 0 1
vn 0 0 1
vn 0 0 1
vn 0 0 1
vn 0 0 1
vn 0 0 1
vn 0 0 1
vn 0 0 1
vn 0 0 1
vn 0 0 1
vn 0 0 1
vn 0 0 1
vn 0 0 1
vn 0 0 1
vn 0 0 1
vn 0 0 1
vn 0 0 1
vn 0 0 1
vn 0 0 1
vn 0 0 1
vn 0 0 1
vn 0 0 1
vn 0 0 1
vn 0 0 1
vn 0 0 1
vn 0 0 1
vn 0 0 1
vn 0 0 1
vn 0 0 1
vn 0 0 1
vn 0 0 1
vn 0 0 1
vn 0 0 1
vn 0 0 1
vn 0 0 1
vn 0 0 1
vn 0 0 1
vn 0 0 1
vn 0 0 1
vn 0 0 1
vn 0 0 1
vn 0 0 1
vn 0 0 1
vn 0 0 1
vn 0 0 1
vn 0 0 1
vn 0 0 1
vn 0 0 1
vn 0 0 1
vn 0 0 1
vn 0 0 1
vn 0 0 1
vn 0 0 1
vn 0 0 1
vn 0 0 1
vn 0 0 1
vn 0 0 1
vn 0 0 1
vn 0 0 1
vn 0 0 1
vn 0 0 1
vn 0 0 1
vn 0 0 1
vn 0 0 1
vn 0 0 1
vn 0 0 1
vn 0 0 1
vn 0 0 1
vn 0 0 1
vn 0 0 1
vn 0 0 1
vn 0 0 1
vn 0 0 1
vn 0 0 1
vn 0 0 1
vn 0 0 1
vn 0 0 1
vn 0 0 1
vn 0 0 1
vn 0 0 1
vn 0 0 1
vn 0 0 1
vn 0 0 1
vn 0 0 1
vn 0 0 1
vn 0 0 1
vn 0 0 1
vn 0 0 1
vn 0 0 1
vn 0 0 1
vn 0 0 1
vn 0 0 1
vn 0 0 1
vn 0 0 1
vn 0 0 1
vn 0 0 1
vn 0 0 1
vn 0 0 1
vn 0 0 1
vn 0 0 1
vn 0 0 1
vn 0 0 1
vn 0 0 1
vn 0 0 1
vn 0 0 1
vn 0 0 1
vn 0 0 1
vn 0 0 1
vn 0 0 1
vn 0 0 1
vn 0 0 1
vn 0 0 1
vn 0 0 1
vn 0 0 1
vn 0 0 1
vn 0 0 1
vn 0 0 1
vn 0 0 1
vn 0 0 1
vn 0 0 1
vn 0 0 1
vn 0 0 1
vn 0 0 1
vn 0 0 1
vn 0.9973309143102773 0.07301402167409987 0
vn 0.9973309143102773 0.07301402167409987 0
vn 0.9973309143102773 0.07301402167409987 0
vn 0.9973309143102773 0.07301402167409987 0
vn 0.9973309143102773 0.07301402167409987 0
vn 0.9973309143102773 0.07301402167409987 0
vn 0.9920875197138211 0.12554821077211106 0
vn 0.9920875197138211 0.12554821077211106 0
vn 0.9920875197138211 0.12554821077211106 0
vn 0.9920875197138211 0.12554821077211106 0
vn 0.9920875197138211 0.12554821077211106 0
vn 0.9920875197138211 0.12554821077211106 0
vn 0.9834902185760115 0.18096129410818554 0
vn 0.9834902185760115 0.18096129410818554 0
vn 0.9834902185760115 0.18096129410818554 0
vn 0.9834902185760115 0.18096129410818554 0
vn 0.9834902185760115 0.18096129410818554 0
vn 0.9834902185760115 0.18096129410818554 0
vn 0.9710353115452252 0.23893602435017508 0
vn 0.9710353115452252 0.23893602435017508 0
vn 0.9710353115452252 0.23893602435017508 0
vn 0.9710353115452252 0.23893602435017508 0
vn 0.9710353115452252 0.23893602435017508 0
vn 0.9710353115452252 0.23893602435017508 0
vn 0.9542581285551597 0.29898398633773754 0
vn 0.9542581285551597 0.29898398633773754 0
vn 0.9542581285551597 0.29898398633773754 0
vn 0.9542581285551597 0.29898398633773754 0
vn 0.9542581285551597 0.29898398633773754 0
vn 0.9542581285551597 0.29898398633773754 0
vn 0.9327778222598634 0.3604518474084251 0
vn 0.9327778222598634 0.3604518474084251 0
vn 0.9327778222598634 0.3604518474084251 0
vn 0.9327778222598634 0.3604518474084251 0
vn 0.9327778222598634 0.3604518474084251 0
vn 0.9327778222598634 0.3604518474084251 0
vn 0.9063396230838832 0.42254998240227665 0
vn 0.9063396230838832 0.42254998240227665 0
vn 0.9063396230838832 0.42254998240227665 0
vn 0.9063396230838832 0.42254998240227665 0
vn 0.9063396230838832 0.42254998240227665 0
vn 0.9063396230838832 0.42254998240227665 0
vn 0.8748733222847509 0.4843518039136868 0
vn 0.8748733222847509 0.4843518039136868 0
vn 0.8748733222847509 0.4843518039136868 0
vn 0.8748733222847509 0.4843518039136868 0
vn 0.8748733222847509 0.4843518039136868 0
vn 0.8748733222847509 0.4843518039136868 0
vn 0.8385171441453642 0.5448752141309995 0
vn 0.8385171441453642 0.5448752141309995 0
vn 0.8385171441453642 0.5448752141309995 0
vn 0.8385171441453642 0.5448752141309995 0
vn 0.8385171441453642 0.5448752141309995 0
vn 0.8385171441453642 0.5448752141309995 0
vn 0.7976385132647902 0.6031358073906201 0
vn 0.7976385132647902 0.6031358073906201 0
vn 0.7976385132647902 0.6031358073906201 0
vn 0.7976385132647902 0.6031358073906201 0
vn 0.7976385132647902 0.6031358073906201 0
vn 0.7976385132647902 0.6031358073906201 0
vn 0.7528116151656139 0.6582360306696524 0
vn 0.7528116151656139 0.6582360306696524 0
vn 0.7528116151656139 0.6582360306696524 0
vn 0.7528116151656139 0.6582360306696524 0
vn 0.7528116151656139 0.6582360306696524 0
vn 0.7528116151656139 0.6582360306696524 0
vn 0.7042916451971422 0.7099107539018569 0
vn 0.7042916451971422 0.7099107539018569 0
vn 0.7042916451971422 0.7099107539018569 0
vn 0.7042916451971422 0.7099107539018569 0
vn 0.7042916451971422 0.7099107539018569 0
vn 0.7042916451971422 0.7099107539018569 0
vn 0.6507419324779113 0.7592989775542395 0
vn 0.6507419324779113 0.7592989775542395 0
vn 0.6507419324779113 0.7592989775542395 0
vn 0.6507419324779113 0.7592989775542395 0
vn 0.6507419324779113 0.7592989775542395 0
vn 0.6507419324779113 0.7592989775542395 0
vn 0.5926443359068743 0.8054642705405994 0
vn 0.5926443359068743 0.8054642705405994 0
vn 0.5926443359068743 0.8054642705405994 0
vn 0.5926443359068743 0.8054642705405994 0
vn 0.5926443359068743 0.8054642705405994 0
vn 0.5926443359068743 0.8054642705405994 0
vn 0.5308012838403664 0.8474963109497402 0
vn 0.5308012838403664 0.8474963109497402 0
vn 0.5308012838403664 0.8474963109497402 0
vn 0.5308012838403664 0.8474963109497402 0
vn 0.5308012838403664 0.8474963109497402 0
vn 0.5308012838403664 0.8474963109497402 0
vn 0.4662277954667889 0.8846647063911717 0
vn 0.4662277954667889 0.8846647063911717 0
vn 0.4662277954667889 0.8846647063911717 0
vn 0.4662277954667889 0.8846647063911717 0
vn 0.4662277954667889 0.8846647063911717 0
vn 0.4662277954667889 0.8846647063911717 0
vn 0.40005222100660576 0.9164923461042551 0
vn 0.40005222100660576 0.9164923461042551 0
vn 0.40005222100660576 0.9164923461042551 0
vn 0.40005222100660576 0.9164923461042551 0
vn 0.40005222100660576 0.9164923461042551 0
vn 0.40005222100660576 0.9164923461042551 0
vn 0.3334346132183198 0.9427732276151829 0
vn 0.3334346132183198 0.9427732276151829 0
vn 0.3334346132183198 0.9427732276151829 0
vn 0.3334346132183198 0.9427732276151829 0
vn 0.3334346132183198 0.9427732276151829 0
vn 0.3334346132183198 0.9427732276151829 0
vn 0.26747787641667825 0.9635640018325842 0
vn 0.26747787641667825 0.9635640018325842 0
vn 0.26747787641667825 0.9635640018325842 0
vn 0.26747787641667825 0.9635640018325842 0
vn 0.26747787641667825 0.9635640018325842 0
vn 0.26747787641667825 0.9635640018325842 0
vn 0.20313540180378958 0.9791506567091771 0
vn 0.20313540180378958 0.9791506567091771 0
vn 0.20313540180378958 0.9791506567091771 0
vn 0.20313540180378958 0.9791506567091771 0
vn 0.20313540180378958 0.9791506567091771 0
vn 0.20313540180378958 0.9791506567091771 0
vn 0.1411807653683762 0.989983833953868 0
vn 0.1411807653683762 0.989983833953868 0
vn 0.1411807653683762 0.989983833953868 0
vn 0.1411807653683762 0.989983833953868 0
vn 0.1411807653683762 0.989983833953868 0
vn 0.1411807653683762 0.989983833953868 0
vn 0.08218090173452336 0.9966174288010926 0
vn 0.08218090173452336 0.9966174288010926 0
vn 0.08218090173452336 0.9966174288010926 0
vn 0.08218090173452336 0.9966174288010926 0
vn 0.08218090173452336 0.9966174288010926 0
vn 0.08218090173452336 0.9966174288010926 0
vn 0.026515117452647667 0.9996484124663391 0
vn 0.026515117452647667 0.9996484124663391 0
vn 0.026515117452647667 0.9996484124663391 0
vn 0.026515117452647667 0.9996484124663391 0
vn 0.026515117452647667 0.9996484124663391 0
vn 0.026515117452647667 0.9996484124663391 0
vn -0.017371546863749223 0.9998491032948724 0
vn -0.017371546863749223 0.9998491032948724 0
vn -0.017371546863749223 0.9998491032948724 0
vn -0.017371546863749223 0.9998491032948724 0
vn -0.017371546863749223 0.9998491032948724 0
vn -0.017371546863749223 0.9998491032948724 0
vn -0.05305814007596679 0.9985914248438543 0
vn -0.05305814007596679 0.9985914248438543 0
vn -0.05305814007596679 0.9985914248438543 0
vn -0.05305814007596679 0.9985914248438543 0
vn -0.05305814007596679 0.9985914248438543 0
vn -0.05305814007596679 0.9985914248438543 0
vn -0.08993948165882927 0.9959472323566853 0
vn -0.08993948165882927 0.9959472323566853 0
vn -0.08993948165882927 0.9959472323566853 0
vn -0.08993948165882927 0.9959472323566853 0
vn -0.08993948165882927 0.9959472323566853 0
vn -0.08993948165882927 0.9959472323566853 0
vn -0.12791793111835 0.9917847563349627 0
vn -0.12791793111835 0.9917847563349627 0
vn -0.12791793111835 0.9917847563349627 0
vn -0.12791793111835 0.9917847563349627 0
vn -0.12791793111835 0.9917847563349627 0
vn -0.12791793111835 0.9917847563349627 0
vn -0.1668682693588062 0.9859791989089814 0
vn -0.1668682693588062 0.9859791989089814 0
vn -0.1668682693588062 0.9859791989089814 0
vn -0.1668682693588062 0.9859791989089814 0
vn -0.1668682693588062 0.9859791989089814 0
vn -0.1668682693588062 0.9859791989089814 0
vn -0.2066392706249545 0.9784171972300909 0
vn -0.2066392706249545 0.9784171972300909 0
vn -0.2066392706249545 0.9784171972300909 0
vn -0.2066392706249545 0.9784171972300909 0
vn -0.2066392706249545 0.9784171972300909 0
vn -0.2066392706249545 0.9784171972300909 0
vn -0.24704689466606283 0.9690035251926874 0
vn -0.24704689466606283 0.9690035251926874 0
vn -0.24704689466606283 0.9690035251926874 0
vn -0.24704689466606283 0.9690035251926874 0
vn -0.24704689466606283 0.9690035251926874 0
vn -0.24704689466606283 0.9690035251926874 0
vn -0.28790321035886335 0.9576595122824499 0
vn -0.28790321035886335 0.9576595122824499 0
vn -0.28790321035886335 0.9576595122824499 0
vn -0.28790321035886335 0.9576595122824499 0
vn -0.28790321035886335 0.9576595122824499 0
vn -0.28790321035886335 0.9576595122824499 0
vn -0.32896855202231506 0.9443408768979247 0
vn -0.32896855202231506 0.9443408768979247 0
vn -0.32896855202231506 0.9443408768979247 0
vn -0.32896855202231506 0.9443408768979247 0
vn -0.32896855202231506 0.9443408768979247 0
vn -0.32896855202231506 0.9443408768979247 0
vn -0.3700083416059951 0.9290284318264868 0
vn -0.3700083416059951 0.9290284318264868 0
vn -0.3700083416059951 0.9290284318264868 0
vn -0.3700083416059951 0.9290284318264868 0
vn -0.3700083416059951 0.9290284318264868 0
vn -0.3700083416059951 0.9290284318264868 0
vn -0.4107707809512287 0.9117386497877107 0
vn -0.4107707809512287 0.9117386497877107 0
vn -0.4107707809512287 0.9117386497877107 0
vn -0.4107707809512287 0.9117386497877107 0
vn -0.4107707809512287 0.9117386497877107 0
vn -0.4107707809512287 0.9117386497877107 0
vn -0.45100024386208426 0.8925238260328632 0
vn -0.45100024386208426 0.8925238260328632 0
vn -0.45100024386208426 0.8925238260328632 0
vn -0.45100024386208426 0.8925238260328632 0
vn -0.45100024386208426 0.8925238260328632 0
vn -0.45100024386208426 0.8925238260328632 0
vn -0.4916796345641249 0.8707761692621638 0
vn -0.4916796345641249 0.8707761692621638 0
vn -0.4916796345641249 0.8707761692621638 0
vn -0.4916796345641249 0.8707761692621638 0
vn -0.4916796345641249 0.8707761692621638 0
vn -0.4916796345641249 0.8707761692621638 0
vn -0.533163849798679 0.8460120030282381 0
vn -0.533163849798679 0.8460120030282381 0
vn -0.533163849798679 0.8460120030282381 0
vn -0.533163849798679 0.8460120030282381 0
vn -0.533163849798679 0.8460120030282381 0
vn -0.533163849798679 0.8460120030282381 0
vn -0.5741102074412123 0.818778034458551 0
vn -0.5741102074412123 0.818778034458551 0
vn -0.5741102074412123 0.818778034458551 0
vn -0.5741102074412123 0.818778034458551 0
vn -0.5741102074412123 0.818778034458551 0
vn -0.5741102074412123 0.818778034458551 0
vn -0.6141908080062335 0.7891575580076832 0
vn -0.6141908080062335 0.7891575580076832 0
vn -0.6141908080062335 0.7891575580076832 0
vn -0.6141908080062335 0.7891575580076832 0
vn -0.6141908080062335 0.7891575580076832 0
vn -0.6141908080062335 0.7891575580076832 0
vn -0.65305281493582 0.7573123667974805 0
vn -0.65305281493582 0.7573123667974805 0
vn -0.65305281493582 0.7573123667974805 0
vn -0.65305281493582 0.7573123667974805 0
vn -0.65305281493582 0.7573123667974805 0
vn -0.65305281493582 0.7573123667974805 0
vn -0.6903809754311513 0.7234459957472513 0
vn -0.6903809754311513 0.7234459957472513 0
vn -0.6903809754311513 0.7234459957472513 0
vn -0.6903809754311513 0.7234459957472513 0
vn -0.6903809754311513 0.7234459957472513 0
vn -0.6903809754311513 0.7234459957472513 0
vn -0.7258935723848348 0.6878070380349293 0
vn -0.7258935723848348 0.6878070380349293 0
vn -0.7258935723848348 0.6878070380349293 0
vn -0.7258935723848348 0.6878070380349293 0
vn -0.7258935723848348 0.6878070380349293 0
vn -0.7258935723848348 0.6878070380349293 0
vn -0.7593463176721109 0.6506866909948334 0
vn -0.7593463176721109 0.6506866909948334 0
vn -0.7593463176721109 0.6506866909948334 0
vn -0.7593463176721109 0.6506866909948334 0
vn -0.7593463176721109 0.6506866909948334 0
vn -0.7593463176721109 0.6506866909948334 0
vn -0.7905378005324242 0.6124132476762378 0
vn -0.7905378005324242 0.6124132476762378 0
vn -0.7905378005324242 0.6124132476762378 0
vn -0.7905378005324242 0.6124132476762378 0
vn -0.7905378005324242 0.6124132476762378 0
vn -0.7905378005324242 0.6124132476762378 0
vn -0.8193378555949175 0.5733109787795121 0
vn -0.8193378555949175 0.5733109787795121 0
vn -0.8193378555949175 0.5733109787795121 0
vn -0.8193378555949175 0.5733109787795121 0
vn -0.8193378555949175 0.5733109787795121 0
vn -0.8193378555949175 0.5733109787795121 0
vn -0.8456629428484131 0.5337173288295607 0
vn -0.8456629428484131 0.5337173288295607 0
vn -0.8456629428484131 0.5337173288295607 0
vn -0.8456629428484131 0.5337173288295607 0
vn -0.8456629428484131 0.5337173288295607 0
vn -0.8456629428484131 0.5337173288295607 0
vn -0.8694896498668743 0.49395116031281916 0
vn -0.8694896498668743 0.49395116031281916 0
vn -0.8694896498668743 0.49395116031281916 0
vn -0.8694896498668743 0.49395116031281916 0
vn -0.8694896498668743 0.49395116031281916 0
vn -0.8694896498668743 0.49395116031281916 0
vn 0.9999128349935438 -0.013203121417837716 0
vn 0.9999128349935438 -0.013203121417837716 0
vn 0.9999128349935438 -0.013203121417837716 0
vn 0.9999128349935438 -0.013203121417837716 0
vn 0.9999128349935438 -0.013203121417837716 0
vn 0.9999128349935438 -0.013203121417837716 0
vn 0.999149469038532 -0.04123516121006065 0
vn 0.999149469038532 -0.04123516121006065 0
vn 0.999149469038532 -0.04123516121006065 0
vn 0.999149469038532 -0.04123516121006065 0
vn 0.999149469038532 -0.04123516121006065 0
vn 0.999149469038532 -0.04123516121006065 0
vn 0.9974332151074924 -0.07160294267927053 0
vn 0.9974332151074924 -0.07160294267927053 0
vn 0.9974332151074924 -0.07160294267927053 0
vn 0.9974332151074924 -0.07160294267927053 0
vn 0.9974332151074924 -0.07160294267927053 0
vn 0.9974332151074924 -0.07160294267927053 0
vn 0.9945232202322133 -0.10451585726074508 0
vn 0.9945232202322133 -0.10451585726074508 0
vn 0.9945232202322133 -0.10451585726074508 0
vn 0.9945232202322133 -0.10451585726074508 0
vn 0.9945232202322133 -0.10451585726074508 0
vn 0.9945232202322133 -0.10451585726074508 0
vn 0.9901255394510453 -0.14018350875469054 0
vn 0.9901255394510453 -0.14018350875469054 0
vn 0.9901255394510453 -0.14018350875469054 0
vn 0.9901255394510453 -0.14018350875469054 0
vn 0.9901255394510453 -0.14018350875469054 0
vn 0.9901255394510453 -0.14018350875469054 0
vn 0.9838836046012396 -0.17881010205486622 0
vn 0.9838836046012396 -0.17881010205486622 0
vn 0.9838836046012396 -0.17881010205486622 0
vn 0.9838836046012396 -0.17881010205486622 0
vn 0.9838836046012396 -0.17881010205486622 0
vn 0.9838836046012396 -0.17881010205486622 0
vn 0.97536985462676 -0.22057571644533586 0
vn 0.97536985462676 -0.22057571644533586 0
vn 0.97536985462676 -0.22057571644533586 0
vn 0.97536985462676 -0.22057571644533586 0
vn 0.97536985462676 -0.22057571644533586 0
vn 0.97536985462676 -0.22057571644533586 0
vn 0.964078523672063 -0.265617394374494 0
vn 0.964078523672063 -0.265617394374494 0
vn 0.964078523672063 -0.265617394374494 0
vn 0.964078523672063 -0.265617394374494 0
vn 0.964078523672063 -0.265617394374494 0
vn 0.964078523672063 -0.265617394374494 0
vn 0.9494238646195339 -0.31399733325445484 0
vn 0.9494238646195339 -0.31399733325445484 0
vn 0.9494238646195339 -0.31399733325445484 0
vn 0.9494238646195339 -0.31399733325445484 0
vn 0.9494238646195339 -0.31399733325445484 0
vn 0.9494238646195339 -0.31399733325445484 0
vn 0.9307449548924654 -0.3656690155621913 0
vn 0.9307449548924654 -0.3656690155621913 0
vn 0.9307449548924654 -0.3656690155621913 0
vn 0.9307449548924654 -0.3656690155621913 0
vn 0.9307449548924654 -0.3656690155621913 0
vn 0.9307449548924654 -0.3656690155621913 0
vn 0.9073243575724765 -0.42043133821789835 0
vn 0.9073243575724765 -0.42043133821789835 0
vn 0.9073243575724765 -0.42043133821789835 0
vn 0.9073243575724765 -0.42043133821789835 0
vn 0.9073243575724765 -0.42043133821789835 0
vn 0.9073243575724765 -0.42043133821789835 0
vn 0.8784263365864347 -0.4778777785075761 0
vn 0.8784263365864347 -0.4778777785075761 0
vn 0.8784263365864347 -0.4778777785075761 0
vn 0.8784263365864347 -0.4778777785075761 0
vn 0.8784263365864347 -0.4778777785075761 0
vn 0.8784263365864347 -0.4778777785075761 0
vn 0.843989598745109 -0.5363595409891295 0
vn 0.843989598745109 -0.5363595409891295 0
vn 0.843989598745109 -0.5363595409891295 0
vn 0.843989598745109 -0.5363595409891295 0
vn 0.843989598745109 -0.5363595409891295 0
vn 0.843989598745109 -0.5363595409891295 0
vn 0.8030148137194922 -0.5959590665029345 0
vn 0.8030148137194922 -0.5959590665029345 0
vn 0.8030148137194922 -0.5959590665029345 0
vn 0.8030148137194922 -0.5959590665029345 0
vn 0.8030148137194922 -0.5959590665029345 0
vn 0.8030148137194922 -0.5959590665029345 0
vn 0.7539749714759907 -0.656903145362982 0
vn 0.7539749714759907 -0.656903145362982 0
vn 0.7539749714759907 -0.656903145362982 0
vn 0.7539749714759907 -0.656903145362982 0
vn 0.7539749714759907 -0.656903145362982 0
vn 0.7539749714759907 -0.656903145362982 0
vn 0.6963246526967899 -0.7177269522922313 0
vn 0.6963246526967899 -0.7177269522922313 0
vn 0.6963246526967899 -0.7177269522922313 0
vn 0.6963246526967899 -0.7177269522922313 0
vn 0.6963246526967899 -0.7177269522922313 0
vn 0.6963246526967899 -0.7177269522922313 0
vn 0.6299871081700166 -0.7766055907213004 0
vn 0.6299871081700166 -0.7766055907213004 0
vn 0.6299871081700166 -0.7766055907213004 0
vn 0.6299871081700166 -0.7766055907213004 0
vn 0.6299871081700166 -0.7766055907213004 0
vn 0.6299871081700166 -0.7766055907213004 0
vn 0.5554944961624939 -0.8315202130635053 0
vn 0.5554944961624939 -0.8315202130635053 0
vn 0.5554944961624939 -0.8315202130635053 0
vn 0.5554944961624939 -0.8315202130635053 0
vn 0.5554944961624939 -0.8315202130635053 0
vn 0.5554944961624939 -0.8315202130635053 0
vn 0.47410509598702727 -0.8804682606199565 0
vn 0.47410509598702727 -0.8804682606199565 0
vn 0.47410509598702727 -0.8804682606199565 0
vn 0.47410509598702727 -0.8804682606199565 0
vn 0.47410509598702727 -0.8804682606199565 0
vn 0.47410509598702727 -0.8804682606199565 0
vn 0.387719921628912 -0.921777230339343 0
vn 0.387719921628912 -0.921777230339343 0
vn 0.387719921628912 -0.921777230339343 0
vn 0.387719921628912 -0.921777230339343 0
vn 0.387719921628912 -0.921777230339343 0
vn 0.387719921628912 -0.921777230339343 0
vn 0.29869190363004045 -0.95434959354833 0
vn 0.29869190363004045 -0.95434959354833 0
vn 0.29869190363004045 -0.95434959354833 0
vn 0.29869190363004045 -0.95434959354833 0
vn 0.29869190363004045 -0.95434959354833 0
vn 0.29869190363004045 -0.95434959354833 0
vn 0.20952411246714767 -0.9778034804063924 0
vn 0.20952411246714767 -0.9778034804063924 0
vn 0.20952411246714767 -0.9778034804063924 0
vn 0.20952411246714767 -0.9778034804063924 0
vn 0.20952411246714767 -0.9778034804063924 0
vn 0.20952411246714767 -0.9778034804063924 0
vn 0.12251186409339512 -0.9924670489020587 0
vn 0.12251186409339512 -0.9924670489020587 0
vn 0.12251186409339512 -0.9924670489020587 0
vn 0.12251186409339512 -0.9924670489020587 0
vn 0.12251186409339512 -0.9924670489020587 0
vn 0.12251186409339512 -0.9924670489020587 0
vn 0.03953923174859534 -0.9992180188290896 0
vn 0.03953923174859534 -0.9992180188290896 0
vn 0.03953923174859534 -0.9992180188290896 0
vn 0.03953923174859534 -0.9992180188290896 0
vn 0.03953923174859534 -0.9992180188290896 0
vn 0.03953923174859534 -0.9992180188290896 0
vn -0.04099579458021768 -0.9991593190411311 0
vn -0.04099579458021768 -0.9991593190411311 0
vn -0.04099579458021768 -0.9991593190411311 0
vn -0.04099579458021768 -0.9991593190411311 0
vn -0.04099579458021768 -0.9991593190411311 0
vn -0.04099579458021768 -0.9991593190411311 0
vn -0.1299845091361765 -0.9915160247745001 0
vn -0.1299845091361765 -0.9915160247745001 0
vn -0.1299845091361765 -0.9915160247745001 0
vn -0.1299845091361765 -0.9915160247745001 0
vn -0.1299845091361765 -0.9915160247745001 0
vn -0.1299845091361765 -0.9915160247745001 0
vn -0.2275630959195134 -0.9737633374570674 0
vn -0.2275630959195134 -0.9737633374570674 0
vn -0.2275630959195134 -0.9737633374570674 0
vn -0.2275630959195134 -0.9737633374570674 0
vn -0.2275630959195134 -0.9737633374570674 0
vn -0.2275630959195134 -0.9737633374570674 0
vn -0.3317224426248681 -0.9433770301735097 0
vn -0.3317224426248681 -0.9433770301735097 0
vn -0.3317224426248681 -0.9433770301735097 0
vn -0.3317224426248681 -0.9433770301735097 0
vn -0.3317224426248681 -0.9433770301735097 0
vn -0.3317224426248681 -0.9433770301735097 0
vn -0.4390242109855512 -0.8984752318058157 0
vn -0.4390242109855512 -0.8984752318058157 0
vn -0.4390242109855512 -0.8984752318058157 0
vn -0.4390242109855512 -0.8984752318058157 0
vn -0.4390242109855512 -0.8984752318058157 0
vn -0.4390242109855512 -0.8984752318058157 0
vn -0.5448231167744899 -0.8385509951267904 0
vn -0.5448231167744899 -0.8385509951267904 0
vn -0.5448231167744899 -0.8385509951267904 0
vn -0.5448231167744899 -0.8385509951267904 0
vn -0.5448231167744899 -0.8385509951267904 0
vn -0.5448231167744899 -0.8385509951267904 0
vn -0.6440278886877144 -0.7650020121492785 0
vn -0.6440278886877144 -0.7650020121492785 0
vn -0.6440278886877144 -0.7650020121492785 0
vn -0.6440278886877144 -0.7650020121492785 0
vn -0.6440278886877144 -0.7650020121492785 0
vn -0.6440278886877144 -0.7650020121492785 0
vn -0.7321832016225573 -0.6811077442385615 0
vn -0.7321832016225573 -0.6811077442385615 0
vn -0.7321832016225573 -0.6811077442385615 0
vn -0.7321832016225573 -0.6811077442385615 0
vn -0.7321832016225573 -0.6811077442385615 0
vn -0.7321832016225573 -0.6811077442385615 0
vn -0.8064367710299252 -0.591320331403232 0
vn -0.8064367710299252 -0.591320331403232 0
vn -0.8064367710299252 -0.591320331403232 0
vn -0.8064367710299252 -0.591320331403232 0
vn -0.8064367710299252 -0.591320331403232 0
vn -0.8064367710299252 -0.591320331403232 0
vn -0.8658826182359332 -0.500247230314057 0
vn -0.8658826182359332 -0.500247230314057 0
vn -0.8658826182359332 -0.500247230314057 0
vn -0.8658826182359332 -0.500247230314057 0
vn -0.8658826182359332 -0.500247230314057 0
vn -0.8658826182359332 -0.500247230314057 0
vn -0.9112961341680111 -0.4117515705500564 0
vn -0.9112961341680111 -0.4117515705500564 0
vn -0.9112961341680111 -0.4117515705500564 0
vn -0.9112961341680111 -0.4117515705500564 0
vn -0.9112961341680111 -0.4117515705500564 0
vn -0.9112961341680111 -0.4117515705500564 0
vn -0.9444952620521477 -0.32852503703834335 0
vn -0.9444952620521477 -0.32852503703834335 0
vn -0.9444952620521477 -0.32852503703834335 0
vn -0.9444952620521477 -0.32852503703834335 0
vn -0.9444952620521477 -0.32852503703834335 0
vn -0.9444952620521477 -0.32852503703834335 0
vn 0.1773615193772769 -0.9841457673760446 0
vn 0.1773615193772769 -0.9841457673760446 0
vn 0.1773615193772769 -0.9841457673760446 0
vn 0.1773615193772769 -0.9841457673760446 0
vn 0.1773615193772769 -0.9841457673760446 0
vn 0.1773615193772769 -0.9841457673760446 0
vn 0.9550277557236304 0.29651641741644896 0
vn 0.9550277557236304 0.29651641741644896 0
vn 0.9550277557236304 0.29651641741644896 0
vn 0.9550277557236304 0.29651641741644896 0
vn 0.9550277557236304 0.29651641741644896 0
vn 0.9550277557236304 0.29651641741644896 0
vn 0.9405453769892571 0.33966806418051154 0
vn 0.9405453769892571 0.33966806418051154 0
vn 0.9405453769892571 0.33966806418051154 0
vn 0.9405453769892571 0.33966806418051154 0
vn 0.9405453769892571 0.33966806418051154 0
vn 0.9405453769892571 0.33966806418051154 0
vn 0.9231401514784194 0.3844636013049882 0
vn 0.9231401514784194 0.3844636013049882 0
vn 0.9231401514784194 0.3844636013049882 0
vn 0.9231401514784194 0.3844636013049882 0
vn 0.9231401514784194 0.3844636013049882 0
vn 0.9231401514784194 0.3844636013049882 0
vn 0.902518496829243 0.4306510918145732 0
vn 0.902518496829243 0.4306510918145732 0
vn 0.902518496829243 0.4306510918145732 0
vn 0.902518496829243 0.4306510918145732 0
vn 0.902518496829243 0.4306510918145732 0
vn 0.902518496829243 0.4306510918145732 0
vn 0.8784205885922579 0.47788834421570814 0
vn 0.8784205885922579 0.47788834421570814 0
vn 0.8784205885922579 0.47788834421570814 0
vn 0.8784205885922579 0.47788834421570814 0
vn 0.8784205885922579 0.47788834421570814 0
vn 0.8784205885922579 0.47788834421570814 0
vn 0.8506445258606747 0.5257412772678857 0
vn 0.8506445258606747 0.5257412772678857 0
vn 0.8506445258606747 0.5257412772678857 0
vn 0.8506445258606747 0.5257412772678857 0
vn 0.8506445258606747 0.5257412772678857 0
vn 0.8506445258606747 0.5257412772678857 0
vn 0.8190537703256168 0.573716760532052 0
vn 0.8190537703256168 0.573716760532052 0
vn 0.8190537703256168 0.573716760532052 0
vn 0.8190537703256168 0.573716760532052 0
vn 0.8190537703256168 0.573716760532052 0
vn 0.8190537703256168 0.573716760532052 0
vn 0.7836347407046427 0.6212218550250527 0
vn 0.7836347407046427 0.6212218550250527 0
vn 0.7836347407046427 0.6212218550250527 0
vn 0.7836347407046427 0.6212218550250527 0
vn 0.7836347407046427 0.6212218550250527 0
vn 0.7836347407046427 0.6212218550250527 0
vn 0.7444713098416105 0.6676544531587555 0
vn 0.7444713098416105 0.6676544531587555 0
vn 0.7444713098416105 0.6676544531587555 0
vn 0.7444713098416105 0.6676544531587555 0
vn 0.7444713098416105 0.6676544531587555 0
vn 0.7444713098416105 0.6676544531587555 0
vn 0.7017975618715634 0.7123764328998603 0
vn 0.7017975618715634 0.7123764328998603 0
vn 0.7017975618715634 0.7123764328998603 0
vn 0.7017975618715634 0.7123764328998603 0
vn 0.7017975618715634 0.7123764328998603 0
vn 0.7017975618715634 0.7123764328998603 0
vn 0.6559731755770438 0.7547842028840884 0
vn 0.6559731755770438 0.7547842028840884 0
vn 0.6559731755770438 0.7547842028840884 0
vn 0.6559731755770438 0.7547842028840884 0
vn 0.6559731755770438 0.7547842028840884 0
vn 0.6559731755770438 0.7547842028840884 0
vn 0.6074805165560513 0.7943345781248562 0
vn 0.6074805165560513 0.7943345781248562 0
vn 0.6074805165560513 0.7943345781248562 0
vn 0.6074805165560513 0.7943345781248562 0
vn 0.6074805165560513 0.7943345781248562 0
vn 0.6074805165560513 0.7943345781248562 0
vn 0.5566243579652402 0.8307643011828227 0
vn 0.5566243579652402 0.8307643011828227 0
vn 0.5566243579652402 0.8307643011828227 0
vn 0.5566243579652402 0.8307643011828227 0
vn 0.5566243579652402 0.8307643011828227 0
vn 0.5566243579652402 0.8307643011828227 0
vn 0.5040739181863529 0.863660514904009 0
vn 0.5040739181863529 0.863660514904009 0
vn 0.5040739181863529 0.863660514904009 0
vn 0.5040739181863529 0.863660514904009 0
vn 0.5040739181863529 0.863660514904009 0
vn 0.5040739181863529 0.863660514904009 0
vn 0.4506909296807668 0.8926800579734521 0
vn 0.4506909296807668 0.8926800579734521 0
vn 0.4506909296807668 0.8926800579734521 0
vn 0.4506909296807668 0.8926800579734521 0
vn 0.4506909296807668 0.8926800579734521 0
vn 0.4506909296807668 0.8926800579734521 0
vn 0.3971377639577687 0.9177590078221098 0
vn 0.3971377639577687 0.9177590078221098 0
vn 0.3971377639577687 0.9177590078221098 0
vn 0.3971377639577687 0.9177590078221098 0
vn 0.3971377639577687 0.9177590078221098 0
vn 0.3971377639577687 0.9177590078221098 0
vn 0.34403443234418124 0.9389570327558215 0
vn 0.34403443234418124 0.9389570327558215 0
vn 0.34403443234418124 0.9389570327558215 0
vn 0.34403443234418124 0.9389570327558215 0
vn 0.34403443234418124 0.9389570327558215 0
vn 0.34403443234418124 0.9389570327558215 0
vn 0.29193255551546166 0.9564389071081392 0
vn 0.29193255551546166 0.9564389071081392 0
vn 0.29193255551546166 0.9564389071081392 0
vn 0.29193255551546166 0.9564389071081392 0
vn 0.29193255551546166 0.9564389071081392 0
vn 0.29193255551546166 0.9564389071081392 0
vn 0.2412765146524386 0.9704564098799964 0
vn 0.2412765146524386 0.9704564098799964 0
vn 0.2412765146524386 0.9704564098799964 0
vn 0.2412765146524386 0.9704564098799964 0
vn 0.2412765146524386 0.9704564098799964 0
vn 0.2412765146524386 0.9704564098799964 0
vn 0.19242735581425777 0.9813112211395185 0
vn 0.19242735581425777 0.9813112211395185 0
vn 0.19242735581425777 0.9813112211395185 0
vn 0.19242735581425777 0.9813112211395185 0
vn 0.19242735581425777 0.9813112211395185 0
vn 0.19242735581425777 0.9813112211395185 0
vn 0.1456446207489469 0.9893369721418964 0
vn 0.1456446207489469 0.9893369721418964 0
vn 0.1456446207489469 0.9893369721418964 0
vn 0.1456446207489469 0.9893369721418964 0
vn 0.1456446207489469 0.9893369721418964 0
vn 0.1456446207489469 0.9893369721418964 0
vn 0.10109931365746526 0.9948763384350787 0
vn 0.10109931365746526 0.9948763384350787 0
vn 0.10109931365746526 0.9948763384350787 0
vn 0.10109931365746526 0.9948763384350787 0
vn 0.10109931365746526 0.9948763384350787 0
vn 0.10109931365746526 0.9948763384350787 0
vn 0.05889003259600992 0.9982644760086581 0
vn 0.05889003259600992 0.9982644760086581 0
vn 0.05889003259600992 0.9982644760086581 0
vn 0.05889003259600992 0.9982644760086581 0
vn 0.05889003259600992 0.9982644760086581 0
vn 0.05889003259600992 0.9982644760086581 0
vn 0.019041773052410053 0.9998186890026713 0
vn 0.019041773052410053 0.9998186890026713 0
vn 0.019041773052410053 0.9998186890026713 0
vn 0.019041773052410053 0.9998186890026713 0
vn 0.019041773052410053 0.9998186890026713 0
vn 0.019041773052410053 0.9998186890026713 0
vn -0.034383579675374136 0.9994087099123697 0
vn -0.034383579675374136 0.9994087099123697 0
vn -0.034383579675374136 0.9994087099123697 0
vn -0.034383579675374136 0.9994087099123697 0
vn -0.034383579675374136 0.9994087099123697 0
vn -0.034383579675374136 0.9994087099123697 0
vn -0.10678259586703145 0.9942823930955926 0
vn -0.10678259586703145 0.9942823930955926 0
vn -0.10678259586703145 0.9942823930955926 0
vn -0.10678259586703145 0.9942823930955926 0
vn -0.10678259586703145 0.9942823930955926 0
vn -0.10678259586703145 0.9942823930955926 0
vn -0.18339295836949396 0.9830396852724131 0
vn -0.18339295836949396 0.9830396852724131 0
vn -0.18339295836949396 0.9830396852724131 0
vn -0.18339295836949396 0.9830396852724131 0
vn -0.18339295836949396 0.9830396852724131 0
vn -0.18339295836949396 0.9830396852724131 0
vn -0.26309773368286754 0.9647691861429546 0
vn -0.26309773368286754 0.9647691861429546 0
vn -0.26309773368286754 0.9647691861429546 0
vn -0.26309773368286754 0.9647691861429546 0
vn -0.26309773368286754 0.9647691861429546 0
vn -0.26309773368286754 0.9647691861429546 0
vn -0.34436962691624107 0.9388341493882554 0
vn -0.34436962691624107 0.9388341493882554 0
vn -0.34436962691624107 0.9388341493882554 0
vn -0.34436962691624107 0.9388341493882554 0
vn -0.34436962691624107 0.9388341493882554 0
vn -0.34436962691624107 0.9388341493882554 0
vn -0.4253754660720142 0.9050169682740853 0
vn -0.4253754660720142 0.9050169682740853 0
vn -0.4253754660720142 0.9050169682740853 0
vn -0.4253754660720142 0.9050169682740853 0
vn -0.4253754660720142 0.9050169682740853 0
vn -0.4253754660720142 0.9050169682740853 0
vn -0.5041245786464804 0.8636309450248459 0
vn -0.5041245786464804 0.8636309450248459 0
vn -0.5041245786464804 0.8636309450248459 0
vn -0.5041245786464804 0.8636309450248459 0
vn -0.5041245786464804 0.8636309450248459 0
vn -0.5041245786464804 0.8636309450248459 0
vn -0.5787172319422365 0.8155282738526701 0
vn -0.5787172319422365 0.8155282738526701 0
vn -0.5787172319422365 0.8155282738526701 0
vn -0.5787172319422365 0.8155282738526701 0
vn -0.5787172319422365 0.8155282738526701 0
vn -0.5787172319422365 0.8155282738526701 0
vn -0.6475473771731867 0.7620251927043664 0
vn -0.6475473771731867 0.7620251927043664 0
vn -0.6475473771731867 0.7620251927043664 0
vn -0.6475473771731867 0.7620251927043664 0
vn -0.6475473771731867 0.7620251927043664 0
vn -0.6475473771731867 0.7620251927043664 0
vn -0.70947978928533 0.7047257825535007 0
vn -0.70947978928533 0.7047257825535007 0
vn -0.70947978928533 0.7047257825535007 0
vn -0.70947978928533 0.7047257825535007 0
vn -0.70947978928533 0.7047257825535007 0
vn -0.70947978928533 0.7047257825535007 0
vn -0.7639105432751303 0.645322153558279 0
vn -0.7639105432751303 0.645322153558279 0
vn -0.7639105432751303 0.645322153558279 0
vn -0.7639105432751303 0.645322153558279 0
vn -0.7639105432751303 0.645322153558279 0
vn -0.7639105432751303 0.645322153558279 0
vn -0.8107430371882257 0.5854021930696973 0
vn -0.8107430371882257 0.5854021930696973 0
vn -0.8107430371882257 0.5854021930696973 0
vn -0.8107430371882257 0.5854021930696973 0
vn -0.8107430371882257 0.5854021930696973 0
vn -0.8107430371882257 0.5854021930696973 0
vn -0.8505997359914992 0.5258137399604464 0
vn -0.8505997359914992 0.5258137399604464 0
vn -0.8505997359914992 0.5258137399604464 0
vn -0.8505997359914992 0.5258137399604464 0
vn -0.8505997359914992 0.5258137399604464 0
vn -0.8505997359914992 0.5258137399604464 0
vn -0.8844458415420713 0.4666428542032303 0
vn -0.8844458415420713 0.4666428542032303 0
vn -0.8844458415420713 0.4666428542032303 0
vn -0.8844458415420713 0.4666428542032303 0
vn -0.8844458415420713 0.4666428542032303 0
vn -0.8844458415420713 0.4666428542032303 0
vn -0.9125555866658202 0.4089526882721287 0
vn -0.9125555866658202 0.4089526882721287 0
vn -0.9125555866658202 0.4089526882721287 0
vn -0.9125555866658202 0.4089526882721287 0
vn -0.9125555866658202 0.4089526882721287 0
vn -0.9125555866658202 0.4089526882721287 0
vn -0.9354535877825524 0.35344955100374703 0
vn -0.9354535877825524 0.35344955100374703 0
vn -0.9354535877825524 0.35344955100374703 0
vn -0.9354535877825524 0.35344955100374703 0
vn -0.9354535877825524 0.35344955100374703 0
vn -0.9354535877825524 0.35344955100374703 0
vn -0.9537428000591187 0.300623803673947 0
vn -0.9537428000591187 0.300623803673947 0
vn -0.9537428000591187 0.300623803673947 0
vn -0.9537428000591187 0.300623803673947 0
vn -0.9537428000591187 0.300623803673947 0
vn -0.9537428000591187 0.300623803673947 0
vn -0.968046418695166 0.2507710733945668 0
vn -0.968046418695166 0.2507710733945668 0
vn -0.968046418695166 0.2507710733945668 0
vn -0.968046418695166 0.2507710733945668 0
vn -0.968046418695166 0.2507710733945668 0
vn -0.968046418695166 0.2507710733945668 0
vn -0.9789642773014934 0.20403172245404594 0
vn -0.9789642773014934 0.20403172245404594 0
vn -0.9789642773014934 0.20403172245404594 0
vn -0.9789642773014934 0.20403172245404594 0
vn -0.9789642773014934 0.20403172245404594 0
vn -0.9789642773014934 0.20403172245404594 0
vn -0.9870480411590399 0.16042494956864506 0
vn -0.9870480411590399 0.16042494956864506 0
vn -0.9870480411590399 0.16042494956864506 0
vn -0.9870480411590399 0.16042494956864506 0
vn -0.9870480411590399 0.16042494956864506 0
vn -0.9870480411590399 0.16042494956864506 0
vn -0.992788198570531 0.11988157814726917 0
vn -0.992788198570531 0.11988157814726917 0
vn -0.992788198570531 0.11988157814726917 0
vn -0.992788198570531 0.11988157814726917 0
vn -0.992788198570531 0.11988157814726917 0
vn -0.992788198570531 0.11988157814726917 0
vn -0.9966096046204681 0.08227573140504056 0
vn -0.9966096046204681 0.08227573140504056 0
vn -0.9966096046204681 0.08227573140504056 0
vn -0.9966096046204681 0.08227573140504056 0
vn -0.9966096046204681 0.08227573140504056 0
vn -0.9966096046204681 0.08227573140504056 0
vn -0.9988738696589915 0.04744462574909933 0
vn -0.9988738696589915 0.04744462574909933 0
vn -0.9988738696589915 0.04744462574909933 0
vn -0.9988738696589915 0.04744462574909933 0
vn -0.9988738696589915 0.04744462574909933 0
vn -0.9988738696589915 0.04744462574909933 0
vn -0.9998843845327618 0.015205839915639226 0
vn -0.9998843845327618 0.015205839915639226 0
vn -0.9998843845327618 0.015205839915639226 0
vn -0.9998843845327618 0.015205839915639226 0
vn -0.9998843845327618 0.015205839915639226 0
vn -0.9998843845327618 0.015205839915639226 0
vn -0.999874458151062 -0.015845123449184983 0
vn -0.999874458151062 -0.015845123449184983 0
vn -0.999874458151062 -0.015845123449184983 0
vn -0.999874458151062 -0.015845123449184983 0
vn -0.999874458151062 -0.015845123449184983 0
vn -0.999874458151062 -0.015845123449184983 0
vn -0.9987747643936188 -0.04948706912387762 0
vn -0.9987747643936188 -0.04948706912387762 0
vn -0.9987747643936188 -0.04948706912387762 0
vn -0.9987747643936188 -0.04948706912387762 0
vn -0.9987747643936188 -0.04948706912387762 0
vn -0.9987747643936188 -0.04948706912387762 0
vn -0.9963037559652334 -0.08590009225588155 0
vn -0.9963037559652334 -0.08590009225588155 0
vn -0.9963037559652334 -0.08590009225588155 0
vn -0.9963037559652334 -0.08590009225588155 0
vn -0.9963037559652334 -0.08590009225588155 0
vn -0.9963037559652334 -0.08590009225588155 0
vn -0.9921219115614643 -0.12527614537343443 0
vn -0.9921219115614643 -0.12527614537343443 0
vn -0.9921219115614643 -0.12527614537343443 0
vn -0.9921219115614643 -0.12527614537343443 0
vn -0.9921219115614643 -0.12527614537343443 0
vn -0.9921219115614643 -0.12527614537343443 0
vn -0.9858242932848202 -0.1677809964491945 0
vn -0.9858242932848202 -0.1677809964491945 0
vn -0.9858242932848202 -0.1677809964491945 0
vn -0.9858242932848202 -0.1677809964491945 0
vn -0.9858242932848202 -0.1677809964491945 0
vn -0.9858242932848202 -0.1677809964491945 0
vn -0.9769350988046229 -0.21353644354910767 0
vn -0.9769350988046229 -0.21353644354910767 0
vn -0.9769350988046229 -0.21353644354910767 0
vn -0.9769350988046229 -0.21353644354910767 0
vn -0.9769350988046229 -0.21353644354910767 0
vn -0.9769350988046229 -0.21353644354910767 0
vn -0.9649079446732491 -0.26258838189540273 0
vn -0.9649079446732491 -0.26258838189540273 0
vn -0.9649079446732491 -0.26258838189540273 0
vn -0.9649079446732491 -0.26258838189540273 0
vn -0.9649079446732491 -0.26258838189540273 0
vn -0.9649079446732491 -0.26258838189540273 0
vn -0.9491321062184646 -0.3148781430098016 0
vn -0.9491321062184646 -0.3148781430098016 0
vn -0.9491321062184646 -0.3148781430098016 0
vn -0.9491321062184646 -0.3148781430098016 0
vn -0.9491321062184646 -0.3148781430098016 0
vn -0.9491321062184646 -0.3148781430098016 0
vn -0.9289527299733716 -0.37019835963307557 0
vn -0.9289527299733716 -0.37019835963307557 0
vn -0.9289527299733716 -0.37019835963307557 0
vn -0.9289527299733716 -0.37019835963307557 0
vn -0.9289527299733716 -0.37019835963307557 0
vn -0.9289527299733716 -0.37019835963307557 0
vn -0.9037050702106808 -0.42815551622688286 0
vn -0.9037050702106808 -0.42815551622688286 0
vn -0.9037050702106808 -0.42815551622688286 0
vn -0.9037050702106808 -0.42815551622688286 0
vn -0.9037050702106808 -0.42815551622688286 0
vn -0.9037050702106808 -0.42815551622688286 0
vn -0.8727702489976358 -0.48813122463596287 0
vn -0.8727702489976358 -0.48813122463596287 0
vn -0.8727702489976358 -0.48813122463596287 0
vn -0.8727702489976358 -0.48813122463596287 0
vn -0.8727702489976358 -0.48813122463596287 0
vn -0.8727702489976358 -0.48813122463596287 0
vn -0.835648863215973 -0.5492640325070013 0
vn -0.835648863215973 -0.5492640325070013 0
vn -0.835648863215973 -0.5492640325070013 0
vn -0.835648863215973 -0.5492640325070013 0
vn -0.835648863215973 -0.5492640325070013 0
vn -0.835648863215973 -0.5492640325070013 0
vn -0.7922037455624624 -0.610256688219642 0
vn -0.7922037455624624 -0.610256688219642 0
vn -0.7922037455624624 -0.610256688219642 0
vn -0.7922037455624624 -0.610256688219642 0
vn -0.7922037455624624 -0.610256688219642 0
vn -0.7922037455624624 -0.610256688219642 0
vn -0.7418326147120211 -0.6705850965757635 0
vn -0.7418326147120211 -0.6705850965757635 0
vn -0.7418326147120211 -0.6705850965757635 0
vn -0.7418326147120211 -0.6705850965757635 0
vn -0.7418326147120211 -0.6705850965757635 0
vn -0.7418326147120211 -0.6705850965757635 0
vn -0.6842650073646191 -0.7292334329254916 0
vn -0.6842650073646191 -0.7292334329254916 0
vn -0.6842650073646191 -0.7292334329254916 0
vn -0.6842650073646191 -0.7292334329254916 0
vn -0.6842650073646191 -0.7292334329254916 0
vn -0.6842650073646191 -0.7292334329254916 0
vn -0.6199835558466917 -0.7846148038876734 0
vn -0.6199835558466917 -0.7846148038876734 0
vn -0.6199835558466917 -0.7846148038876734 0
vn -0.6199835558466917 -0.7846148038876734 0
vn -0.6199835558466917 -0.7846148038876734 0
vn -0.6199835558466917 -0.7846148038876734 0
vn -0.5499574501458124 -0.8351926741950723 0
vn -0.5499574501458124 -0.8351926741950723 0
vn -0.5499574501458124 -0.8351926741950723 0
vn -0.5499574501458124 -0.8351926741950723 0
vn -0.5499574501458124 -0.8351926741950723 0
vn -0.5499574501458124 -0.8351926741950723 0
vn -0.47558887566465174 -0.8796676766506952 0
vn -0.47558887566465174 -0.8796676766506952 0
vn -0.47558887566465174 -0.8796676766506952 0
vn -0.47558887566465174 -0.8796676766506952 0
vn -0.47558887566465174 -0.8796676766506952 0
vn -0.47558887566465174 -0.8796676766506952 0
vn -0.3985822408461069 -0.9171325952565943 0
vn -0.3985822408461069 -0.9171325952565943 0
vn -0.3985822408461069 -0.9171325952565943 0
vn -0.3985822408461069 -0.9171325952565943 0
vn -0.3985822408461069 -0.9171325952565943 0
vn -0.3985822408461069 -0.9171325952565943 0
vn -0.3207529117230658 -0.9471629055348267 0
vn -0.3207529117230658 -0.9471629055348267 0
vn -0.3207529117230658 -0.9471629055348267 0
vn -0.3207529117230658 -0.9471629055348267 0
vn -0.3207529117230658 -0.9471629055348267 0
vn -0.3207529117230658 -0.9471629055348267 0
vn -0.24383068090780924 -0.9698178174523472 0
vn -0.24383068090780924 -0.9698178174523472 0
vn -0.24383068090780924 -0.9698178174523472 0
vn -0.24383068090780924 -0.9698178174523472 0
vn -0.24383068090780924 -0.9698178174523472 0
vn -0.24383068090780924 -0.9698178174523472 0
vn -0.16929742683195784 -0.985565006109733 0
vn -0.16929742683195784 -0.985565006109733 0
vn -0.16929742683195784 -0.985565006109733 0
vn -0.16929742683195784 -0.985565006109733 0
vn -0.16929742683195784 -0.985565006109733 0
vn -0.16929742683195784 -0.985565006109733 0
vn -0.09829340114281868 -0.9951574786393242 0
vn -0.09829340114281868 -0.9951574786393242 0
vn -0.09829340114281868 -0.9951574786393242 0
vn -0.09829340114281868 -0.9951574786393242 0
vn -0.09829340114281868 -0.9951574786393242 0
vn -0.09829340114281868 -0.9951574786393242 0
vn -0.0315911919835097 -0.9995008737310144 0
vn -0.0315911919835097 -0.9995008737310144 0
vn -0.0315911919835097 -0.9995008737310144 0
vn -0.0315911919835097 -0.9995008737310144 0
vn -0.0315911919835097 -0.9995008737310144 0
vn -0.0315911919835097 -0.9995008737310144 0
vn 0.025689114172158307 -0.9996699802500073 0
vn 0.025689114172158307 -0.9996699802500073 0
vn 0.025689114172158307 -0.9996699802500073 0
vn 0.025689114172158307 -0.9996699802500073 0
vn 0.025689114172158307 -0.9996699802500073 0
vn 0.025689114172158307 -0.9996699802500073 0
vn 0.07977106949213261 -0.996813210422134 0
vn 0.07977106949213261 -0.996813210422134 0
vn 0.07977106949213261 -0.996813210422134 0
vn 0.07977106949213261 -0.996813210422134 0
vn 0.07977106949213261 -0.996813210422134 0
vn 0.07977106949213261 -0.996813210422134 0
vn 0.13733807199393328 -0.9905242318999516 0
vn 0.13733807199393328 -0.9905242318999516 0
vn 0.13733807199393328 -0.9905242318999516 0
vn 0.13733807199393328 -0.9905242318999516 0
vn 0.13733807199393328 -0.9905242318999516 0
vn 0.13733807199393328 -0.9905242318999516 0
vn 0.19810098049443062 -0.9801816166033442 0
vn 0.19810098049443062 -0.9801816166033442 0
vn 0.19810098049443062 -0.9801816166033442 0
vn 0.19810098049443062 -0.9801816166033442 0
vn 0.19810098049443062 -0.9801816166033442 0
vn 0.19810098049443062 -0.9801816166033442 0
vn 0.26157543490737933 -0.965183035415053 0
vn 0.26157543490737933 -0.965183035415053 0
vn 0.26157543490737933 -0.965183035415053 0
vn 0.26157543490737933 -0.965183035415053 0
vn 0.26157543490737933 -0.965183035415053 0
vn 0.26157543490737933 -0.965183035415053 0
vn 0.32706666773974624 -0.9450012671174671 0
vn 0.32706666773974624 -0.9450012671174671 0
vn 0.32706666773974624 -0.9450012671174671 0
vn 0.32706666773974624 -0.9450012671174671 0
vn 0.32706666773974624 -0.9450012671174671 0
vn 0.32706666773974624 -0.9450012671174671 0
vn 0.3936664479651441 -0.9192533534050917 0
vn 0.3936664479651441 -0.9192533534050917 0
vn 0.3936664479651441 -0.9192533534050917 0
vn 0.3936664479651441 -0.9192533534050917 0
vn 0.3936664479651441 -0.9192533534050917 0
vn 0.3936664479651441 -0.9192533534050917 0
vn 0.46029883544537203 -0.887764035139763 0
vn 0.46029883544537203 -0.887764035139763 0
vn 0.46029883544537203 -0.887764035139763 0
vn 0.46029883544537203 -0.887764035139763 0
vn 0.46029883544537203 -0.887764035139763 0
vn 0.46029883544537203 -0.887764035139763 0
vn 0.52577121816451 -0.8506260201462256 0
vn 0.52577121816451 -0.8506260201462256 0
vn 0.52577121816451 -0.8506260201462256 0
vn 0.52577121816451 -0.8506260201462256 0
vn 0.52577121816451 -0.8506260201462256 0
vn 0.52577121816451 -0.8506260201462256 0
vn 0.5888714717192619 -0.8082266945574059 0
vn 0.5888714717192619 -0.8082266945574059 0
vn 0.5888714717192619 -0.8082266945574059 0
vn 0.5888714717192619 -0.8082266945574059 0
vn 0.5888714717192619 -0.8082266945574059 0
vn 0.5888714717192619 -0.8082266945574059 0
vn 0.6484833316094784 -0.7612288543037968 0
vn 0.6484833316094784 -0.7612288543037968 0
vn 0.6484833316094784 -0.7612288543037968 0
vn 0.6484833316094784 -0.7612288543037968 0
vn 0.6484833316094784 -0.7612288543037968 0
vn 0.6484833316094784 -0.7612288543037968 0
vn 0.7036581514214083 -0.7105386730771286 0
vn 0.7036581514214083 -0.7105386730771286 0
vn 0.7036581514214083 -0.7105386730771286 0
vn 0.7036581514214083 -0.7105386730771286 0
vn 0.7036581514214083 -0.7105386730771286 0
vn 0.7036581514214083 -0.7105386730771286 0
vn 0.7535398616010611 -0.6574022185680952 0
vn 0.7535398616010611 -0.6574022185680952 0
vn 0.7535398616010611 -0.6574022185680952 0
vn 0.7535398616010611 -0.6574022185680952 0
vn 0.7535398616010611 -0.6574022185680952 0
vn 0.7535398616010611 -0.6574022185680952 0
vn 0.7991473814172572 -0.6011351451827958 0
vn 0.7991473814172572 -0.6011351451827958 0
vn 0.7991473814172572 -0.6011351451827958 0
vn 0.7991473814172572 -0.6011351451827958 0
vn 0.7991473814172572 -0.6011351451827958 0
vn 0.7991473814172572 -0.6011351451827958 0
vn 0.8404718962534 -0.5418551389515593 0
vn 0.8404718962534 -0.5418551389515593 0
vn 0.8404718962534 -0.5418551389515593 0
vn 0.8404718962534 -0.5418551389515593 0
vn 0.8404718962534 -0.5418551389515593 0
vn 0.8404718962534 -0.5418551389515593 0
vn 0.876974469287984 -0.48053697070783086 0
vn 0.876974469287984 -0.48053697070783086 0
vn 0.876974469287984 -0.48053697070783086 0
vn 0.876974469287984 -0.48053697070783086 0
vn 0.876974469287984 -0.48053697070783086 0
vn 0.876974469287984 -0.48053697070783086 0
vn 0.9083423250386968 -0.41822747463945303 0
vn 0.9083423250386968 -0.41822747463945303 0
vn 0.9083423250386968 -0.41822747463945303 0
vn 0.9083423250386968 -0.41822747463945303 0
vn 0.9083423250386968 -0.41822747463945303 0
vn 0.9083423250386968 -0.41822747463945303 0
vn 0.9345129138421695 -0.3559292259174818 0
vn 0.9345129138421695 -0.3559292259174818 0
vn 0.9345129138421695 -0.3559292259174818 0
vn 0.9345129138421695 -0.3559292259174818 0
vn 0.9345129138421695 -0.3559292259174818 0
vn 0.9345129138421695 -0.3559292259174818 0
vn 0.9556298311720229 -0.2945702391181615 0
vn 0.9556298311720229 -0.2945702391181615 0
vn 0.9556298311720229 -0.2945702391181615 0
vn 0.9556298311720229 -0.2945702391181615 0
vn 0.9556298311720229 -0.2945702391181615 0
vn 0.9556298311720229 -0.2945702391181615 0
vn 0.9720160384940408 -0.23491449702040848 0
vn 0.9720160384940408 -0.23491449702040848 0
vn 0.9720160384940408 -0.23491449702040848 0
vn 0.9720160384940408 -0.23491449702040848 0
vn 0.9720160384940408 -0.23491449702040848 0
vn 0.9720160384940408 -0.23491449702040848 0
vn 0.9841072451329234 -0.17757513924220408 0
vn 0.9841072451329234 -0.17757513924220408 0
vn 0.9841072451329234 -0.17757513924220408 0
vn 0.9841072451329234 -0.17757513924220408 0
vn 0.9841072451329234 -0.17757513924220408 0
vn 0.9841072451329234 -0.17757513924220408 0
vn 0.9924086797119144 -0.1229837893075952 0
vn 0.9924086797119144 -0.1229837893075952 0
vn 0.9924086797119144 -0.1229837893075952 0
vn 0.9924086797119144 -0.1229837893075952 0
vn 0.9924086797119144 -0.1229837893075952 0
vn 0.9924086797119144 -0.1229837893075952 0
vn 0.9974467079246051 -0.07141473832737626 0
vn 0.9974467079246051 -0.07141473832737626 0
vn 0.9974467079246051 -0.07141473832737626 0
vn 0.9974467079246051 -0.07141473832737626 0
vn 0.9974467079246051 -0.07141473832737626 0
vn 0.9974467079246051 -0.07141473832737626 0
vn 0.9997353176088671 -0.023006406183879818 0
vn 0.9997353176088671 -0.023006406183879818 0
vn 0.9997353176088671 -0.023006406183879818 0
vn 0.9997353176088671 -0.023006406183879818 0
vn 0.9997353176088671 -0.023006406183879818 0
vn 0.9997353176088671 -0.023006406183879818 0
vn 0.9997225899997512 0.0235529837640467 0
vn 0.9997225899997512 0.0235529837640467 0
vn 0.9997225899997512 0.0235529837640467 0
vn 0.9997225899997512 0.0235529837640467 0
vn 0.9997225899997512 0.0235529837640467 0
vn 0.9997225899997512 0.0235529837640467 0
vn -0.9979661618392406 0.06374590044743993 0
vn -0.9979661618392406 0.06374590044743993 0
vn -0.9979661618392406 0.06374590044743993 0
vn -0.9979661618392406 0.06374590044743993 0
vn -0.9979661618392406 0.06374590044743993 0
vn -0.9979661618392406 0.06374590044743993 0
vn -0.9939361735363088 0.10995855099081997 0
vn -0.9939361735363088 0.10995855099081997 0
vn -0.9939361735363088 0.10995855099081997 0
vn -0.9939361735363088 0.10995855099081997 0
vn -0.9939361735363088 0.10995855099081997 0
vn -0.9939361735363088 0.10995855099081997 0
vn -0.9872552660417683 0.1591447129904025 0
vn -0.9872552660417683 0.1591447129904025 0
vn -0.9872552660417683 0.1591447129904025 0
vn -0.9872552660417683 0.1591447129904025 0
vn -0.9872552660417683 0.1591447129904025 0
vn -0.9872552660417683 0.1591447129904025 0
vn -0.9774451585700663 0.21118939837960132 0
vn -0.9774451585700663 0.21118939837960132 0
vn -0.9774451585700663 0.21118939837960132 0
vn -0.9774451585700663 0.21118939837960132 0
vn -0.9774451585700663 0.21118939837960132 0
vn -0.9774451585700663 0.21118939837960132 0
vn -0.9640088233470928 0.26587024750609806 0
vn -0.9640088233470928 0.26587024750609806 0
vn -0.9640088233470928 0.26587024750609806 0
vn -0.9640088233470928 0.26587024750609806 0
vn -0.9640088233470928 0.26587024750609806 0
vn -0.9640088233470928 0.26587024750609806 0
vn -0.9464611473974829 0.3228177449692629 0
vn -0.9464611473974829 0.3228177449692629 0
vn -0.9464611473974829 0.3228177449692629 0
vn -0.9464611473974829 0.3228177449692629 0
vn -0.9464611473974829 0.3228177449692629 0
vn -0.9464611473974829 0.3228177449692629 0
vn -0.9243664851905263 0.3815057025216169 0
vn -0.9243664851905263 0.3815057025216169 0
vn -0.9243664851905263 0.3815057025216169 0
vn -0.9243664851905263 0.3815057025216169 0
vn -0.9243664851905263 0.3815057025216169 0
vn -0.9243664851905263 0.3815057025216169 0
vn -0.8973851986224151 0.4412480088265654 0
vn -0.8973851986224151 0.4412480088265654 0
vn -0.8973851986224151 0.4412480088265654 0
vn -0.8973851986224151 0.4412480088265654 0
vn -0.8973851986224151 0.4412480088265654 0
vn -0.8973851986224151 0.4412480088265654 0
vn -0.8653310494543309 0.501200733090312 0
vn -0.8653310494543309 0.501200733090312 0
vn -0.8653310494543309 0.501200733090312 0
vn -0.8653310494543309 0.501200733090312 0
vn -0.8653310494543309 0.501200733090312 0
vn -0.8653310494543309 0.501200733090312 0
vn -0.8281980126927806 0.5604355911001093 0
vn -0.8281980126927806 0.5604355911001093 0
vn -0.8281980126927806 0.5604355911001093 0
vn -0.8281980126927806 0.5604355911001093 0
vn -0.8281980126927806 0.5604355911001093 0
vn -0.8281980126927806 0.5604355911001093 0
vn -0.7862198529331887 0.6179468770482741 0
vn -0.7862198529331887 0.6179468770482741 0
vn -0.7862198529331887 0.6179468770482741 0
vn -0.7862198529331887 0.6179468770482741 0
vn -0.7862198529331887 0.6179468770482741 0
vn -0.7862198529331887 0.6179468770482741 0
vn -0.7395052176403719 0.6731508249141986 0
vn -0.7395052176403719 0.6731508249141986 0
vn -0.7395052176403719 0.6731508249141986 0
vn -0.7395052176403719 0.6731508249141986 0
vn -0.7395052176403719 0.6731508249141986 0
vn -0.7395052176403719 0.6731508249141986 0
vn -0.6869344628668618 0.7267193706829451 0
vn -0.6869344628668618 0.7267193706829451 0
vn -0.6869344628668618 0.7267193706829451 0
vn -0.6869344628668618 0.7267193706829451 0
vn -0.6869344628668618 0.7267193706829451 0
vn -0.6869344628668618 0.7267193706829451 0
vn -0.6287776347902434 0.7775851631735186 0
vn -0.6287776347902434 0.7775851631735186 0
vn -0.6287776347902434 0.7775851631735186 0
vn -0.6287776347902434 0.7775851631735186 0
vn -0.6287776347902434 0.7775851631735186 0
vn -0.6287776347902434 0.7775851631735186 0
vn -0.5657612210319177 0.8245691243167388 0
vn -0.5657612210319177 0.8245691243167388 0
vn -0.5657612210319177 0.8245691243167388 0
vn -0.5657612210319177 0.8245691243167388 0
vn -0.5657612210319177 0.8245691243167388 0
vn -0.5657612210319177 0.8245691243167388 0
vn -0.498905148197258 0.8666565946799644 0
vn -0.498905148197258 0.8666565946799644 0
vn -0.498905148197258 0.8666565946799644 0
vn -0.498905148197258 0.8666565946799644 0
vn -0.498905148197258 0.8666565946799644 0
vn -0.498905148197258 0.8666565946799644 0
vn -0.4294604699380798 0.9030856574880167 0
vn -0.4294604699380798 0.9030856574880167 0
vn -0.4294604699380798 0.9030856574880167 0
vn -0.4294604699380798 0.9030856574880167 0
vn -0.4294604699380798 0.9030856574880167 0
vn -0.4294604699380798 0.9030856574880167 0
vn -0.35879302180765776 0.9334171454939798 0
vn -0.35879302180765776 0.9334171454939798 0
vn -0.35879302180765776 0.9334171454939798 0
vn -0.35879302180765776 0.9334171454939798 0
vn -0.35879302180765776 0.9334171454939798 0
vn -0.35879302180765776 0.9334171454939798 0
vn -0.2882538132216602 0.9575540398135095 0
vn -0.2882538132216602 0.9575540398135095 0
vn -0.2882538132216602 0.9575540398135095 0
vn -0.2882538132216602 0.9575540398135095 0
vn -0.2882538132216602 0.9575540398135095 0
vn -0.2882538132216602 0.9575540398135095 0
vn -0.21906870537856077 0.9757094353975272 0
vn -0.21906870537856077 0.9757094353975272 0
vn -0.21906870537856077 0.9757094353975272 0
vn -0.21906870537856077 0.9757094353975272 0
vn -0.21906870537856077 0.9757094353975272 0
vn -0.21906870537856077 0.9757094353975272 0
vn -0.15225167686588142 0.9883417561205877 0
vn -0.15225167686588142 0.9883417561205877 0
vn -0.15225167686588142 0.9883417561205877 0
vn -0.15225167686588142 0.9883417561205877 0
vn -0.15225167686588142 0.9883417561205877 0
vn -0.15225167686588142 0.9883417561205877 0
vn -0.08857214972128792 0.996069763768457 0
vn -0.08857214972128792 0.996069763768457 0
vn -0.08857214972128792 0.996069763768457 0
vn -0.08857214972128792 0.996069763768457 0
vn -0.08857214972128792 0.996069763768457 0
vn -0.08857214972128792 0.996069763768457 0
vn -0.02854578950265877 0.999592485916971 0
vn -0.02854578950265877 0.999592485916971 0
vn -0.02854578950265877 0.999592485916971 0
vn -0.02854578950265877 0.999592485916971 0
vn -0.02854578950265877 0.999592485916971 0
vn -0.02854578950265877 0.999592485916971 0
vn 0.02378497786417106 0.999717097397059 0
vn 0.02378497786417106 0.999717097397059 0
vn 0.02378497786417106 0.999717097397059 0
vn 0.02378497786417106 0.999717097397059 0
vn 0.02378497786417106 0.999717097397059 0
vn 0.02378497786417106 0.999717097397059 0
vn 0.07260503660909685 0.9973607715661328 0
vn 0.07260503660909685 0.9973607715661328 0
vn 0.07260503660909685 0.9973607715661328 0
vn 0.07260503660909685 0.9973607715661328 0
vn 0.07260503660909685 0.9973607715661328 0
vn 0.07260503660909685 0.9973607715661328 0
vn 0.12285720428808082 0.9924243585052297 0
vn 0.12285720428808082 0.9924243585052297 0
vn 0.12285720428808082 0.9924243585052297 0
vn 0.12285720428808082 0.9924243585052297 0
vn 0.12285720428808082 0.9924243585052297 0
vn 0.12285720428808082 0.9924243585052297 0
vn 0.17420432434131994 0.9847095274144474 0
vn 0.17420432434131994 0.9847095274144474 0
vn 0.17420432434131994 0.9847095274144474 0
vn 0.17420432434131994 0.9847095274144474 0
vn 0.17420432434131994 0.9847095274144474 0
vn 0.17420432434131994 0.9847095274144474 0
vn 0.22625149339097425 0.9740689204252202 0
vn 0.22625149339097425 0.9740689204252202 0
vn 0.22625149339097425 0.9740689204252202 0
vn 0.22625149339097425 0.9740689204252202 0
vn 0.22625149339097425 0.9740689204252202 0
vn 0.22625149339097425 0.9740689204252202 0
vn 0.27855741489704894 0.960419578416576 0
vn 0.27855741489704894 0.960419578416576 0
vn 0.27855741489704894 0.960419578416576 0
vn 0.27855741489704894 0.960419578416576 0
vn 0.27855741489704894 0.960419578416576 0
vn 0.27855741489704894 0.960419578416576 0
vn 0.33065062426417946 0.9437532329341756 0
vn 0.33065062426417946 0.9437532329341756 0
vn 0.33065062426417946 0.9437532329341756 0
vn 0.33065062426417946 0.9437532329341756 0
vn 0.33065062426417946 0.9437532329341756 0
vn 0.33065062426417946 0.9437532329341756 0
vn 0.38204559033521307 0.9241434774456934 0
vn 0.38204559033521307 0.9241434774456934 0
vn 0.38204559033521307 0.9241434774456934 0
vn 0.38204559033521307 0.9241434774456934 0
vn 0.38204559033521307 0.9241434774456934 0
vn 0.38204559033521307 0.9241434774456934 0
vn 0.43227243563093565 0.9017430573027433 0
vn 0.43227243563093565 0.9017430573027433 0
vn 0.43227243563093565 0.9017430573027433 0
vn 0.43227243563093565 0.9017430573027433 0
vn 0.43227243563093565 0.9017430573027433 0
vn 0.43227243563093565 0.9017430573027433 0
vn 0.4808876220336348 0.8767822391990134 0
vn 0.4808876220336348 0.8767822391990134 0
vn 0.4808876220336348 0.8767822391990134 0
vn 0.4808876220336348 0.8767822391990134 0
vn 0.4808876220336348 0.8767822391990134 0
vn 0.4808876220336348 0.8767822391990134 0
vn 0.5275049206698074 0.8495519752605725 0
vn 0.5275049206698074 0.8495519752605725 0
vn 0.5275049206698074 0.8495519752605725 0
vn 0.5275049206698074 0.8495519752605725 0
vn 0.5275049206698074 0.8495519752605725 0
vn 0.5275049206698074 0.8495519752605725 0
vn 0.571795721524473 0.8203960341483297 0
vn 0.571795721524473 0.8203960341483297 0
vn 0.571795721524473 0.8203960341483297 0
vn 0.571795721524473 0.8203960341483297 0
vn 0.571795721524473 0.8203960341483297 0
vn 0.571795721524473 0.8203960341483297 0
vn 0.6119607632978795 0.7908881236836703 0
vn 0.6119607632978795 0.7908881236836703 0
vn 0.6119607632978795 0.7908881236836703 0
vn 0.6119607632978795 0.7908881236836703 0
vn 0.6119607632978795 0.7908881236836703 0
vn 0.6119607632978795 0.7908881236836703 0
vn 0.64880071953474 0.7609583604450403 0
vn 0.64880071953474 0.7609583604450403 0
vn 0.64880071953474 0.7609583604450403 0
vn 0.64880071953474 0.7609583604450403 0
vn 0.64880071953474 0.7609583604450403 0
vn 0.64880071953474 0.7609583604450403 0
vn 0.6839857718515246 0.7294953487889241 0
vn 0.6839857718515246 0.7294953487889241 0
vn 0.6839857718515246 0.7294953487889241 0
vn 0.6839857718515246 0.7294953487889241 0
vn 0.6839857718515246 0.7294953487889241 0
vn 0.6839857718515246 0.7294953487889241 0
vn 0.7173147957567435 0.6967492258972817 0
vn 0.7173147957567435 0.6967492258972817 0
vn 0.7173147957567435 0.6967492258972817 0
vn 0.7173147957567435 0.6967492258972817 0
vn 0.7173147957567435 0.6967492258972817 0
vn 0.7173147957567435 0.6967492258972817 0
vn 0.748633137967997 0.6629844830282152 0
vn 0.748633137967997 0.6629844830282152 0
vn 0.748633137967997 0.6629844830282152 0
vn 0.748633137967997 0.6629844830282152 0
vn 0.748633137967997 0.6629844830282152 0
vn 0.748633137967997 0.6629844830282152 0
vn 0.7778327034718765 0.6284713879005407 0
vn 0.7778327034718765 0.6284713879005407 0
vn 0.7778327034718765 0.6284713879005407 0
vn 0.7778327034718765 0.6284713879005407 0
vn 0.7778327034718765 0.6284713879005407 0
vn 0.7778327034718765 0.6284713879005407 0
vn 0.8048495739712062 0.593478865064602 0
vn 0.8048495739712062 0.593478865064602 0
vn 0.8048495739712062 0.593478865064602 0
vn 0.8048495739712062 0.593478865064602 0
vn 0.8048495739712062 0.593478865064602 0
vn 0.8048495739712062 0.593478865064602 0
vn 0.8296623912691323 0.558265453448075 0
vn 0.8296623912691323 0.558265453448075 0
vn 0.8296623912691323 0.558265453448075 0
vn 0.8296623912691323 0.558265453448075 0
vn 0.8296623912691323 0.558265453448075 0
vn 0.8296623912691323 0.558265453448075 0
vn 0.8522807813930434 0.5230845721946532 0
vn 0.8522807813930434 0.5230845721946532 0
vn 0.8522807813930434 0.5230845721946532 0
vn 0.8522807813930434 0.5230845721946532 0
vn 0.8522807813930434 0.5230845721946532 0
vn 0.8522807813930434 0.5230845721946532 0
vn 0.8727623037328208 0.4881454303616694 0
vn 0.8727623037328208 0.4881454303616694 0
vn 0.8727623037328208 0.4881454303616694 0
vn 0.8727623037328208 0.4881454303616694 0
vn 0.8727623037328208 0.4881454303616694 0
vn 0.8727623037328208 0.4881454303616694 0
vn 0.8911791834779502 0.453651477387183 0
vn 0.8911791834779502 0.453651477387183 0
vn 0.8911791834779502 0.453651477387183 0
vn 0.8911791834779502 0.453651477387183 0
vn 0.8911791834779502 0.453651477387183 0
vn 0.8911791834779502 0.453651477387183 0
vn 0.9076308122153106 0.41976935180807995 0
vn 0.9076308122153106 0.41976935180807995 0
vn 0.9076308122153106 0.41976935180807995 0
vn 0.9076308122153106 0.41976935180807995 0
vn 0.9076308122153106 0.41976935180807995 0
vn 0.9076308122153106 0.41976935180807995 0
vn 0.922915509026008 0.38500254960099217 0
vn 0.922915509026008 0.38500254960099217 0
vn 0.922915509026008 0.38500254960099217 0
vn 0.922915509026008 0.38500254960099217 0
vn 0.922915509026008 0.38500254960099217 0
vn 0.922915509026008 0.38500254960099217 0
vn 0.937210642974587 0.34876383226355484 0
vn 0.937210642974587 0.34876383226355484 0
vn 0.937210642974587 0.34876383226355484 0
vn 0.937210642974587 0.34876383226355484 0
vn 0.937210642974587 0.34876383226355484 0
vn 0.937210642974587 0.34876383226355484 0
vn 0.9498767380391578 0.3126246671842914 0
vn 0.9498767380391578 0.3126246671842914 0
vn 0.9498767380391578 0.3126246671842914 0
vn 0.9498767380391578 0.3126246671842914 0
vn 0.9498767380391578 0.3126246671842914 0
vn 0.9498767380391578 0.3126246671842914 0
vn 0.9609401490690275 0.2767562644407442 0
vn 0.9609401490690275 0.2767562644407442 0
vn 0.9609401490690275 0.2767562644407442 0
vn 0.9609401490690275 0.2767562644407442 0
vn 0.9609401490690275 0.2767562644407442 0
vn 0.9609401490690275 0.2767562644407442 0
vn 0.9704479196038368 0.24131066146481164 0
vn 0.9704479196038368 0.24131066146481164 0
vn 0.9704479196038368 0.24131066146481164 0
vn 0.9704479196038368 0.24131066146481164 0
vn 0.9704479196038368 0.24131066146481164 0
vn 0.9704479196038368 0.24131066146481164 0
vn 0.9784627298740641 0.20642356030112943 0
vn 0.9784627298740641 0.20642356030112943 0
vn 0.9784627298740641 0.20642356030112943 0
vn 0.9784627298740641 0.20642356030112943 0
vn 0.9784627298740641 0.20642356030112943 0
vn 0.9784627298740641 0.20642356030112943 0
vn 0.9850589588412134 0.17221744280607823 0
vn 0.9850589588412134 0.17221744280607823 0
vn 0.9850589588412134 0.17221744280607823 0
vn 0.9850589588412134 0.17221744280607823 0
vn 0.9850589588412134 0.17221744280607823 0
vn 0.9850589588412134 0.17221744280607823 0
vn 0.9903207529902801 0.13879771682835787 0
vn 0.9903207529902801 0.13879771682835787 0
vn 0.9903207529902801 0.13879771682835787 0
vn 0.9903207529902801 0.13879771682835787 0
vn 0.9903207529902801 0.13879771682835787 0
vn 0.9903207529902801 0.13879771682835787 0
vn 0.9943400039713046 0.106244795177674 0
vn 0.9943400039713046 0.106244795177674 0
vn 0.9943400039713046 0.106244795177674 0
vn 0.9943400039713046 0.106244795177674 0
vn 0.9943400039713046 0.106244795177674 0
vn 0.9943400039713046 0.106244795177674 0
vn 0.9972112614366544 0.07463042317926616 0
vn 0.9972112614366544 0.07463042317926616 0
vn 0.9972112614366544 0.07463042317926616 0
vn 0.9972112614366544 0.07463042317926616 0
vn 0.9972112614366544 0.07463042317926616 0
vn 0.9972112614366544 0.07463042317926616 0
vn 0.9990312843056571 0.044005601672848296 0
vn 0.9990312843056571 0.044005601672848296 0
vn 0.9990312843056571 0.044005601672848296 0
vn 0.9990312843056571 0.044005601672848296 0
vn 0.9990312843056571 0.044005601672848296 0
vn 0.9990312843056571 0.044005601672848296 0
vn 0.9998962164552603 0.01440681500038534 0
vn 0.9998962164552603 0.01440681500038534 0
vn 0.9998962164552603 0.01440681500038534 0
vn 0.9998962164552603 0.01440681500038534 0
vn 0.9998962164552603 0.01440681500038534 0
vn 0.9998962164552603 0.01440681500038534 0
vn 0.9996753131578435 -0.025480742979110814 0
vn 0.9996753131578435 -0.025480742979110814 0
vn 0.9996753131578435 -0.025480742979110814 0
vn 0.9996753131578435 -0.025480742979110814 0
vn 0.9996753131578435 -0.025480742979110814 0
vn 0.9996753131578435 -0.025480742979110814 0
vn 0.9968654588551887 -0.07911546588015592 0
vn 0.9968654588551887 -0.07911546588015592 0
vn 0.9968654588551887 -0.07911546588015592 0
vn 0.9968654588551887 -0.07911546588015592 0
vn 0.9968654588551887 -0.07911546588015592 0
vn 0.9968654588551887 -0.07911546588015592 0
vn 0.9906810768282678 -0.13620207052164668 0
vn 0.9906810768282678 -0.13620207052164668 0
vn 0.9906810768282678 -0.13620207052164668 0
vn 0.9906810768282678 -0.13620207052164668 0
vn 0.9906810768282678 -0.13620207052164668 0
vn 0.9906810768282678 -0.13620207052164668 0
vn 0.9805113183462589 -0.1964626035531479 0
vn 0.9805113183462589 -0.1964626035531479 0
vn 0.9805113183462589 -0.1964626035531479 0
vn 0.9805113183462589 -0.1964626035531479 0
vn 0.9805113183462589 -0.1964626035531479 0
vn 0.9805113183462589 -0.1964626035531479 0
vn 0.9657615255725778 -0.25943144706015775 0
vn 0.9657615255725778 -0.25943144706015775 0
vn 0.9657615255725778 -0.25943144706015775 0
vn 0.9657615255725778 -0.25943144706015775 0
vn 0.9657615255725778 -0.25943144706015775 0
vn 0.9657615255725778 -0.25943144706015775 0
vn 0.945908579967249 -0.32443328797203097 0
vn 0.945908579967249 -0.32443328797203097 0
vn 0.945908579967249 -0.32443328797203097 0
vn 0.945908579967249 -0.32443328797203097 0
vn 0.945908579967249 -0.32443328797203097 0
vn 0.945908579967249 -0.32443328797203097 0
vn 0.9205643192057312 -0.3905910063036379 0
vn 0.9205643192057312 -0.3905910063036379 0
vn 0.9205643192057312 -0.3905910063036379 0
vn 0.9205643192057312 -0.3905910063036379 0
vn 0.9205643192057312 -0.3905910063036379 0
vn 0.9205643192057312 -0.3905910063036379 0
vn 0.889542658889006 -0.456852118323509 0
vn 0.889542658889006 -0.456852118323509 0
vn 0.889542658889006 -0.456852118323509 0
vn 0.889542658889006 -0.456852118323509 0
vn 0.889542658889006 -0.456852118323509 0
vn 0.889542658889006 -0.456852118323509 0
vn 0.8529156641138658 -0.5220487236927249 0
vn 0.8529156641138658 -0.5220487236927249 0
vn 0.8529156641138658 -0.5220487236927249 0
vn 0.8529156641138658 -0.5220487236927249 0
vn 0.8529156641138658 -0.5220487236927249 0
vn 0.8529156641138658 -0.5220487236927249 0
vn 0.8110430235368148 -0.5849865075130039 0
vn 0.8110430235368148 -0.5849865075130039 0
vn 0.8110430235368148 -0.5849865075130039 0
vn 0.8110430235368148 -0.5849865075130039 0
vn 0.8110430235368148 -0.5849865075130039 0
vn 0.8110430235368148 -0.5849865075130039 0
vn 0.764558810028514 -0.6445539744721014 0
vn 0.764558810028514 -0.6445539744721014 0
vn 0.764558810028514 -0.6445539744721014 0
vn 0.764558810028514 -0.6445539744721014 0
vn 0.764558810028514 -0.6445539744721014 0
vn 0.764558810028514 -0.6445539744721014 0
vn 0.7143349618708849 -0.699803945579704 0
vn 0.7143349618708849 -0.699803945579704 0
vn 0.7143349618708849 -0.699803945579704 0
vn 0.7143349618708849 -0.699803945579704 0
vn 0.7143349618708849 -0.699803945579704 0
vn 0.7143349618708849 -0.699803945579704 0
vn 0.6630678340399541 -0.7485593145914116 0
vn 0.6630678340399541 -0.7485593145914116 0
vn 0.6630678340399541 -0.7485593145914116 0
vn 0.6630678340399541 -0.7485593145914116 0
vn 0.6630678340399541 -0.7485593145914116 0
vn 0.6630678340399541 -0.7485593145914116 0
vn 0.6099191311315998 -0.7924636606682192 0
vn 0.6099191311315998 -0.7924636606682192 0
vn 0.6099191311315998 -0.7924636606682192 0
vn 0.6099191311315998 -0.7924636606682192 0
vn 0.6099191311315998 -0.7924636606682192 0
vn 0.6099191311315998 -0.7924636606682192 0
vn 0.5532873726407983 -0.8329904460894147 0
vn 0.5532873726407983 -0.8329904460894147 0
vn 0.5532873726407983 -0.8329904460894147 0
vn 0.5532873726407983 -0.8329904460894147 0
vn 0.5532873726407983 -0.8329904460894147 0
vn 0.5532873726407983 -0.8329904460894147 0
vn 0.4939496753755115 -0.8694904934479886 0
vn 0.4939496753755115 -0.8694904934479886 0
vn 0.4939496753755115 -0.8694904934479886 0
vn 0.4939496753755115 -0.8694904934479886 0
vn 0.4939496753755115 -0.8694904934479886 0
vn 0.4939496753755115 -0.8694904934479886 0
vn 0.4327894427997941 -0.9014950350395967 0
vn 0.4327894427997941 -0.9014950350395967 0
vn 0.4327894427997941 -0.9014950350395967 0
vn 0.4327894427997941 -0.9014950350395967 0
vn 0.4327894427997941 -0.9014950350395967 0
vn 0.4327894427997941 -0.9014950350395967 0
vn 0.37075838537205125 -0.9287293576044151 0
vn 0.37075838537205125 -0.9287293576044151 0
vn 0.37075838537205125 -0.9287293576044151 0
vn 0.37075838537205125 -0.9287293576044151 0
vn 0.37075838537205125 -0.9287293576044151 0
vn 0.37075838537205125 -0.9287293576044151 0
vn 0.30876947064424703 -0.9511369060225092 0
vn 0.30876947064424703 -0.9511369060225092 0
vn 0.30876947064424703 -0.9511369060225092 0
vn 0.30876947064424703 -0.9511369060225092 0
vn 0.30876947064424703 -0.9511369060225092 0
vn 0.30876947064424703 -0.9511369060225092 0
vn 0.24768444411188897 -0.9688407589201563 0
vn 0.24768444411188897 -0.9688407589201563 0
vn 0.24768444411188897 -0.9688407589201563 0
vn 0.24768444411188897 -0.9688407589201563 0
vn 0.24768444411188897 -0.9688407589201563 0
vn 0.24768444411188897 -0.9688407589201563 0
vn 0.18823267792206635 -0.982124462052691 0
vn 0.18823267792206635 -0.982124462052691 0
vn 0.18823267792206635 -0.982124462052691 0
vn 0.18823267792206635 -0.982124462052691 0
vn 0.18823267792206635 -0.982124462052691 0
vn 0.18823267792206635 -0.982124462052691 0
vn 0.1309831918198446 -0.9913845890776625 0
vn 0.1309831918198446 -0.9913845890776625 0
vn 0.1309831918198446 -0.9913845890776625 0
vn 0.1309831918198446 -0.9913845890776625 0
vn 0.1309831918198446 -0.9913845890776625 0
vn 0.1309831918198446 -0.9913845890776625 0
vn 0.07637764561128482 -0.9970789613921643 0
vn 0.07637764561128482 -0.9970789613921643 0
vn 0.07637764561128482 -0.9970789613921643 0
vn 0.07637764561128482 -0.9970789613921643 0
vn 0.07637764561128482 -0.9970789613921643 0
vn 0.07637764561128482 -0.9970789613921643 0
vn 0.02469378335784029 -0.9996950620381577 0
vn 0.02469378335784029 -0.9996950620381577 0
vn 0.02469378335784029 -0.9996950620381577 0
vn 0.02469378335784029 -0.9996950620381577 0
vn 0.02469378335784029 -0.9996950620381577 0
vn 0.02469378335784029 -0.9996950620381577 0
vn -0.026282011862683613 -0.999654568264683 0
vn -0.026282011862683613 -0.999654568264683 0
vn -0.026282011862683613 -0.999654568264683 0
vn -0.026282011862683613 -0.999654568264683 0
vn -0.026282011862683613 -0.999654568264683 0
vn -0.026282011862683613 -0.999654568264683 0
vn -0.08166186341144054 -0.9966600925411687 0
vn -0.08166186341144054 -0.9966600925411687 0
vn -0.08166186341144054 -0.9966600925411687 0
vn -0.08166186341144054 -0.9966600925411687 0
vn -0.08166186341144054 -0.9966600925411687 0
vn -0.08166186341144054 -0.9966600925411687 0
vn -0.14065881143345665 -0.9900581289834084 0
vn -0.14065881143345665 -0.9900581289834084 0
vn -0.14065881143345665 -0.9900581289834084 0
vn -0.14065881143345665 -0.9900581289834084 0
vn -0.14065881143345665 -0.9900581289834084 0
vn -0.14065881143345665 -0.9900581289834084 0
vn -0.20296037199333722 -0.9791869522212426 0
vn -0.20296037199333722 -0.9791869522212426 0
vn -0.20296037199333722 -0.9791869522212426 0
vn -0.20296037199333722 -0.9791869522212426 0
vn -0.20296037199333722 -0.9791869522212426 0
vn -0.20296037199333722 -0.9791869522212426 0
vn -0.2680288908188727 -0.9634108748018183 0
vn -0.2680288908188727 -0.9634108748018183 0
vn -0.2680288908188727 -0.9634108748018183 0
vn -0.2680288908188727 -0.9634108748018183 0
vn -0.2680288908188727 -0.9634108748018183 0
vn -0.2680288908188727 -0.9634108748018183 0
vn -0.33509901804636055 -0.9421829164787299 0
vn -0.33509901804636055 -0.9421829164787299 0
vn -0.33509901804636055 -0.9421829164787299 0
vn -0.33509901804636055 -0.9421829164787299 0
vn -0.33509901804636055 -0.9421829164787299 0
vn -0.33509901804636055 -0.9421829164787299 0
vn -0.4031837288388437 -0.9151190528011127 0
vn -0.4031837288388437 -0.9151190528011127 0
vn -0.4031837288388437 -0.9151190528011127 0
vn -0.4031837288388437 -0.9151190528011127 0
vn -0.4031837288388437 -0.9151190528011127 0
vn -0.4031837288388437 -0.9151190528011127 0
vn -0.47110911590531906 -0.8820749406433155 0
vn -0.47110911590531906 -0.8820749406433155 0
vn -0.47110911590531906 -0.8820749406433155 0
vn -0.47110911590531906 -0.8820749406433155 0
vn -0.47110911590531906 -0.8820749406433155 0
vn -0.47110911590531906 -0.8820749406433155 0
vn -0.5376016466327238 -0.8431989501522068 0
vn -0.5376016466327238 -0.8431989501522068 0
vn -0.5376016466327238 -0.8431989501522068 0
vn -0.5376016466327238 -0.8431989501522068 0
vn -0.5376016466327238 -0.8431989501522068 0
vn -0.5376016466327238 -0.8431989501522068 0
vn -0.6013895223004079 -0.7989559702932867 0
vn -0.6013895223004079 -0.7989559702932867 0
vn -0.6013895223004079 -0.7989559702932867 0
vn -0.6013895223004079 -0.7989559702932867 0
vn -0.6013895223004079 -0.7989559702932867 0
vn -0.6013895223004079 -0.7989559702932867 0
vn -0.6613066835782597 -0.7501156379217296 0
vn -0.6613066835782597 -0.7501156379217296 0
vn -0.6613066835782597 -0.7501156379217296 0
vn -0.6613066835782597 -0.7501156379217296 0
vn -0.6613066835782597 -0.7501156379217296 0
vn -0.6613066835782597 -0.7501156379217296 0
vn -0.7164116671114299 -0.6976778076065068 0
vn -0.7164116671114299 -0.6976778076065068 0
vn -0.7164116671114299 -0.6976778076065068 0
vn -0.7164116671114299 -0.6976778076065068 0
vn -0.7164116671114299 -0.6976778076065068 0
vn -0.7164116671114299 -0.6976778076065068 0
vn -0.7670209408523836 -0.6416220665578174 0
vn -0.7670209408523836 -0.6416220665578174 0
vn -0.7670209408523836 -0.6416220665578174 0
vn -0.7670209408523836 -0.6416220665578174 0
vn -0.7670209408523836 -0.6416220665578174 0
vn -0.7670209408523836 -0.6416220665578174 0
vn -0.8133754716444197 -0.5817390670457141 0
vn -0.8133754716444197 -0.5817390670457141 0
vn -0.8133754716444197 -0.5817390670457141 0
vn -0.8133754716444197 -0.5817390670457141 0
vn -0.8133754716444197 -0.5817390670457141 0
vn -0.8133754716444197 -0.5817390670457141 0
vn -0.8543011045314287 -0.5197784362556617 0
vn -0.8543011045314287 -0.5197784362556617 0
vn -0.8543011045314287 -0.5197784362556617 0
vn -0.8543011045314287 -0.5197784362556617 0
vn -0.8543011045314287 -0.5197784362556617 0
vn -0.8543011045314287 -0.5197784362556617 0
vn -0.8895092996407803 -0.45691706671185794 0
vn -0.8895092996407803 -0.45691706671185794 0
vn -0.8895092996407803 -0.45691706671185794 0
vn -0.8895092996407803 -0.45691706671185794 0
vn -0.8895092996407803 -0.45691706671185794 0
vn -0.8895092996407803 -0.45691706671185794 0
vn -0.9189885986960198 -0.3942841050140442 0
vn -0.9189885986960198 -0.3942841050140442 0
vn -0.9189885986960198 -0.3942841050140442 0
vn -0.9189885986960198 -0.3942841050140442 0
vn -0.9189885986960198 -0.3942841050140442 0
vn -0.9189885986960198 -0.3942841050140442 0
vn -0.9429750486737823 -0.3328634218094227 0
vn -0.9429750486737823 -0.3328634218094227 0
vn -0.9429750486737823 -0.3328634218094227 0
vn -0.9429750486737823 -0.3328634218094227 0
vn -0.9429750486737823 -0.3328634218094227 0
vn -0.9429750486737823 -0.3328634218094227 0
vn -0.9618884770577489 -0.2734420554770693 0
vn -0.9618884770577489 -0.2734420554770693 0
vn -0.9618884770577489 -0.2734420554770693 0
vn -0.9618884770577489 -0.2734420554770693 0
vn -0.9618884770577489 -0.2734420554770693 0
vn -0.9618884770577489 -0.2734420554770693 0
vn -0.9762568585112709 -0.21661612638422031 0
vn -0.9762568585112709 -0.21661612638422031 0
vn -0.9762568585112709 -0.21661612638422031 0
vn -0.9762568585112709 -0.21661612638422031 0
vn -0.9762568585112709 -0.21661612638422031 0
vn -0.9762568585112709 -0.21661612638422031 0
vn -0.9866614093436235 -0.16278594322623388 0
vn -0.9866614093436235 -0.16278594322623388 0
vn -0.9866614093436235 -0.16278594322623388 0
vn -0.9866614093436235 -0.16278594322623388 0
vn -0.9866614093436235 -0.16278594322623388 0
vn -0.9866614093436235 -0.16278594322623388 0
vn -0.9936892686434136 -0.11216789818356147 0
vn -0.9936892686434136 -0.11216789818356147 0
vn -0.9936892686434136 -0.11216789818356147 0
vn -0.9936892686434136 -0.11216789818356147 0
vn -0.9936892686434136 -0.11216789818356147 0
vn -0.9936892686434136 -0.11216789818356147 0
vn -0.99789470740599 -0.06485486050492727 0
vn -0.99789470740599 -0.06485486050492727 0
vn -0.99789470740599 -0.06485486050492727 0
vn -0.99789470740599 -0.06485486050492727 0
vn -0.99789470740599 -0.06485486050492727 0
vn -0.99789470740599 -0.06485486050492727 0
vn -0.999783366664944 -0.020813931394853446 0
vn -0.999783366664944 -0.020813931394853446 0
vn -0.999783366664944 -0.020813931394853446 0
vn -0.999783366664944 -0.020813931394853446 0
vn -0.999783366664944 -0.020813931394853446 0
vn -0.999783366664944 -0.020813931394853446 0
vn -0.9997895611214425 0.02051422610271863 0
vn -0.9997895611214425 0.02051422610271863 0
vn -0.9997895611214425 0.02051422610271863 0
vn -0.9997895611214425 0.02051422610271863 0
vn -0.9997895611214425 0.02051422610271863 0
vn -0.9997895611214425 0.02051422610271863 0
vn 0 0 -1
vn 0 0 -1
vn 0 0 -1
vn 0 0 -1
vn 0 0 -1
vn 0 0 -1
vn 0 0 -1
vn 0 0 -1
vn 0 0 -1
vn 0 0 -1
vn 0 0 -1
vn 0 0 -1
vn 0 0 -1
vn 0 0 -1
vn 0 0 -1
vn 0 0 -1
vn 0 0 -1
vn 0 0 -1
vn 0 0 -1
vn 0 0 -1
vn 0 0 -1
vn 0 0 -1
vn 0 0 -1
vn 0 0 -1
vn 0 0 -1
vn 0 0 -1
vn 0 0 -1
vn 0 0 -1
vn 0 0 -1
vn 0 0 -1
vn 0 0 -1
vn 0 0 -1
vn 0 0 -1
vn 0 0 -1
vn 0 0 -1
vn 0 0 -1
vn 0 0 -1
vn 0 0 -1
vn 0 0 -1
vn 0 0 -1
vn 0 0 -1
vn 0 0 -1
vn 0 0 -1
vn 0 0 -1
vn 0 0 -1
vn 0 0 -1
vn 0 0 -1
vn 0 0 -1
vn 0 0 -1
vn 0 0 -1
vn 0 0 -1
vn 0 0 -1
vn 0 0 -1
vn 0 0 -1
vn 0 0 -1
vn 0 0 -1
vn 0 0 -1
vn 0 0 -1
vn 0 0 -1
vn 0 0 -1
vn 0 0 -1
vn 0 0 -1
vn 0 0 -1
vn 0 0 -1
vn 0 0 -1
vn 0 0 -1
vn 0 0 -1
vn 0 0 -1
vn 0 0 -1
vn 0 0 -1
vn 0 0 -1
vn 0 0 -1
vn 0 0 -1
vn 0 0 -1
vn 0 0 -1
vn 0 0 -1
vn 0 0 -1
vn 0 0 -1
vn 0 0 -1
vn 0 0 -1
vn 0 0 -1
vn 0 0 -1
vn 0 0 -1
vn 0 0 -1
vn 0 0 -1
vn 0 0 -1
vn 0 0 -1
vn 0 0 -1
vn 0 0 -1
vn 0 0 -1
vn 0 0 -1
vn 0 0 -1
vn 0 0 -1
vn 0 0 -1
vn 0 0 -1
vn 0 0 -1
vn 0 0 -1
vn 0 0 -1
vn 0 0 -1
vn 0 0 -1
vn 0 0 -1
vn 0 0 -1
vn 0 0 -1
vn 0 0 -1
vn 0 0 -1
vn 0 0 -1
vn 0 0 -1
vn 0 0 -1
vn 0 0 -1
vn 0 0 -1
vn 0 0 -1
vn 0 0 -1
vn 0 0 -1
vn 0 0 -1
vn 0 0 -1
vn 0 0 -1
vn 0 0 -1
vn 0 0 -1
vn 0 0 -1
vn 0 0 -1
vn 0 0 -1
vn 0 0 -1
vn 0 0 -1
vn 0 0 -1
vn 0 0 -1
vn 0 0 -1
vn 0 0 -1
vn 0 0 -1
vn 0 0 -1
vn 0 0 -1
vn 0 0 -1
vn 0 0 -1
vn 0 0 -1
vn 0 0 -1
vn 0 0 -1
vn 0 0 -1
vn 0 0 -1
vn 0 0 -1
vn 0 0 -1
vn 0 0 -1
vn 0 0 -1
vn 0 0 -1
vn 0 0 -1
vn 0 0 -1
vn 0 0 -1
vn 0 0 -1
vn 0 0 -1
vn 0 0 -1
vn 0 0 -1
vn 0 0 -1
vn 0 0 -1
vn 0 0 -1
vn 0 0 -1
vn 0 0 -1
vn 0 0 -1
vn 0 0 -1
vn 0 0 -1
vn 0 0 -1
vn 0 0 -1
vn 0 0 -1
vn 0 0 -1
vn 0 0 -1
vn 0 0 -1
vn 0 0 -1
vn 0 0 -1
vn 0 0 -1
vn 0 0 -1
vn 0 0 -1
vn 0 0 -1
vn 0 0 -1
vn 0 0 -1
vn 0 0 -1
vn 0 0 -1
vn 0 0 -1
vn 0 0 -1
vn 0 0 -1
vn 0 0 -1
vn 0 0 -1
vn 0 0 -1
vn 0 0 -1
vn 0 0 -1
vn 0 0 -1
vn 0 0 -1
vn 0 0 -1
vn 0 0 -1
vn 0 0 -1
vn 0 0 -1
vn 0 0 -1
vn 0 0 -1
vn 0 0 -1
vn 0 0 -1
vn 0 0 -1
vn 0 0 -1
vn 0 0 -1
vn 0 0 -1
vn 0 0 -1
vn 0 0 -1
vn 0 0 -1
vn 0 0 -1
vn 0 0 -1
vn 0 0 -1
vn 0 0 -1
vn 0 0 -1
vn 0 0 -1
vn 0 0 -1
vn 0 0 -1
vn 0 0 -1
vn 0 0 -1
vn 0 0 -1
vn 0 0 -1
vn 0 0 -1
vn 0 0 -1
vn 0 0 -1
vn 0 0 -1
vn 0 0 -1
vn 0 0 -1
vn 0 0 -1
vn 0 0 -1
vn 0 0 -1
vn 0 0 -1
vn 0 0 -1
vn 0 0 -1
vn 0 0 -1
vn 0 0 -1
vn 0 0 -1
vn 0 0 -1
vn 0 0 -1
vn 0 0 -1
vn 0 0 -1
vn 0 0 -1
vn 0 0 -1
vn 0 0 -1
vn 0 0 -1
vn 0 0 -1
vn 0 0 -1
vn 0 0 -1
vn 0 0 -1
vn 0 0 -1
vn 0 0 -1
vn 0 0 -1
vn 0 0 -1
vn 0 0 -1
vn 0 0 -1
vn 0 0 -1
vn 0 0 -1
vn 0 0 -1
vn 0 0 -1
vn 0 0 -1
vn 0 0 -1
vn 0 0 -1
vn 0 0 -1
vn 0 0 -1
vn 0 0 -1
vn 0 0 -1
vn 0 0 -1
vn 0 0 -1
vn 0 0 -1
vn 0 0 -1
vn 0 0 -1
vn 0 0 -1
vn 0 0 -1
vn 0 0 -1
vn 0 0 -1
vn 0 0 -1
vn 0 0 -1
vn 0 0 -1
vn 0 0 -1
vn 0 0 -1
vn 0 0 -1
vn 0 0 -1
vn 0 0 -1
vn 0 0 -1
vn 0 0 -1
vn 0 0 -1
vn 0 0 -1
vn 0 0 -1
vn 0 0 -1
vn 0 0 -1
vn 0 0 -1
vn 0 0 -1
vn 0 0 -1
vn 0 0 -1
vn 0 0 -1
vn 0 0 -1
vn 0 0 -1
vn 0 0 -1
vn 0 0 -1
vn 0 0 -1
vn 0 0 -1
vn 0 0 -1
vn 0 0 -1
vn 0 0 -1
vn 0 0 -1
vn 0 0 -1
vn 0 0 -1
vn 0 0 -1
vn 0 0 -1
vn 0 0 1
vn 0 0 1
vn 0 0 1
vn 0 0 1
vn 0 0 1
vn 0 0 1
vn 0 0 1
vn 0 0 1
vn 0 0 1
vn 0 0 1
vn 0 0 1
vn 0 0 1
vn 0 0 1
vn 0 0 1
vn 0 0 1
vn 0 0 1
vn 0 0 1
vn 0 0 1
vn 0 0 1
vn 0 0 1
vn 0 0 1
vn 0 0 1
vn 0 0 1
vn 0 0 1
vn 0 0 1
vn 0 0 1
vn 0 0 1
vn 0 0 1
vn 0 0 1
vn 0 0 1
vn 0 0 1
vn 0 0 1
vn 0 0 1
vn 0 0 1
vn 0 0 1
vn 0 0 1
vn 0 0 1
vn 0 0 1
vn 0 0 1
vn 0 0 1
vn 0 0 1
vn 0 0 1
vn 0 0 1
vn 0 0 1
vn 0 0 1
vn 0 0 1
vn 0 0 1
vn 0 0 1
vn 0 0 1
vn 0 0 1
vn 0 0 1
vn 0 0 1
vn 0 0 1
vn 0 0 1
vn 0 0 1
vn 0 0 1
vn 0 0 1
vn 0 0 1
vn 0 0 1
vn 0 0 1
vn 0 0 1
vn 0 0 1
vn 0 0 1
vn 0 0 1
vn 0 0 1
vn 0 0 1
vn 0 0 1
vn 0 0 1
vn 0 0 1
vn 0 0 1
vn 0 0 1
vn 0 0 1
vn 0 0 1
vn 0 0 1
vn 0 0 1
vn 0 0 1
vn 0 0 1
vn 0 0 1
vn 0 0 1
vn 0 0 1
vn 0 0 1
vn 0 0 1
vn 0 0 1
vn 0 0 1
vn 0 0 1
vn 0 0 1
vn 0 0 1
vn 0 0 1
vn 0 0 1
vn 0 0 1
vn 0 0 1
vn 0 0 1
vn 0 0 1
vn 0 0 1
vn 0 0 1
vn 0 0 1
vn 0 0 1
vn 0 0 1
vn 0 0 1
vn 0 0 1
vn 0 0 1
vn 0 0 1
vn 0 0 1
vn 0 0 1
vn 0 0 1
vn 0 0 1
vn 0 0 1
vn 0 0 1
vn 0 0 1
vn 0 0 1
vn 0 0 1
vn 0 0 1
vn 0 0 1
vn 0 0 1
vn 0 0 1
vn 0 0 1
vn 0 0 1
vn 0 0 1
vn 0 0 1
vn 0 0 1
vn 0 0 1
vn 0 0 1
vn 0 0 1
vn 0 0 1
vn 0 0 1
vn 0 0 1
vn 0 0 1
vn 0 0 1
vn 0 0 1
vn 0 0 1
vn 0 0 1
vn 0 0 1
vn 0 0 1
vn 0 0 1
vn 0 0 1
vn 0 0 1
vn 0 0 1
vn 0 0 1
vn 0 0 1
vn 0 0 1
vn 0 0 1
vn 0 0 1
vn 0 0 1
vn 0 0 1
vn 0 0 1
vn 0 0 1
vn 0 0 1
vn 0 0 1
vn 0 0 1
vn 0 0 1
vn 0 0 1
vn 0 0 1
vn 0 0 1
vn 0 0 1
vn 0 0 1
vn 0 0 1
vn 0 0 1
vn 0 0 1
vn 0 0 1
vn 0 0 1
vn 0 0 1
vn 0 0 1
vn 0 0 1
vn 0 0 1
vn 0 0 1
vn 0 0 1
vn 0 0 1
vn 0 0 1
vn 0 0 1
vn 0 0 1
vn 0 0 1
vn 0 0 1
vn 0 0 1
vn 0 0 1
vn 0 0 1
vn 0 0 1
vn 0 0 1
vn 0 0 1
vn 0 0 1
vn 0 0 1
vn 0 0 1
vn 0 0 1
vn 0 0 1
vn 0 0 1
vn 0 0 1
vn 0 0 1
vn 0 0 1
vn 0 0 1
vn 0 0 1
vn 0 0 1
vn 0 0 1
vn 0 0 1
vn 0 0 1
vn 0 0 1
vn 0 0 1
vn 0 0 1
vn 0 0 1
vn 0 0 1
vn 0 0 1
vn 0 0 1
vn 0 0 1
vn 0 0 1
vn 0 0 1
vn 0 0 1
vn 0 0 1
vn 0 0 1
vn 0 0 1
vn 0 0 1
vn 0 0 1
vn 0 0 1
vn 0 0 1
vn 0 0 1
vn 0 0 1
vn 0 0 1
vn 0 0 1
vn 0 0 1
vn 0 0 1
vn 0 0 1
vn 0 0 1
vn 0 0 1
vn 0 0 1
vn 0 0 1
vn 0 0 1
vn 0 0 1
vn 0 0 1
vn 0 0 1
vn 0 0 1
vn 0 0 1
vn 0 0 1
vn 0 0 1
vn 0 0 1
vn 0 0 1
vn 0 0 1
vn 0 0 1
vn 0 0 1
vn 0 0 1
vn 0 0 1
vn 0 0 1
vn 0 0 1
vn 0 0 1
vn 0 0 1
vn 0 0 1
vn 0 0 1
vn 0 0 1
vn 0 0 1
vn 0 0 1
vn 0 0 1
vn 0 0 1
vn 0 0 1
vn 0 0 1
vn 0 0 1
vn 0 0 1
vn 0 0 1
vn 0 0 1
vn 0 0 1
vn 0 0 1
vn 0 0 1
vn 0 0 1
vn 0 0 1
vn 0 0 1
vn 0 0 1
vn 0 0 1
vn 0 0 1
vn 0 0 1
vn 0 0 1
vn 0 0 1
vn 0 0 1
vn 0 0 1
vn 0 0 1
vn 0 0 1
vn 0 0 1
vn 0 0 1
vn 0 0 1
vn 0 0 1
vn 0 0 1
vn 0 0 1
vn 0 0 1
vn 0 0 1
vn 0 0 1
vn 0 0 1
vn 0 0 1
vn 0 0 1
vn 0 0 1
vn 0 0 1
vn 0 0 1
vn 0 0 1
vn 0 0 1
vn 0 0 1
vn 0 0 1
vn 0 0 1
vn 0 0 1
vn 0 0 1
vn 0 0 1
vn 0 0 1
vn 0 0 1
vn 0 0 1
vn 0 0 1
vn 0 1 0
vn 0 1 0
vn 0 1 0
vn 0 1 0
vn 0 1 0
vn 0 1 0
vn -1 0 0
vn -1 0 0
vn -1 0 0
vn -1 0 0
vn -1 0 0
vn -1 0 0
vn 0 -1 0
vn 0 -1 0
vn 0 -1 0
vn 0 -1 0
vn 0 -1 0
vn 0 -1 0
vn -0.824394574255582 0.5660155350676846 0
vn -0.824394574255582 0.5660155350676846 0
vn -0.824394574255582 0.5660155350676846 0
vn -0.824394574255582 0.5660155350676846 0
vn -0.824394574255582 0.5660155350676846 0
vn -0.824394574255582 0.5660155350676846 0
vn -0.8282097976419093 0.5604181751959402 0
vn -0.8282097976419093 0.5604181751959402 0
vn -0.8282097976419093 0.5604181751959402 0
vn -0.8282097976419093 0.5604181751959402 0
vn -0.8282097976419093 0.5604181751959402 0
vn -0.8282097976419093 0.5604181751959402 0
vn -0.8320982958854107 0.5546281871529749 0
vn -0.8320982958854107 0.5546281871529749 0
vn -0.8320982958854107 0.5546281871529749 0
vn -0.8320982958854107 0.5546281871529749 0
vn -0.8320982958854107 0.5546281871529749 0
vn -0.8320982958854107 0.5546281871529749 0
vn -0.8360646643980406 0.5486309114012732 0
vn -0.8360646643980406 0.5486309114012732 0
vn -0.8360646643980406 0.5486309114012732 0
vn -0.8360646643980406 0.5486309114012732 0
vn -0.8360646643980406 0.5486309114012732 0
vn -0.8360646643980406 0.5486309114012732 0
vn -0.8401076018295746 0.5424197796431847 0
vn -0.8401076018295746 0.5424197796431847 0
vn -0.8401076018295746 0.5424197796431847 0
vn -0.8401076018295746 0.5424197796431847 0
vn -0.8401076018295746 0.5424197796431847 0
vn -0.8401076018295746 0.5424197796431847 0
vn -0.8442256080117914 0.5359879875306174 0
vn -0.8442256080117914 0.5359879875306174 0
vn -0.8442256080117914 0.5359879875306174 0
vn -0.8442256080117914 0.5359879875306174 0
vn -0.8442256080117914 0.5359879875306174 0
vn -0.8442256080117914 0.5359879875306174 0
vn -0.8484237582675435 0.5293176044750229 0
vn -0.8484237582675435 0.5293176044750229 0
vn -0.8484237582675435 0.5293176044750229 0
vn -0.8484237582675435 0.5293176044750229 0
vn -0.8484237582675435 0.5293176044750229 0
vn -0.8484237582675435 0.5293176044750229 0
vn -0.852700220184993 0.5224005498623298 0
vn -0.852700220184993 0.5224005498623298 0
vn -0.852700220184993 0.5224005498623298 0
vn -0.852700220184993 0.5224005498623298 0
vn -0.852700220184993 0.5224005498623298 0
vn -0.852700220184993 0.5224005498623298 0
vn -0.8570551790489952 0.5152246306857765 0
vn -0.8570551790489952 0.5152246306857765 0
vn -0.8570551790489952 0.5152246306857765 0
vn -0.8570551790489952 0.5152246306857765 0
vn -0.8570551790489952 0.5152246306857765 0
vn -0.8570551790489952 0.5152246306857765 0
vn -0.8614856084436738 0.5077819871208833 0
vn -0.8614856084436738 0.5077819871208833 0
vn -0.8614856084436738 0.5077819871208833 0
vn -0.8614856084436738 0.5077819871208833 0
vn -0.8614856084436738 0.5077819871208833 0
vn -0.8614856084436738 0.5077819871208833 0
vn -0.8659994821241264 0.5000448949451887 0
vn -0.8659994821241264 0.5000448949451887 0
vn -0.8659994821241264 0.5000448949451887 0
vn -0.8659994821241264 0.5000448949451887 0
vn -0.8659994821241264 0.5000448949451887 0
vn -0.8659994821241264 0.5000448949451887 0
vn -0.8705844940036966 0.4920189415056368 0
vn -0.8705844940036966 0.4920189415056368 0
vn -0.8705844940036966 0.4920189415056368 0
vn -0.8705844940036966 0.4920189415056368 0
vn -0.8705844940036966 0.4920189415056368 0
vn -0.8705844940036966 0.4920189415056368 0
vn -0.8750937996408559 0.4839533467495908 0
vn -0.8750937996408559 0.4839533467495908 0
vn -0.8750937996408559 0.4839533467495908 0
vn -0.8750937996408559 0.4839533467495908 0
vn -0.8750937996408559 0.4839533467495908 0
vn -0.8750937996408559 0.4839533467495908 0
vn -0.8794979357457099 0.47590270121006356 0
vn -0.8794979357457099 0.47590270121006356 0
vn -0.8794979357457099 0.47590270121006356 0
vn -0.8794979357457099 0.47590270121006356 0
vn -0.8794979357457099 0.47590270121006356 0
vn -0.8794979357457099 0.47590270121006356 0
vn -0.8839415389605287 0.46759742909910423 0
vn -0.8839415389605287 0.46759742909910423 0
vn -0.8839415389605287 0.46759742909910423 0
vn -0.8839415389605287 0.46759742909910423 0
vn -0.8839415389605287 0.46759742909910423 0
vn -0.8839415389605287 0.46759742909910423 0
vn -0.8884288654169884 0.4590143255867759 0
vn -0.8884288654169884 0.4590143255867759 0
vn -0.8884288654169884 0.4590143255867759 0
vn -0.8884288654169884 0.4590143255867759 0
vn -0.8884288654169884 0.4590143255867759 0
vn -0.8884288654169884 0.4590143255867759 0
vn -0.8929510215766148 0.4501538326675451 0
vn -0.8929510215766148 0.4501538326675451 0
vn -0.8929510215766148 0.4501538326675451 0
vn -0.8929510215766148 0.4501538326675451 0
vn -0.8929510215766148 0.4501538326675451 0
vn -0.8929510215766148 0.4501538326675451 0
vn -0.8975098183738949 0.440994473800362 0
vn -0.8975098183738949 0.440994473800362 0
vn -0.8975098183738949 0.440994473800362 0
vn -0.8975098183738949 0.440994473800362 0
vn -0.8975098183738949 0.440994473800362 0
vn -0.8975098183738949 0.440994473800362 0
vn -0.9020935839108444 0.4315404568135973 0
vn -0.9020935839108444 0.4315404568135973 0
vn -0.9020935839108444 0.4315404568135973 0
vn -0.9020935839108444 0.4315404568135973 0
vn -0.9020935839108444 0.4315404568135973 0
vn -0.9020935839108444 0.4315404568135973 0
vn -0.9067092560630009 0.4217562388035054 0
vn -0.9067092560630009 0.4217562388035054 0
vn -0.9067092560630009 0.4217562388035054 0
vn -0.9067092560630009 0.4217562388035054 0
vn -0.9067092560630009 0.4217562388035054 0
vn -0.9067092560630009 0.4217562388035054 0
vn -0.911338033918257 0.4116588246764618 0
vn -0.911338033918257 0.4116588246764618 0
vn -0.911338033918257 0.4116588246764618 0
vn -0.911338033918257 0.4116588246764618 0
vn -0.911338033918257 0.4116588246764618 0
vn -0.911338033918257 0.4116588246764618 0
vn -0.9159858328486975 0.4012106105532082 0
vn -0.9159858328486975 0.4012106105532082 0
vn -0.9159858328486975 0.4012106105532082 0
vn -0.9159858328486975 0.4012106105532082 0
vn -0.9159858328486975 0.4012106105532082 0
vn -0.9159858328486975 0.4012106105532082 0
vn -0.92063955703956 0.3904136345134514 0
vn -0.92063955703956 0.3904136345134514 0
vn -0.92063955703956 0.3904136345134514 0
vn -0.92063955703956 0.3904136345134514 0
vn -0.92063955703956 0.3904136345134514 0
vn -0.92063955703956 0.3904136345134514 0
vn -0.9252939186688403 0.3792507931098648 0
vn -0.9252939186688403 0.3792507931098648 0
vn -0.9252939186688403 0.3792507931098648 0
vn -0.9252939186688403 0.3792507931098648 0
vn -0.9252939186688403 0.3792507931098648 0
vn -0.9252939186688403 0.3792507931098648 0
vn -0.9301182211951659 0.3672602545889506 0
vn -0.9301182211951659 0.3672602545889506 0
vn -0.9301182211951659 0.3672602545889506 0
vn -0.9301182211951659 0.3672602545889506 0
vn -0.9301182211951659 0.3672602545889506 0
vn -0.9301182211951659 0.3672602545889506 0
vn -0.9349926896112206 0.35466698517563755 0
vn -0.9349926896112206 0.35466698517563755 0
vn -0.9349926896112206 0.35466698517563755 0
vn -0.9349926896112206 0.35466698517563755 0
vn -0.9349926896112206 0.35466698517563755 0
vn -0.9349926896112206 0.35466698517563755 0
vn -0.9398128452535773 0.3416896485063242 0
vn -0.9398128452535773 0.3416896485063242 0
vn -0.9398128452535773 0.3416896485063242 0
vn -0.9398128452535773 0.3416896485063242 0
vn -0.9398128452535773 0.3416896485063242 0
vn -0.9398128452535773 0.3416896485063242 0
vn -0.9445751608832911 0.328295241272707 0
vn -0.9445751608832911 0.328295241272707 0
vn -0.9445751608832911 0.328295241272707 0
vn -0.9445751608832911 0.328295241272707 0
vn -0.9445751608832911 0.328295241272707 0
vn -0.9445751608832911 0.328295241272707 0
vn -0.9492589912980938 0.31449541719987795 0
vn -0.9492589912980938 0.31449541719987795 0
vn -0.9492589912980938 0.31449541719987795 0
vn -0.9492589912980938 0.31449541719987795 0
vn -0.9492589912980938 0.31449541719987795 0
vn -0.9492589912980938 0.31449541719987795 0
vn -0.9538579484140788 0.30025824592720934 0
vn -0.9538579484140788 0.30025824592720934 0
vn -0.9538579484140788 0.30025824592720934 0
vn -0.9538579484140788 0.30025824592720934 0
vn -0.9538579484140788 0.30025824592720934 0
vn -0.9538579484140788 0.30025824592720934 0
vn -0.9583515740178569 0.2855910723000565 0
vn -0.9583515740178569 0.2855910723000565 0
vn -0.9583515740178569 0.2855910723000565 0
vn -0.9583515740178569 0.2855910723000565 0
vn -0.9583515740178569 0.2855910723000565 0
vn -0.9583515740178569 0.2855910723000565 0
vn -0.962724218251521 0.27048489716063173 0
vn -0.962724218251521 0.27048489716063173 0
vn -0.962724218251521 0.27048489716063173 0
vn -0.962724218251521 0.27048489716063173 0
vn -0.962724218251521 0.27048489716063173 0
vn -0.962724218251521 0.27048489716063173 0
vn -0.966963749455434 0.254913921234382 0
vn -0.966963749455434 0.254913921234382 0
vn -0.966963749455434 0.254913921234382 0
vn -0.966963749455434 0.254913921234382 0
vn -0.966963749455434 0.254913921234382 0
vn -0.966963749455434 0.254913921234382 0
vn -0.9710471407648994 0.23888794530556337 0
vn -0.9710471407648994 0.23888794530556337 0
vn -0.9710471407648994 0.23888794530556337 0
vn -0.9710471407648994 0.23888794530556337 0
vn -0.9710471407648994 0.23888794530556337 0
vn -0.9710471407648994 0.23888794530556337 0
vn -0.9749580959073458 0.2223886490464896 0
vn -0.9749580959073458 0.2223886490464896 0
vn -0.9749580959073458 0.2223886490464896 0
vn -0.9749580959073458 0.2223886490464896 0
vn -0.9749580959073458 0.2223886490464896 0
vn -0.9749580959073458 0.2223886490464896 0
vn -0.9786718610341276 0.20542976517534434 0
vn -0.9786718610341276 0.20542976517534434 0
vn -0.9786718610341276 0.20542976517534434 0
vn -0.9786718610341276 0.20542976517534434 0
vn -0.9786718610341276 0.20542976517534434 0
vn -0.9786718610341276 0.20542976517534434 0
vn -0.9819569001346121 0.18910485524709167 0
vn -0.9819569001346121 0.18910485524709167 0
vn -0.9819569001346121 0.18910485524709167 0
vn -0.9819569001346121 0.18910485524709167 0
vn -0.9819569001346121 0.18910485524709167 0
vn -0.9819569001346121 0.18910485524709167 0
vn -0.9848136776115008 0.17361457424222979 0
vn -0.9848136776115008 0.17361457424222979 0
vn -0.9848136776115008 0.17361457424222979 0
vn -0.9848136776115008 0.17361457424222979 0
vn -0.9848136776115008 0.17361457424222979 0
vn -0.9848136776115008 0.17361457424222979 0
vn -0.9874531485811837 0.15791225208040882 0
vn -0.9874531485811837 0.15791225208040882 0
vn -0.9874531485811837 0.15791225208040882 0
vn -0.9874531485811837 0.15791225208040882 0
vn -0.9874531485811837 0.15791225208040882 0
vn -0.9874531485811837 0.15791225208040882 0
vn -0.9898647756340974 0.14201311896743257 0
vn -0.9898647756340974 0.14201311896743257 0
vn -0.9898647756340974 0.14201311896743257 0
vn -0.9898647756340974 0.14201311896743257 0
vn -0.9898647756340974 0.14201311896743257 0
vn -0.9898647756340974 0.14201311896743257 0
vn -0.9920423458805668 0.12590466226388067 0
vn -0.9920423458805668 0.12590466226388067 0
vn -0.9920423458805668 0.12590466226388067 0
vn -0.9920423458805668 0.12590466226388067 0
vn -0.9920423458805668 0.12590466226388067 0
vn -0.9920423458805668 0.12590466226388067 0
vn -0.9939738217585963 0.1096177068662279 0
vn -0.9939738217585963 0.1096177068662279 0
vn -0.9939738217585963 0.1096177068662279 0
vn -0.9939738217585963 0.1096177068662279 0
vn -0.9939738217585963 0.1096177068662279 0
vn -0.9939738217585963 0.1096177068662279 0
vn -0.9956515906182648 0.0931553009727255 0
vn -0.9956515906182648 0.0931553009727255 0
vn -0.9956515906182648 0.0931553009727255 0
vn -0.9956515906182648 0.0931553009727255 0
vn -0.9956515906182648 0.0931553009727255 0
vn -0.9956515906182648 0.0931553009727255 0
vn -0.9970674069747293 0.07652833428665361 0
vn -0.9970674069747293 0.07652833428665361 0
vn -0.9970674069747293 0.07652833428665361 0
vn -0.9970674069747293 0.07652833428665361 0
vn -0.9970674069747293 0.07652833428665361 0
vn -0.9970674069747293 0.07652833428665361 0
vn -0.9982134558420223 0.05974861149790008 0
vn -0.9982134558420223 0.05974861149790008 0
vn -0.9982134558420223 0.05974861149790008 0
vn -0.9982134558420223 0.05974861149790008 0
vn -0.9982134558420223 0.05974861149790008 0
vn -0.9982134558420223 0.05974861149790008 0
vn -0.9990824440966284 0.04282837725045539 0
vn -0.9990824440966284 0.04282837725045539 0
vn -0.9990824440966284 0.04282837725045539 0
vn -0.9990824440966284 0.04282837725045539 0
vn -0.9990824440966284 0.04282837725045539 0
vn -0.9990824440966284 0.04282837725045539 0
vn -0.9996676230072217 0.025780680966398874 0
vn -0.9996676230072217 0.025780680966398874 0
vn -0.9996676230072217 0.025780680966398874 0
vn -0.9996676230072217 0.025780680966398874 0
vn -0.9996676230072217 0.025780680966398874 0
vn -0.9996676230072217 0.025780680966398874 0
vn -0.9999628549259985 0.008619093238073385 0
vn -0.9999628549259985 0.008619093238073385 0
vn -0.9999628549259985 0.008619093238073385 0
vn -0.9999628549259985 0.008619093238073385 0
vn -0.9999628549259985 0.008619093238073385 0
vn -0.9999628549259985 0.008619093238073385 0
vn 0 -1 0
vn 0 -1 0
vn 0 -1 0
vn 0 -1 0
vn 0 -1 0
vn 0 -1 0
vn 0.9999545447088118 -0.009534595754014323 0
vn 0.9999545447088118 -0.009534595754014323 0
vn 0.9999545447088118 -0.009534595754014323 0
vn 0.9999545447088118 -0.009534595754014323 0
vn 0.9999545447088118 -0.009534595754014323 0
vn 0.9999545447088118 -0.009534595754014323 0
vn 0.9995865340659729 -0.02875345047077819 0
vn 0.9995865340659729 -0.02875345047077819 0
vn 0.9995865340659729 -0.02875345047077819 0
vn 0.9995865340659729 -0.02875345047077819 0
vn 0.9995865340659729 -0.02875345047077819 0
vn 0.9995865340659729 -0.02875345047077819 0
vn 0.9988398075531673 -0.04815639985663173 0
vn 0.9988398075531673 -0.04815639985663173 0
vn 0.9988398075531673 -0.04815639985663173 0
vn 0.9988398075531673 -0.04815639985663173 0
vn 0.9988398075531673 -0.04815639985663173 0
vn 0.9988398075531673 -0.04815639985663173 0
vn 0.9977041030598756 -0.06772387125297064 0
vn 0.9977041030598756 -0.06772387125297064 0
vn 0.9977041030598756 -0.06772387125297064 0
vn 0.9977041030598756 -0.06772387125297064 0
vn 0.9977041030598756 -0.06772387125297064 0
vn 0.9977041030598756 -0.06772387125297064 0
vn 0.9961702216145707 -0.08743505914893149 0
vn 0.9961702216145707 -0.08743505914893149 0
vn 0.9961702216145707 -0.08743505914893149 0
vn 0.9961702216145707 -0.08743505914893149 0
vn 0.9961702216145707 -0.08743505914893149 0
vn 0.9961702216145707 -0.08743505914893149 0
vn 0.9942295367558676 -0.10727361391420175 0
vn 0.9942295367558676 -0.10727361391420175 0
vn 0.9942295367558676 -0.10727361391420175 0
vn 0.9942295367558676 -0.10727361391420175 0
vn 0.9942295367558676 -0.10727361391420175 0
vn 0.9942295367558676 -0.10727361391420175 0
vn 0.9918770419717934 -0.1272003679604939 0
vn 0.9918770419717934 -0.1272003679604939 0
vn 0.9918770419717934 -0.1272003679604939 0
vn 0.9918770419717934 -0.1272003679604939 0
vn 0.9918770419717934 -0.1272003679604939 0
vn 0.9918770419717934 -0.1272003679604939 0
vn 0.9891055555353476 -0.14720801611702886 0
vn 0.9891055555353476 -0.14720801611702886 0
vn 0.9891055555353476 -0.14720801611702886 0
vn 0.9891055555353476 -0.14720801611702886 0
vn 0.9891055555353476 -0.14720801611702886 0
vn 0.9891055555353476 -0.14720801611702886 0
vn 0.9859107559386494 -0.1672721773771149 0
vn 0.9859107559386494 -0.1672721773771149 0
vn 0.9859107559386494 -0.1672721773771149 0
vn 0.9859107559386494 -0.1672721773771149 0
vn 0.9859107559386494 -0.1672721773771149 0
vn 0.9859107559386494 -0.1672721773771149 0
vn 0.9822919162316491 -0.18735685550829126 0
vn 0.9822919162316491 -0.18735685550829126 0
vn 0.9822919162316491 -0.18735685550829126 0
vn 0.9822919162316491 -0.18735685550829126 0
vn 0.9822919162316491 -0.18735685550829126 0
vn 0.9822919162316491 -0.18735685550829126 0
vn 0.9782484303144449 -0.20743675804284242 0
vn 0.9782484303144449 -0.20743675804284242 0
vn 0.9782484303144449 -0.20743675804284242 0
vn 0.9782484303144449 -0.20743675804284242 0
vn 0.9782484303144449 -0.20743675804284242 0
vn 0.9782484303144449 -0.20743675804284242 0
vn 0.9737776408854824 -0.22750188155596557 0
vn 0.9737776408854824 -0.22750188155596557 0
vn 0.9737776408854824 -0.22750188155596557 0
vn 0.9737776408854824 -0.22750188155596557 0
vn 0.9737776408854824 -0.22750188155596557 0
vn 0.9737776408854824 -0.22750188155596557 0
vn 0.9691341137122005 -0.246534114554695 0
vn 0.9691341137122005 -0.246534114554695 0
vn 0.9691341137122005 -0.246534114554695 0
vn 0.9691341137122005 -0.246534114554695 0
vn 0.9691341137122005 -0.246534114554695 0
vn 0.9691341137122005 -0.246534114554695 0
vn 0.9644243636522031 -0.26435893552903267 0
vn 0.9644243636522031 -0.26435893552903267 0
vn 0.9644243636522031 -0.26435893552903267 0
vn 0.9644243636522031 -0.26435893552903267 0
vn 0.9644243636522031 -0.26435893552903267 0
vn 0.9644243636522031 -0.26435893552903267 0
vn 0.9594618214823556 -0.28183862956975975 0
vn 0.9594618214823556 -0.28183862956975975 0
vn 0.9594618214823556 -0.28183862956975975 0
vn 0.9594618214823556 -0.28183862956975975 0
vn 0.9594618214823556 -0.28183862956975975 0
vn 0.9594618214823556 -0.28183862956975975 0
vn 0.954262868800383 -0.29896885662032274 0
vn 0.954262868800383 -0.29896885662032274 0
vn 0.954262868800383 -0.29896885662032274 0
vn 0.954262868800383 -0.29896885662032274 0
vn 0.954262868800383 -0.29896885662032274 0
vn 0.954262868800383 -0.29896885662032274 0
vn 0.9488476546941896 -0.31573426830379964 0
vn 0.9488476546941896 -0.31573426830379964 0
vn 0.9488476546941896 -0.31573426830379964 0
vn 0.9488476546941896 -0.31573426830379964 0
vn 0.9488476546941896 -0.31573426830379964 0
vn 0.9488476546941896 -0.31573426830379964 0
vn 0.9432298047479412 -0.33214083674724626 0
vn 0.9432298047479412 -0.33214083674724626 0
vn 0.9432298047479412 -0.33214083674724626 0
vn 0.9432298047479412 -0.33214083674724626 0
vn 0.9432298047479412 -0.33214083674724626 0
vn 0.9432298047479412 -0.33214083674724626 0
vn 0.9374301156300843 -0.34817348880948246 0
vn 0.9374301156300843 -0.34817348880948246 0
vn 0.9374301156300843 -0.34817348880948246 0
vn 0.9374301156300843 -0.34817348880948246 0
vn 0.9374301156300843 -0.34817348880948246 0
vn 0.9374301156300843 -0.34817348880948246 0
vn 0.9314624585827493 -0.3638374475655028 0
vn 0.9314624585827493 -0.3638374475655028 0
vn 0.9314624585827493 -0.3638374475655028 0
vn 0.9314624585827493 -0.3638374475655028 0
vn 0.9314624585827493 -0.3638374475655028 0
vn 0.9314624585827493 -0.3638374475655028 0
vn 0.925341781047575 -0.3791339977471047 0
vn 0.925341781047575 -0.3791339977471047 0
vn 0.925341781047575 -0.3791339977471047 0
vn 0.925341781047575 -0.3791339977471047 0
vn 0.925341781047575 -0.3791339977471047 0
vn 0.925341781047575 -0.3791339977471047 0
vn 0.9190847759306924 -0.394059861762688 0
vn 0.9190847759306924 -0.394059861762688 0
vn 0.9190847759306924 -0.394059861762688 0
vn 0.9190847759306924 -0.394059861762688 0
vn 0.9190847759306924 -0.394059861762688 0
vn 0.9190847759306924 -0.394059861762688 0
vn 0.9127086574484525 -0.4086109477469291 0
vn 0.9127086574484525 -0.4086109477469291 0
vn 0.9127086574484525 -0.4086109477469291 0
vn 0.9127086574484525 -0.4086109477469291 0
vn 0.9127086574484525 -0.4086109477469291 0
vn 0.9127086574484525 -0.4086109477469291 0
vn 0.9062255500149454 -0.42279457482341176 0
vn 0.9062255500149454 -0.42279457482341176 0
vn 0.9062255500149454 -0.42279457482341176 0
vn 0.9062255500149454 -0.42279457482341176 0
vn 0.9062255500149454 -0.42279457482341176 0
vn 0.9062255500149454 -0.42279457482341176 0
vn 0.9032336635079724 -0.4291490989224687 0
vn 0.9032336635079724 -0.4291490989224687 0
vn 0.9032336635079724 -0.4291490989224687 0
vn 0.9032336635079724 -0.4291490989224687 0
vn 0.9032336635079724 -0.4291490989224687 0
vn 0.9032336635079724 -0.4291490989224687 0
vn 0.8984976186031078 -0.43897839282195195 0
vn 0.8984976186031078 -0.43897839282195195 0
vn 0.8984976186031078 -0.43897839282195195 0
vn 0.8984976186031078 -0.43897839282195195 0
vn 0.8984976186031078 -0.43897839282195195 0
vn 0.8984976186031078 -0.43897839282195195 0
vn 0.8939836152045082 -0.44809964934808605 0
vn 0.8939836152045082 -0.44809964934808605 0
vn 0.8939836152045082 -0.44809964934808605 0
vn 0.8939836152045082 -0.44809964934808605 0
vn 0.8939836152045082 -0.44809964934808605 0
vn 0.8939836152045082 -0.44809964934808605 0
vn 0.8896813195508708 -0.45658202947796916 0
vn 0.8896813195508708 -0.45658202947796916 0
vn 0.8896813195508708 -0.45658202947796916 0
vn 0.8896813195508708 -0.45658202947796916 0
vn 0.8896813195508708 -0.45658202947796916 0
vn 0.8896813195508708 -0.45658202947796916 0
vn 0.8855776541895641 -0.4644913544944716 0
vn 0.8855776541895641 -0.4644913544944716 0
vn 0.8855776541895641 -0.4644913544944716 0
vn 0.8855776541895641 -0.4644913544944716 0
vn 0.8855776541895641 -0.4644913544944716 0
vn 0.8855776541895641 -0.4644913544944716 0
vn 0.8816635190783694 -0.4718786275371517 0
vn 0.8816635190783694 -0.4718786275371517 0
vn 0.8816635190783694 -0.4718786275371517 0
vn 0.8816635190783694 -0.4718786275371517 0
vn 0.8816635190783694 -0.4718786275371517 0
vn 0.8816635190783694 -0.4718786275371517 0
vn 0.8779265138642467 -0.4787954012458461 0
vn 0.8779265138642467 -0.4787954012458461 0
vn 0.8779265138642467 -0.4787954012458461 0
vn 0.8779265138642467 -0.4787954012458461 0
vn 0.8779265138642467 -0.4787954012458461 0
vn 0.8779265138642467 -0.4787954012458461 0
vn 0.8743583429192199 -0.4852808343295211 0
vn 0.8743583429192199 -0.4852808343295211 0
vn 0.8743583429192199 -0.4852808343295211 0
vn 0.8743583429192199 -0.4852808343295211 0
vn 0.8743583429192199 -0.4852808343295211 0
vn 0.8743583429192199 -0.4852808343295211 0
vn 0.8709508171811773 -0.49137020061399683 0
vn 0.8709508171811773 -0.49137020061399683 0
vn 0.8709508171811773 -0.49137020061399683 0
vn 0.8709508171811773 -0.49137020061399683 0
vn 0.8709508171811773 -0.49137020061399683 0
vn 0.8709508171811773 -0.49137020061399683 0
vn 0.8676859708491882 -0.4971127196034133 0
vn 0.8676859708491882 -0.4971127196034133 0
vn 0.8676859708491882 -0.4971127196034133 0
vn 0.8676859708491882 -0.4971127196034133 0
vn 0.8676859708491882 -0.4971127196034133 0
vn 0.8676859708491882 -0.4971127196034133 0
vn 0.8645659554335472 -0.5025193615227954 0
vn 0.8645659554335472 -0.5025193615227954 0
vn 0.8645659554335472 -0.5025193615227954 0
vn 0.8645659554335472 -0.5025193615227954 0
vn 0.8645659554335472 -0.5025193615227954 0
vn 0.8645659554335472 -0.5025193615227954 0
vn 0.8615776369584186 -0.5076258223269844 0
vn 0.8615776369584186 -0.5076258223269844 0
vn 0.8615776369584186 -0.5076258223269844 0
vn 0.8615776369584186 -0.5076258223269844 0
vn 0.8615776369584186 -0.5076258223269844 0
vn 0.8615776369584186 -0.5076258223269844 0
vn 0.8589100296972563 -0.5121265086728651 0
vn 0.8589100296972563 -0.5121265086728651 0
vn 0.8589100296972563 -0.5121265086728651 0
vn 0.8589100296972563 -0.5121265086728651 0
vn 0.8589100296972563 -0.5121265086728651 0
vn 0.8589100296972563 -0.5121265086728651 0
vn 0.8565387876351778 -0.5160826535318348 0
vn 0.8565387876351778 -0.5160826535318348 0
vn 0.8565387876351778 -0.5160826535318348 0
vn 0.8565387876351778 -0.5160826535318348 0
vn 0.8565387876351778 -0.5160826535318348 0
vn 0.8565387876351778 -0.5160826535318348 0
vn 0.854265386327632 -0.5198371376907401 0
vn 0.854265386327632 -0.5198371376907401 0
vn 0.854265386327632 -0.5198371376907401 0
vn 0.854265386327632 -0.5198371376907401 0
vn 0.854265386327632 -0.5198371376907401 0
vn 0.854265386327632 -0.5198371376907401 0
vn 0.8520923349368121 -0.5233914908956121 0
vn 0.8520923349368121 -0.5233914908956121 0
vn 0.8520923349368121 -0.5233914908956121 0
vn 0.8520923349368121 -0.5233914908956121 0
vn 0.8520923349368121 -0.5233914908956121 0
vn 0.8520923349368121 -0.5233914908956121 0
vn 0.8500009202237542 -0.5267812027955924 0
vn 0.8500009202237542 -0.5267812027955924 0
vn 0.8500009202237542 -0.5267812027955924 0
vn 0.8500009202237542 -0.5267812027955924 0
vn 0.8500009202237542 -0.5267812027955924 0
vn 0.8500009202237542 -0.5267812027955924 0
vn 0.8480000017285643 -0.5299962236359377 0
vn 0.8480000017285643 -0.5299962236359377 0
vn 0.8480000017285643 -0.5299962236359377 0
vn 0.8480000017285643 -0.5299962236359377 0
vn 0.8480000017285643 -0.5299962236359377 0
vn 0.8480000017285643 -0.5299962236359377 0
vn 0.8460685670768183 -0.5330740847242335 0
vn 0.8460685670768183 -0.5330740847242335 0
vn 0.8460685670768183 -0.5330740847242335 0
vn 0.8460685670768183 -0.5330740847242335 0
vn 0.8460685670768183 -0.5330740847242335 0
vn 0.8460685670768183 -0.5330740847242335 0
vn 0.8442185438384391 -0.5359991140284706 0
vn 0.8442185438384391 -0.5359991140284706 0
vn 0.8442185438384391 -0.5359991140284706 0
vn 0.8442185438384391 -0.5359991140284706 0
vn 0.8442185438384391 -0.5359991140284706 0
vn 0.8442185438384391 -0.5359991140284706 0
vn 0.8424375359484639 -0.53879402189063 0
vn 0.8424375359484639 -0.53879402189063 0
vn 0.8424375359484639 -0.53879402189063 0
vn 0.8424375359484639 -0.53879402189063 0
vn 0.8424375359484639 -0.53879402189063 0
vn 0.8424375359484639 -0.53879402189063 0
vn 0.840718665716555 -0.5414721831412722 0
vn 0.840718665716555 -0.5414721831412722 0
vn 0.840718665716555 -0.5414721831412722 0
vn 0.840718665716555 -0.5414721831412722 0
vn 0.840718665716555 -0.5414721831412722 0
vn 0.840718665716555 -0.5414721831412722 0
vn 0.8390659569945793 -0.5440297048992552 0
vn 0.8390659569945793 -0.5440297048992552 0
vn 0.8390659569945793 -0.5440297048992552 0
vn 0.8390659569945793 -0.5440297048992552 0
vn 0.8390659569945793 -0.5440297048992552 0
vn 0.8390659569945793 -0.5440297048992552 0
vn 0.8374727375967566 -0.5464791064461606 0
vn 0.8374727375967566 -0.5464791064461606 0
vn 0.8374727375967566 -0.5464791064461606 0
vn 0.8374727375967566 -0.5464791064461606 0
vn 0.8374727375967566 -0.5464791064461606 0
vn 0.8374727375967566 -0.5464791064461606 0
vn 1 0 0
vn 1 0 0
vn 1 0 0
vn 1 0 0
vn 1 0 0
vn 1 0 0
f 1/1/1 2/2/2 3/3/3
f 4/4/4 5/5/5 6/6/6
f 7/7/7 8/8/8 9/9/9
f 10/10/10 11/11/11 12/12/12
f 13/13/13 14/14/14 15/15/15
f 16/16/16 17/17/17 18/18/18
f 19/19/19 20/20/20 21/21/21
f 22/22/22 23/23/23 24/24/24
f 25/25/25 26/26/26 27/27/27
f 28/28/28 29/29/29 30/30/30
f 31/31/31 32/32/32 33/33/33
f 34/34/34 35/35/35 36/36/36
f 37/37/37 38/38/38 39/39/39
f 40/40/40 41/41/41 42/42/42
f 43/43/43 44/44/44 45/45/45
f 46/46/46 47/47/47 48/48/48
f 49/49/49 50/50/50 51/51/51
f 52/52/52 53/53/53 54/54/54
f 55/55/55 56/56/56 57/57/57
f 58/58/58 59/59/59 60/60/60
f 61/61/61 62/62/62 63/63/63
f 64/64/64 65/65/65 66/66/66
f 67/67/67 68/68/68 69/69/69
f 70/70/70 71/71/71 72/72/72
f 73/73/73 74/74/74 75/75/75
f 76/76/76 77/77/77 78/78/78
f 79/79/79 80/80/80 81/81/81
f 82/82/82 83/83/83 84/84/84
f 85/85/85 86/86/86 87/87/87
f 88/88/88 89/89/89 90/90/90
f 91/91/91 92/92/92 93/93/93
f 94/94/94 95/95/95 96/96/96
f 97/97/97 98/98/98 99/99/99
f 100/100/100 101/101/101 102/102/102
f 103/103/103 104/104/104 105/105/105
f 106/106/106 107/107/107 108/108/108
f 109/109/109 110/110/110 111/111/111
f 112/112/112 113/113/113 114/114/114
f 115/115/115 116/116/116 117/117/117
f 118/118/118 119/119/119 120/120/120
f 121/121/121 122/122/122 123/123/123
f 124/124/124 125/125/125 126/126/126
f 127/127/127 128/128/128 129/129/129
f 130/130/130 131/131/131 132/132/132
f 133/133/133 134/134/134 135/135/135
f 136/136/136 137/137/137 138/138/138
f 139/139/139 140/140/140 141/141/141
f 142/142/142 143/143/143 144/144/144
f 145/145/145 146/146/146 147/147/147
f 148/148/148 149/149/149 150/150/150
f 151/151/151 152/152/152 153/153/153
f 154/154/154 155/155/155 156/156/156
f 157/157/157 158/158/158 159/159/159
f 160/160/160 161/161/161 162/162/162
f 163/163/163 164/164/164 165/165/165
f 166/166/166 167/167/167 168/168/168
f 169/169/169 170/170/170 171/171/171
f 172/172/172 173/173/173 174/174/174
f 175/175/175 176/176/176 177/177/177
f 178/178/178 179/179/179 180/180/180
f 181/181/181 182/182/182 183/183/183
f 184/184/184 185/185/185 186/186/186
f 187/187/187 188/188/188 189/189/189
f 190/190/190 191/191/191 192/192/192
f 193/193/193 194/194/194 195/195/195
f 196/196/196 197/197/197 198/198/198
f 199/199/199 200/200/200 201/201/201
f 202/202/202 203/203/203 204/204/204
f 205/205/205 206/206/206 207/207/207
f 208/208/208 209/209/209 210/210/210
f 211/211/211 212/212/212 213/213/213
f 214/214/214 215/215/215 216/216/216
f 217/217/217 218/218/218 219/219/219
f 220/220/220 221/221/221 222/222/222
f 223/223/223 224/224/224 225/225/225
f 226/226/226 227/227/227 228/228/228
f 229/229/229 230/230/230 231/231/231
f 232/232/232 233/233/233 234/234/234
f 235/235/235 236/236/236 237/237/237
f 238/238/238 239/239/239 240/240/240
f 241/241/241 242/242/242 243/243/243
f 244/244/244 245/245/245 246/246/246
f 247/247/247 248/248/248 249/249/249
f 250/250/250 251/251/251 252/252/252
f 253/253/253 254/254/254 255/255/255
f 256/256/256 257/257/257 258/258/258
f 259/259/259 260/260/260 261/261/261
f 262/262/262 263/263/263 264/264/264
f 265/265/265 266/266/266 267/267/267
f 268/268/268 269/269/269 270/270/270
f 271/271/271 272/272/272 273/273/273
f 274/274/274 275/275/275 276/276/276
f 277/277/277 278/278/278 279/279/279
f 280/280/280 281/281/281 282/282/282
f 283/283/283 284/284/284 285/285/285
f 286/286/286 287/287/287 288/288/288
f 289/289/289 290/290/290 291/291/291
f 292/292/292 293/293/293 294/294/294
f 295/295/295 296/296/296 297/297/297
f 298/298/298 299/299/299 300/300/300
f 301/301/301 302/302/302 303/303/303
f 304/304/304 305/305/305 306/306/306
f 307/307/307 308/308/308 309/309/309
f 310/310/310 311/311/311 312/312/312
f 313/313/313 314/314/314 315/315/315
f 316/316/316 317/317/317 318/318/318
f 319/319/319 320/320/320 321/321/321
f 322/322/322 323/323/323 324/324/324
f 325/325/325 326/326/326 327/327/327
f 328/328/328 329/329/329 330/330/330
f 331/331/331 332/332/332 333/333/333
f 334/334/334 335/335/335 336/336/336
f 337/337/337 338/338/338 339/339/339
f 340/340/340 341/341/341 342/342/342
f 343/343/343 344/344/344 345/345/345
f 346/346/346 347/347/347 348/348/348
f 349/349/349 350/350/350 351/351/351
f 352/352/352 353/353/353 354/354/354
f 355/355/355 356/356/356 357/357/357
f 358/358/358 359/359/359 360/360/360
f 361/361/361 362/362/362 363/363/363
f 364/364/364 365/365/365 366/366/366
f 367/367/367 368/368/368 369/369/369
f 370/370/370 371/371/371 372/372/372
f 373/373/373 374/374/374 375/375/375
f 376/376/376 377/377/377 378/378/378
f 379/379/379 380/380/380 381/381/381
f 382/382/382 383/383/383 384/384/384
f 385/385/385 386/386/386 387/387/387
f 388/388/388 389/389/389 390/390/390
f 391/391/391 392/392/392 393/393/393
f 394/394/394 395/395/395 396/396/396
f 397/397/397 398/398/398 399/399/399
f 400/400/400 401/401/401 402/402/402
f 403/403/403 404/404/404 405/405/405
f 406/406/406 407/407/407 408/408/408
f 409/409/409 410/410/410 411/411/411
f 412/412/412 413/413/413 414/414/414
f 415/415/415 416/416/416 417/417/417
f 418/418/418 419/419/419 420/420/420
f 421/421/421 422/422/422 423/423/423
f 424/424/424 425/425/425 426/426/426
f 427/427/427 428/428/428 429/429/429
f 430/430/430 431/431/431 432/432/432
f 433/433/433 434/434/434 435/435/435
f 436/436/436 437/437/437 438/438/438
f 439/439/439 440/440/440 441/441/441
f 442/442/442 443/443/443 444/444/444
f 445/445/445 446/446/446 447/447/447
f 448/448/448 449/449/449 450/450/450
f 451/451/451 452/452/452 453/453/453
f 454/454/454 455/455/455 456/456/456
f 457/457/457 458/458/458 459/459/459
f 460/460/460 461/461/461 462/462/462
f 463/463/463 464/464/464 465/465/465
f 466/466/466 467/467/467 468/468/468
f 469/469/469 470/470/470 471/471/471
f 472/472/472 473/473/473 474/474/474
f 475/475/475 476/476/476 477/477/477
f 478/478/478 479/479/479 480/480/480
f 481/481/481 482/482/482 483/483/483
f 484/484/484 485/485/485 486/486/486
f 487/487/487 488/488/488 489/489/489
f 490/490/490 491/491/491 492/492/492
f 493/493/493 494/494/494 495/495/495
f 496/496/496 497/497/497 498/498/498
f 499/499/499 500/500/500 501/501/501
f 502/502/502 503/503/503 504/504/504
f 505/505/505 506/506/506 507/507/507
f 508/508/508 509/509/509 510/510/510
f 511/511/511 512/512/512 513/513/513
f 514/514/514 515/515/515 516/516/516
f 517/517/517 518/518/518 519/519/519
f 520/520/520 521/521/521 522/522/522
f 523/523/523 524/524/524 525/525/525
f 526/526/526 527/527/527 528/528/528
f 529/529/529 530/530/530 531/531/531
f 532/532/532 533/533/533 534/534/534
f 535/535/535 536/536/536 537/537/537
f 538/538/538 539/539/539 540/540/540
f 541/541/541 542/542/542 543/543/543
f 544/544/544 545/545/545 546/546/546
f 547/547/547 548/548/548 549/549/549
f 550/550/550 551/551/551 552/552/552
f 553/553/553 554/554/554 555/555/555
f 556/556/556 557/557/557 558/558/558
f 559/559/559 560/560/560 561/561/561
f 562/562/562 563/563/563 564/564/564
f 565/565/565 566/566/566 567/567/567
f 568/568/568 569/569/569 570/570/570
f 571/571/571 572/572/572 573/573/573
f 574/574/574 575/575/575 576/576/576
f 577/577/577 578/578/578 579/579/579
f 580/580/580 581/581/581 582/582/582
f 583/583/583 584/584/584 585/585/585
f 586/586/586 587/587/587 588/588/588
f 589/589/589 590/590/590 591/591/591
f 592/592/592 593/593/593 594/594/594
f 595/595/595 596/596/596 597/597/597
f 598/598/598 599/599/599 600/600/600
f 601/601/601 602/602/602 603/603/603
f 604/604/604 605/605/605 606/606/606
f 607/607/607 608/608/608 609/609/609
f 610/610/610 611/611/611 612/612/612
f 613/613/613 614/614/614 615/615/615
f 616/616/616 617/617/617 618/618/618
f 619/619/619 620/620/620 621/621/621
f 622/622/622 623/623/623 624/624/624
f 625/625/625 626/626/626 627/627/627
f 628/628/628 629/629/629 630/630/630
f 631/631/631 632/632/632 633/633/633
f 634/634/634 635/635/635 636/636/636
f 637/637/637 638/638/638 639/639/639
f 640/640/640 641/641/641 642/642/642
f 643/643/643 644/644/644 645/645/645
f 646/646/646 647/647/647 648/648/648
f 649/649/649 650/650/650 651/651/651
f 652/652/652 653/653/653 654/654/654
f 655/655/655 656/656/656 657/657/657
f 658/658/658 659/659/659 660/660/660
f 661/661/661 662/662/662 663/663/663
f 664/664/664 665/665/665 666/666/666
f 667/667/667 668/668/668 669/669/669
f 670/670/670 671/671/671 672/672/672
f 673/673/673 674/674/674 675/675/675
f 676/676/676 677/677/677 678/678/678
f 679/679/679 680/680/680 681/681/681
f 682/682/682 683/683/683 684/684/684
f 685/685/685 686/686/686 687/687/687
f 688/688/688 689/689/689 690/690/690
f 691/691/691 692/692/692 693/693/693
f 694/694/694 695/695/695 696/696/696
f 697/697/697 698/698/698 699/699/699
f 700/700/700 701/701/701 702/702/702
f 703/703/703 704/704/704 705/705/705
f 706/706/706 707/707/707 708/708/708
f 709/709/709 710/710/710 711/711/711
f 712/712/712 713/713/713 714/714/714
f 715/715/715 716/716/716 717/717/717
f 718/718/718 719/719/719 720/720/720
f 721/721/721 722/722/722 723/723/723
f 724/724/724 725/725/725 726/726/726
f 727/727/727 728/728/728 729/729/729
f 730/730/730 731/731/731 732/732/732
f 733/733/733 734/734/734 735/735/735
f 736/736/736 737/737/737 738/738/738
f 739/739/739 740/740/740 741/741/741
f 742/742/742 743/743/743 744/744/744
f 745/745/745 746/746/746 747/747/747
f 748/748/748 749/749/749 750/750/750
f 751/751/751 752/752/752 753/753/753
f 754/754/754 755/755/755 756/756/756
f 757/757/757 758/758/758 759/759/759
f 760/760/760 761/761/761 762/762/762
f 763/763/763 764/764/764 765/765/765
f 766/766/766 767/767/767 768/768/768
f 769/769/769 770/770/770 771/771/771
f 772/772/772 773/773/773 774/774/774
f 775/775/775 776/776/776 777/777/777
f 778/778/778 779/779/779 780/780/780
f 781/781/781 782/782/782 783/783/783
f 784/784/784 785/785/785 786/786/786
f 787/787/787 788/788/788 789/789/789
f 790/790/790 791/791/791 792/792/792
f 793/793/793 794/794/794 795/795/795
f 796/796/796 797/797/797 798/798/798
f 799/799/799 800/800/800 801/801/801
f 802/802/802 803/803/803 804/804/804
f 805/805/805 806/806/806 807/807/807
f 808/808/808 809/809/809 810/810/810
f 811/811/811 812/812/812 813/813/813
f 814/814/814 815/815/815 816/816/816
f 817/817/817 818/818/818 819/819/819
f 820/820/820 821/821/821 822/822/822
f 823/823/823 824/824/824 825/825/825
f 826/826/826 827/827/827 828/828/828
f 829/829/829 830/830/830 831/831/831
f 832/832/832 833/833/833 834/834/834
f 835/835/835 836/836/836 837/837/837
f 838/838/838 839/839/839 840/840/840
f 841/841/841 842/842/842 843/843/843
f 844/844/844 845/845/845 846/846/846
f 847/847/847 848/848/848 849/849/849
f 850/850/850 851/851/851 852/852/852
f 853/853/853 854/854/854 855/855/855
f 856/856/856 857/857/857 858/858/858
f 859/859/859 860/860/860 861/861/861
f 862/862/862 863/863/863 864/864/864
f 865/865/865 866/866/866 867/867/867
f 868/868/868 869/869/869 870/870/870
f 871/871/871 872/872/872 873/873/873
f 874/874/874 875/875/875 876/876/876
f 877/877/877 878/878/878 879/879/879
f 880/880/880 881/881/881 882/882/882
f 883/883/883 884/884/884 885/885/885
f 886/886/886 887/887/887 888/888/888
f 889/889/889 890/890/890 891/891/891
f 892/892/892 893/893/893 894/894/894
f 895/895/895 896/896/896 897/897/897
f 898/898/898 899/899/899 900/900/900
f 901/901/901 902/902/902 903/903/903
f 904/904/904 905/905/905 906/906/906
f 907/907/907 908/908/908 909/909/909
f 910/910/910 911/911/911 912/912/912
f 913/913/913 914/914/914 915/915/915
f 916/916/916 917/917/917 918/918/918
f 919/919/919 920/920/920 921/921/921
f 922/922/922 923/923/923 924/924/924
f 925/925/925 926/926/926 927/927/927
f 928/928/928 929/929/929 930/930/930
f 931/931/931 932/932/932 933/933/933
f 934/934/934 935/935/935 936/936/936
f 937/937/937 938/938/938 939/939/939
f 940/940/940 941/941/941 942/942/942
f 943/943/943 944/944/944 945/945/945
f 946/946/946 947/947/947 948/948/948
f 949/949/949 950/950/950 951/951/951
f 952/952/952 953/953/953 954/954/954
f 955/955/955 956/956/956 957/957/957
f 958/958/958 959/959/959 960/960/960
f 961/961/961 962/962/962 963/963/963
f 964/964/964 965/965/965 966/966/966
f 967/967/967 968/968/968 969/969/969
f 970/970/970 971/971/971 972/972/972
f 973/973/973 974/974/974 975/975/975
f 976/976/976 977/977/977 978/978/978
f 979/979/979 980/980/980 981/981/981
f 982/982/982 983/983/983 984/984/984
f 985/985/985 986/986/986 987/987/987
f 988/988/988 989/989/989 990/990/990
f 991/991/991 992/992/992 993/993/993
f 994/994/994 995/995/995 996/996/996
f 997/997/997 998/998/998 999/999/999
f 1000/1000/1000 1001/1001/1001 1002/1002/1002
f 1003/1003/1003 1004/1004/1004 1005/1005/1005
f 1006/1006/1006 1007/1007/1007 1008/1008/1008
f 1009/1009/1009 1010/1010/1010 1011/1011/1011
f 1012/1012/1012 1013/1013/1013 1014/1014/1014
f 1015/1015/1015 1016/1016/1016 1017/1017/1017
f 1018/1018/1018 1019/1019/1019 1020/1020/1020
f 1021/1021/1021 1022/1022/1022 1023/1023/1023
f 1024/1024/1024 1025/1025/1025 1026/1026/1026
f 1027/1027/1027 1028/1028/1028 1029/1029/1029
f 1030/1030/1030 1031/1031/1031 1032/1032/1032
f 1033/1033/1033 1034/1034/1034 1035/1035/1035
f 1036/1036/1036 1037/1037/1037 1038/1038/1038
f 1039/1039/1039 1040/1040/1040 1041/1041/1041
f 1042/1042/1042 1043/1043/1043 1044/1044/1044
f 1045/1045/1045 1046/1046/1046 1047/1047/1047
f 1048/1048/1048 1049/1049/1049 1050/1050/1050
f 1051/1051/1051 1052/1052/1052 1053/1053/1053
f 1054/1054/1054 1055/1055/1055 1056/1056/1056
f 1057/1057/1057 1058/1058/1058 1059/1059/1059
f 1060/1060/1060 1061/1061/1061 1062/1062/1062
f 1063/1063/1063 1064/1064/1064 1065/1065/1065
f 1066/1066/1066 1067/1067/1067 1068/1068/1068
f 1069/1069/1069 1070/1070/1070 1071/1071/1071
f 1072/1072/1072 1073/1073/1073 1074/1074/1074
f 1075/1075/1075 1076/1076/1076 1077/1077/1077
f 1078/1078/1078 1079/1079/1079 1080/1080/1080
f 1081/1081/1081 1082/1082/1082 1083/1083/1083
f 1084/1084/1084 1085/1085/1085 1086/1086/1086
f 1087/1087/1087 1088/1088/1088 1089/1089/1089
f 1090/1090/1090 1091/1091/1091 1092/1092/1092
f 1093/1093/1093 1094/1094/1094 1095/1095/1095
f 1096/1096/1096 1097/1097/1097 1098/1098/1098
f 1099/1099/1099 1100/1100/1100 1101/1101/1101
f 1102/1102/1102 1103/1103/1103 1104/1104/1104
f 1105/1105/1105 1106/1106/1106 1107/1107/1107
f 1108/1108/1108 1109/1109/1109 1110/1110/1110
f 1111/1111/1111 1112/1112/1112 1113/1113/1113
f 1114/1114/1114 1115/1115/1115 1116/1116/1116
f 1117/1117/1117 1118/1118/1118 1119/1119/1119
f 1120/1120/1120 1121/1121/1121 1122/1122/1122
f 1123/1123/1123 1124/1124/1124 1125/1125/1125
f 1126/1126/1126 1127/1127/1127 1128/1128/1128
f 1129/1129/1129 1130/1130/1130 1131/1131/1131
f 1132/1132/1132 1133/1133/1133 1134/1134/1134
f 1135/1135/1135 1136/1136/1136 1137/1137/1137
f 1138/1138/1138 1139/1139/1139 1140/1140/1140
f 1141/1141/1141 1142/1142/1142 1143/1143/1143
f 1144/1144/1144 1145/1145/1145 1146/1146/1146
f 1147/1147/1147 1148/1148/1148 1149/1149/1149
f 1150/1150/1150 1151/1151/1151 1152/1152/1152
f 1153/1153/1153 1154/1154/1154 1155/1155/1155
f 1156/1156/1156 1157/1157/1157 1158/1158/1158
f 1159/1159/1159 1160/1160/1160 1161/1161/1161
f 1162/1162/1162 1163/1163/1163 1164/1164/1164
f 1165/1165/1165 1166/1166/1166 1167/1167/1167
f 1168/1168/1168 1169/1169/1169 1170/1170/1170
f 1171/1171/1171 1172/1172/1172 1173/1173/1173
f 1174/1174/1174 1175/1175/1175 1176/1176/1176
f 1177/1177/1177 1178/1178/1178 1179/1179/1179
f 1180/1180/1180 1181/1181/1181 1182/1182/1182
f 1183/1183/1183 1184/1184/1184 1185/1185/1185
f 1186/1186/1186 1187/1187/1187 1188/1188/1188
f 1189/1189/1189 1190/1190/1190 1191/1191/1191
f 1192/1192/1192 1193/1193/1193 1194/1194/1194
f 1195/1195/1195 1196/1196/1196 1197/1197/1197
f 1198/1198/1198 1199/1199/1199 1200/1200/1200
f 1201/1201/1201 1202/1202/1202 1203/1203/1203
f 1204/1204/1204 1205/1205/1205 1206/1206/1206
f 1207/1207/1207 1208/1208/1208 1209/1209/1209
f 1210/1210/1210 1211/1211/1211 1212/1212/1212
f 1213/1213/1213 1214/1214/1214 1215/1215/1215
f 1216/1216/1216 1217/1217/1217 1218/1218/1218
f 1219/1219/1219 1220/1220/1220 1221/1221/1221
f 1222/1222/1222 1223/1223/1223 1224/1224/1224
f 1225/1225/1225 1226/1226/1226 1227/1227/1227
f 1228/1228/1228 1229/1229/1229 1230/1230/1230
f 1231/1231/1231 1232/1232/1232 1233/1233/1233
f 1234/1234/1234 1235/1235/1235 1236/1236/1236
f 1237/1237/1237 1238/1238/1238 1239/1239/1239
f 1240/1240/1240 1241/1241/1241 1242/1242/1242
f 1243/1243/1243 1244/1244/1244 1245/1245/1245
f 1246/1246/1246 1247/1247/1247 1248/1248/1248
f 1249/1249/1249 1250/1250/1250 1251/1251/1251
f 1252/1252/1252 1253/1253/1253 1254/1254/1254
f 1255/1255/1255 1256/1256/1256 1257/1257/1257
f 1258/1258/1258 1259/1259/1259 1260/1260/1260
f 1261/1261/1261 1262/1262/1262 1263/1263/1263
f 1264/1264/1264 1265/1265/1265 1266/1266/1266
f 1267/1267/1267 1268/1268/1268 1269/1269/1269
f 1270/1270/1270 1271/1271/1271 1272/1272/1272
f 1273/1273/1273 1274/1274/1274 1275/1275/1275
f 1276/1276/1276 1277/1277/1277 1278/1278/1278
f 1279/1279/1279 1280/1280/1280 1281/1281/1281
f 1282/1282/1282 1283/1283/1283 1284/1284/1284
f 1285/1285/1285 1286/1286/1286 1287/1287/1287
f 1288/1288/1288 1289/1289/1289 1290/1290/1290
f 1291/1291/1291 1292/1292/1292 1293/1293/1293
f 1294/1294/1294 1295/1295/1295 1296/1296/1296
f 1297/1297/1297 1298/1298/1298 1299/1299/1299
f 1300/1300/1300 1301/1301/1301 1302/1302/1302
f 1303/1303/1303 1304/1304/1304 1305/1305/1305
f 1306/1306/1306 1307/1307/1307 1308/1308/1308
f 1309/1309/1309 1310/1310/1310 1311/1311/1311
f 1312/1312/1312 1313/1313/1313 1314/1314/1314
f 1315/1315/1315 1316/1316/1316 1317/1317/1317
f 1318/1318/1318 1319/1319/1319 1320/1320/1320
f 1321/1321/1321 1322/1322/1322 1323/1323/1323
f 1324/1324/1324 1325/1325/1325 1326/1326/1326
f 1327/1327/1327 1328/1328/1328 1329/1329/1329
f 1330/1330/1330 1331/1331/1331 1332/1332/1332
f 1333/1333/1333 1334/1334/1334 1335/1335/1335
f 1336/1336/1336 1337/1337/1337 1338/1338/1338
f 1339/1339/1339 1340/1340/1340 1341/1341/1341
f 1342/1342/1342 1343/1343/1343 1344/1344/1344
f 1345/1345/1345 1346/1346/1346 1347/1347/1347
f 1348/1348/1348 1349/1349/1349 1350/1350/1350
f 1351/1351/1351 1352/1352/1352 1353/1353/1353
f 1354/1354/1354 1355/1355/1355 1356/1356/1356
f 1357/1357/1357 1358/1358/1358 1359/1359/1359
f 1360/1360/1360 1361/1361/1361 1362/1362/1362
f 1363/1363/1363 1364/1364/1364 1365/1365/1365
f 1366/1366/1366 1367/1367/1367 1368/1368/1368
f 1369/1369/1369 1370/1370/1370 1371/1371/1371
f 1372/1372/1372 1373/1373/1373 1374/1374/1374
f 1375/1375/1375 1376/1376/1376 1377/1377/1377
f 1378/1378/1378 1379/1379/1379 1380/1380/1380
f 1381/1381/1381 1382/1382/1382 1383/1383/1383
f 1384/1384/1384 1385/1385/1385 1386/1386/1386
f 1387/1387/1387 1388/1388/1388 1389/1389/1389
f 1390/1390/1390 1391/1391/1391 1392/1392/1392
f 1393/1393/1393 1394/1394/1394 1395/1395/1395
f 1396/1396/1396 1397/1397/1397 1398/1398/1398
f 1399/1399/1399 1400/1400/1400 1401/1401/1401
f 1402/1402/1402 1403/1403/1403 1404/1404/1404
f 1405/1405/1405 1406/1406/1406 1407/1407/1407
f 1408/1408/1408 1409/1409/1409 1410/1410/1410
f 1411/1411/1411 1412/1412/1412 1413/1413/1413
f 1414/1414/1414 1415/1415/1415 1416/1416/1416
f 1417/1417/1417 1418/1418/1418 1419/1419/1419
f 1420/1420/1420 1421/1421/1421 1422/1422/1422
f 1423/1423/1423 1424/1424/1424 1425/1425/1425
f 1426/1426/1426 1427/1427/1427 1428/1428/1428
f 1429/1429/1429 1430/1430/1430 1431/1431/1431
f 1432/1432/1432 1433/1433/1433 1434/1434/1434
f 1435/1435/1435 1436/1436/1436 1437/1437/1437
f 1438/1438/1438 1439/1439/1439 1440/1440/1440
f 1441/1441/1441 1442/1442/1442 1443/1443/1443
f 1444/1444/1444 1445/1445/1445 1446/1446/1446
f 1447/1447/1447 1448/1448/1448 1449/1449/1449
f 1450/1450/1450 1451/1451/1451 1452/1452/1452
f 1453/1453/1453 1454/1454/1454 1455/1455/1455
f 1456/1456/1456 1457/1457/1457 1458/1458/1458
f 1459/1459/1459 1460/1460/1460 1461/1461/1461
f 1462/1462/1462 1463/1463/1463 1464/1464/1464
f 1465/1465/1465 1466/1466/1466 1467/1467/1467
f 1468/1468/1468 1469/1469/1469 1470/1470/1470
f 1471/1471/1471 1472/1472/1472 1473/1473/1473
f 1474/1474/1474 1475/1475/1475 1476/1476/1476
f 1477/1477/1477 1478/1478/1478 1479/1479/1479
f 1480/1480/1480 1481/1481/1481 1482/1482/1482
f 1483/1483/1483 1484/1484/1484 1485/1485/1485
f 1486/1486/1486 1487/1487/1487 1488/1488/1488
f 1489/1489/1489 1490/1490/1490 1491/1491/1491
f 1492/1492/1492 1493/1493/1493 1494/1494/1494
f 1495/1495/1495 1496/1496/1496 1497/1497/1497
f 1498/1498/1498 1499/1499/1499 1500/1500/1500
f 1501/1501/1501 1502/1502/1502 1503/1503/1503
f 1504/1504/1504 1505/1505/1505 1506/1506/1506
f 1507/1507/1507 1508/1508/1508 1509/1509/1509
f 1510/1510/1510 1511/1511/1511 1512/1512/1512
f 1513/1513/1513 1514/1514/1514 1515/1515/1515
f 1516/1516/1516 1517/1517/1517 1518/1518/1518
f 1519/1519/1519 1520/1520/1520 1521/1521/1521
f 1522/1522/1522 1523/1523/1523 1524/1524/1524
f 1525/1525/1525 1526/1526/1526 1527/1527/1527
f 1528/1528/1528 1529/1529/1529 1530/1530/1530
f 1531/1531/1531 1532/1532/1532 1533/1533/1533
f 1534/1534/1534 1535/1535/1535 1536/1536/1536
f 1537/1537/1537 1538/1538/1538 1539/1539/1539
f 1540/1540/1540 1541/1541/1541 1542/1542/1542
f 1543/1543/1543 1544/1544/1544 1545/1545/1545
f 1546/1546/1546 1547/1547/1547 1548/1548/1548
f 1549/1549/1549 1550/1550/1550 1551/1551/1551
f 1552/1552/1552 1553/1553/1553 1554/1554/1554
f 1555/1555/1555 1556/1556/1556 1557/1557/1557
f 1558/1558/1558 1559/1559/1559 1560/1560/1560
f 1561/1561/1561 1562/1562/1562 1563/1563/1563
f 1564/1564/1564 1565/1565/1565 1566/1566/1566
f 1567/1567/1567 1568/1568/1568 1569/1569/1569
f 1570/1570/1570 1571/1571/1571 1572/1572/1572
f 1573/1573/1573 1574/1574/1574 1575/1575/1575
f 1576/1576/1576 1577/1577/1577 1578/1578/1578
f 1579/1579/1579 1580/1580/1580 1581/1581/1581
f 1582/1582/1582 1583/1583/1583 1584/1584/1584
f 1585/1585/1585 1586/1586/1586 1587/1587/1587
f 1588/1588/1588 1589/1589/1589 1590/1590/1590
f 1591/1591/1591 1592/1592/1592 1593/1593/1593
f 1594/1594/1594 1595/1595/1595 1596/1596/1596
f 1597/1597/1597 1598/1598/1598 1599/1599/1599
f 1600/1600/1600 1601/1601/1601 1602/1602/1602
f 1603/1603/1603 1604/1604/1604 1605/1605/1605
f 1606/1606/1606 1607/1607/1607 1608/1608/1608
f 1609/1609/1609 1610/1610/1610 1611/1611/1611
f 1612/1612/1612 1613/1613/1613 1614/1614/1614
f 1615/1615/1615 1616/1616/1616 1617/1617/1617
f 1618/1618/1618 1619/1619/1619 1620/1620/1620
f 1621/1621/1621 1622/1622/1622 1623/1623/1623
f 1624/1624/1624 1625/1625/1625 1626/1626/1626
f 1627/1627/1627 1628/1628/1628 1629/1629/1629
f 1630/1630/1630 1631/1631/1631 1632/1632/1632
f 1633/1633/1633 1634/1634/1634 1635/1635/1635
f 1636/1636/1636 1637/1637/1637 1638/1638/1638
f 1639/1639/1639 1640/1640/1640 1641/1641/1641
f 1642/1642/1642 1643/1643/1643 1644/1644/1644
f 1645/1645/1645 1646/1646/1646 1647/1647/1647
f 1648/1648/1648 1649/1649/1649 1650/1650/1650
f 1651/1651/1651 1652/1652/1652 1653/1653/1653
f 1654/1654/1654 1655/1655/1655 1656/1656/1656
f 1657/1657/1657 1658/1658/1658 1659/1659/1659
f 1660/1660/1660 1661/1661/1661 1662/1662/1662
f 1663/1663/1663 1664/1664/1664 1665/1665/1665
f 1666/1666/1666 1667/1667/1667 1668/1668/1668
f 1669/1669/1669 1670/1670/1670 1671/1671/1671
f 1672/1672/1672 1673/1673/1673 1674/1674/1674
f 1675/1675/1675 1676/1676/1676 1677/1677/1677
f 1678/1678/1678 1679/1679/1679 1680/1680/1680
f 1681/1681/1681 1682/1682/1682 1683/1683/1683
f 1684/1684/1684 1685/1685/1685 1686/1686/1686
f 1687/1687/1687 1688/1688/1688 1689/1689/1689
f 1690/1690/1690 1691/1691/1691 1692/1692/1692
f 1693/1693/1693 1694/1694/1694 1695/1695/1695
f 1696/1696/1696 1697/1697/1697 1698/1698/1698
f 1699/1699/1699 1700/1700/1700 1701/1701/1701
f 1702/1702/1702 1703/1703/1703 1704/1704/1704
f 1705/1705/1705 1706/1706/1706 1707/1707/1707
f 1708/1708/1708 1709/1709/1709 1710/1710/1710
f 1711/1711/1711 1712/1712/1712 1713/1713/1713
f 1714/1714/1714 1715/1715/1715 1716/1716/1716
f 1717/1717/1717 1718/1718/1718 1719/1719/1719
f 1720/1720/1720 1721/1721/1721 1722/1722/1722
f 1723/1723/1723 1724/1724/1724 1725/1725/1725
f 1726/1726/1726 1727/1727/1727 1728/1728/1728
f 1729/1729/1729 1730/1730/1730 1731/1731/1731
f 1732/1732/1732 1733/1733/1733 1734/1734/1734
f 1735/1735/1735 1736/1736/1736 1737/1737/1737
f 1738/1738/1738 1739/1739/1739 1740/1740/1740
f 1741/1741/1741 1742/1742/1742 1743/1743/1743
f 1744/1744/1744 1745/1745/1745 1746/1746/1746
f 1747/1747/1747 1748/1748/1748 1749/1749/1749
f 1750/1750/1750 1751/1751/1751 1752/1752/1752
f 1753/1753/1753 1754/1754/1754 1755/1755/1755
f 1756/1756/1756 1757/1757/1757 1758/1758/1758
f 1759/1759/1759 1760/1760/1760 1761/1761/1761
f 1762/1762/1762 1763/1763/1763 1764/1764/1764
f 1765/1765/1765 1766/1766/1766 1767/1767/1767
f 1768/1768/1768 1769/1769/1769 1770/1770/1770
f 1771/1771/1771 1772/1772/1772 1773/1773/1773
f 1774/1774/1774 1775/1775/1775 1776/1776/1776
f 1777/1777/1777 1778/1778/1778 1779/1779/1779
f 1780/1780/1780 1781/1781/1781 1782/1782/1782
f 1783/1783/1783 1784/1784/1784 1785/1785/1785
f 1786/1786/1786 1787/1787/1787 1788/1788/1788
f 1789/1789/1789 1790/1790/1790 1791/1791/1791
f 1792/1792/1792 1793/1793/1793 1794/1794/1794
f 1795/1795/1795 1796/1796/1796 1797/1797/1797
f 1798/1798/1798 1799/1799/1799 1800/1800/1800
f 1801/1801/1801 1802/1802/1802 1803/1803/1803
f 1804/1804/1804 1805/1805/1805 1806/1806/1806
f 1807/1807/1807 1808/1808/1808 1809/1809/1809
f 1810/1810/1810 1811/1811/1811 1812/1812/1812
f 1813/1813/1813 1814/1814/1814 1815/1815/1815
f 1816/1816/1816 1817/1817/1817 1818/1818/1818
f 1819/1819/1819 1820/1820/1820 1821/1821/1821
f 1822/1822/1822 1823/1823/1823 1824/1824/1824
f 1825/1825/1825 1826/1826/1826 1827/1827/1827
f 1828/1828/1828 1829/1829/1829 1830/1830/1830
f 1831/1831/1831 1832/1832/1832 1833/1833/1833
f 1834/1834/1834 1835/1835/1835 1836/1836/1836
f 1837/1837/1837 1838/1838/1838 1839/1839/1839
f 1840/1840/1840 1841/1841/1841 1842/1842/1842
f 1843/1843/1843 1844/1844/1844 1845/1845/1845
f 1846/1846/1846 1847/1847/1847 1848/1848/1848
f 1849/1849/1849 1850/1850/1850 1851/1851/1851
f 1852/1852/1852 1853/1853/1853 1854/1854/1854
f 1855/1855/1855 1856/1856/1856 1857/1857/1857
f 1858/1858/1858 1859/1859/1859 1860/1860/1860
f 1861/1861/1861 1862/1862/1862 1863/1863/1863
f 1864/1864/1864 1865/1865/1865 1866/1866/1866
f 1867/1867/1867 1868/1868/1868 1869/1869/1869
f 1870/1870/1870 1871/1871/1871 1872/1872/1872
f 1873/1873/1873 1874/1874/1874 1875/1875/1875
f 1876/1876/1876 1877/1877/1877 1878/1878/1878
f 1879/1879/1879 1880/1880/1880 1881/1881/1881
f 1882/1882/1882 1883/1883/1883 1884/1884/1884
f 1885/1885/1885 1886/1886/1886 1887/1887/1887
f 1888/1888/1888 1889/1889/1889 1890/1890/1890
f 1891/1891/1891 1892/1892/1892 1893/1893/1893
f 1894/1894/1894 1895/1895/1895 1896/1896/1896
f 1897/1897/1897 1898/1898/1898 1899/1899/1899
f 1900/1900/1900 1901/1901/1901 1902/1902/1902
f 1903/1903/1903 1904/1904/1904 1905/1905/1905
f 1906/1906/1906 1907/1907/1907 1908/1908/1908
f 1909/1909/1909 1910/1910/1910 1911/1911/1911
f 1912/1912/1912 1913/1913/1913 1914/1914/1914
f 1915/1915/1915 1916/1916/1916 1917/1917/1917
f 1918/1918/1918 1919/1919/1919 1920/1920/1920
f 1921/1921/1921 1922/1922/1922 1923/1923/1923
f 1924/1924/1924 1925/1925/1925 1926/1926/1926
f 1927/1927/1927 1928/1928/1928 1929/1929/1929
f 1930/1930/1930 1931/1931/1931 1932/1932/1932
f 1933/1933/1933 1934/1934/1934 1935/1935/1935
f 1936/1936/1936 1937/1937/1937 1938/1938/1938
f 1939/1939/1939 1940/1940/1940 1941/1941/1941
f 1942/1942/1942 1943/1943/1943 1944/1944/1944
f 1945/1945/1945 1946/1946/1946 1947/1947/1947
f 1948/1948/1948 1949/1949/1949 1950/1950/1950
f 1951/1951/1951 1952/1952/1952 1953/1953/1953
f 1954/1954/1954 1955/1955/1955 1956/1956/1956
f 1957/1957/1957 1958/1958/1958 1959/1959/1959
f 1960/1960/1960 1961/1961/1961 1962/1962/1962
f 1963/1963/1963 1964/1964/1964 1965/1965/1965
f 1966/1966/1966 1967/1967/1967 1968/1968/1968
f 1969/1969/1969 1970/1970/1970 1971/1971/1971
f 1972/1972/1972 1973/1973/1973 1974/1974/1974
f 1975/1975/1975 1976/1976/1976 1977/1977/1977
f 1978/1978/1978 1979/1979/1979 1980/1980/1980
f 1981/1981/1981 1982/1982/1982 1983/1983/1983
f 1984/1984/1984 1985/1985/1985 1986/1986/1986
f 1987/1987/1987 1988/1988/1988 1989/1989/1989
f 1990/1990/1990 1991/1991/1991 1992/1992/1992
f 1993/1993/1993 1994/1994/1994 1995/1995/1995
f 1996/1996/1996 1997/1997/1997 1998/1998/1998
f 1999/1999/1999 2000/2000/2000 2001/2001/2001
f 2002/2002/2002 2003/2003/2003 2004/2004/2004
f 2005/2005/2005 2006/2006/2006 2007/2007/2007
f 2008/2008/2008 2009/2009/2009 2010/2010/2010
f 2011/2011/2011 2012/2012/2012 2013/2013/2013
f 2014/2014/2014 2015/2015/2015 2016/2016/2016
f 2017/2017/2017 2018/2018/2018 2019/2019/2019
f 2020/2020/2020 2021/2021/2021 2022/2022/2022
f 2023/2023/2023 2024/2024/2024 2025/2025/2025
f 2026/2026/2026 2027/2027/2027 2028/2028/2028
f 2029/2029/2029 2030/2030/2030 2031/2031/2031
f 2032/2032/2032 2033/2033/2033 2034/2034/2034
f 2035/2035/2035 2036/2036/2036 2037/2037/2037
f 2038/2038/2038 2039/2039/2039 2040/2040/2040
f 2041/2041/2041 2042/2042/2042 2043/2043/2043
f 2044/2044/2044 2045/2045/2045 2046/2046/2046
f 2047/2047/2047 2048/2048/2048 2049/2049/2049
f 2050/2050/2050 2051/2051/2051 2052/2052/2052
f 2053/2053/2053 2054/2054/2054 2055/2055/2055
f 2056/2056/2056 2057/2057/2057 2058/2058/2058
f 2059/2059/2059 2060/2060/2060 2061/2061/2061
f 2062/2062/2062 2063/2063/2063 2064/2064/2064
f 2065/2065/2065 2066/2066/2066 2067/2067/2067
f 2068/2068/2068 2069/2069/2069 2070/2070/2070
f 2071/2071/2071 2072/2072/2072 2073/2073/2073
f 2074/2074/2074 2075/2075/2075 2076/2076/2076
f 2077/2077/2077 2078/2078/2078 2079/2079/2079
f 2080/2080/2080 2081/2081/2081 2082/2082/2082
f 2083/2083/2083 2084/2084/2084 2085/2085/2085
f 2086/2086/2086 2087/2087/2087 2088/2088/2088
f 2089/2089/2089 2090/2090/2090 2091/2091/2091
f 2092/2092/2092 2093/2093/2093 2094/2094/2094
f 2095/2095/2095 2096/2096/2096 2097/2097/2097
f 2098/2098/2098 2099/2099/2099 2100/2100/2100
f 2101/2101/2101 2102/2102/2102 2103/2103/2103
f 2104/2104/2104 2105/2105/2105 2106/2106/2106
f 2107/2107/2107 2108/2108/2108 2109/2109/2109
f 2110/2110/2110 2111/2111/2111 2112/2112/2112
f 2113/2113/2113 2114/2114/2114 2115/2115/2115
f 2116/2116/2116 2117/2117/2117 2118/2118/2118
f 2119/2119/2119 2120/2120/2120 2121/2121/2121
f 2122/2122/2122 2123/2123/2123 2124/2124/2124
f 2125/2125/2125 2126/2126/2126 2127/2127/2127
f 2128/2128/2128 2129/2129/2129 2130/2130/2130
f 2131/2131/2131 2132/2132/2132 2133/2133/2133
f 2134/2134/2134 2135/2135/2135 2136/2136/2136
f 2137/2137/2137 2138/2138/2138 2139/2139/2139
f 2140/2140/2140 2141/2141/2141 2142/2142/2142
f 2143/2143/2143 2144/2144/2144 2145/2145/2145
f 2146/2146/2146 2147/2147/2147 2148/2148/2148
f 2149/2149/2149 2150/2150/2150 2151/2151/2151
f 2152/2152/2152 2153/2153/2153 2154/2154/2154
f 2155/2155/2155 2156/2156/2156 2157/2157/2157
f 2158/2158/2158 2159/2159/2159 2160/2160/2160
f 2161/2161/2161 2162/2162/2162 2163/2163/2163
f 2164/2164/2164 2165/2165/2165 2166/2166/2166
f 2167/2167/2167 2168/2168/2168 2169/2169/2169
f 2170/2170/2170 2171/2171/2171 2172/2172/2172
f 2173/2173/2173 2174/2174/2174 2175/2175/2175
f 2176/2176/2176 2177/2177/2177 2178/2178/2178
f 2179/2179/2179 2180/2180/2180 2181/2181/2181
f 2182/2182/2182 2183/2183/2183 2184/2184/2184
f 2185/2185/2185 2186/2186/2186 2187/2187/2187
f 2188/2188/2188 2189/2189/2189 2190/2190/2190
f 2191/2191/2191 2192/2192/2192 2193/2193/2193
f 2194/2194/2194 2195/2195/2195 2196/2196/2196
f 2197/2197/2197 2198/2198/2198 2199/2199/2199
f 2200/2200/2200 2201/2201/2201 2202/2202/2202
f 2203/2203/2203 2204/2204/2204 2205/2205/2205
f 2206/2206/2206 2207/2207/2207 2208/2208/2208
f 2209/2209/2209 2210/2210/2210 2211/2211/2211
f 2212/2212/2212 2213/2213/2213 2214/2214/2214
f 2215/2215/2215 2216/2216/2216 2217/2217/2217
f 2218/2218/2218 2219/2219/2219 2220/2220/2220
f 2221/2221/2221 2222/2222/2222 2223/2223/2223
f 2224/2224/2224 2225/2225/2225 2226/2226/2226
f 2227/2227/2227 2228/2228/2228 2229/2229/2229
f 2230/2230/2230 2231/2231/2231 2232/2232/2232
f 2233/2233/2233 2234/2234/2234 2235/2235/2235
f 2236/2236/2236 2237/2237/2237 2238/2238/2238
f 2239/2239/2239 2240/2240/2240 2241/2241/2241
f 2242/2242/2242 2243/2243/2243 2244/2244/2244
f 2245/2245/2245 2246/2246/2246 2247/2247/2247
f 2248/2248/2248 2249/2249/2249 2250/2250/2250
f 2251/2251/2251 2252/2252/2252 2253/2253/2253
f 2254/2254/2254 2255/2255/2255 2256/2256/2256
f 2257/2257/2257 2258/2258/2258 2259/2259/2259
f 2260/2260/2260 2261/2261/2261 2262/2262/2262
f 2263/2263/2263 2264/2264/2264 2265/2265/2265
f 2266/2266/2266 2267/2267/2267 2268/2268/2268
f 2269/2269/2269 2270/2270/2270 2271/2271/2271
f 2272/2272/2272 2273/2273/2273 2274/2274/2274
f 2275/2275/2275 2276/2276/2276 2277/2277/2277
f 2278/2278/2278 2279/2279/2279 2280/2280/2280
f 2281/2281/2281 2282/2282/2282 2283/2283/2283
f 2284/2284/2284 2285/2285/2285 2286/2286/2286
f 2287/2287/2287 2288/2288/2288 2289/2289/2289
f 2290/2290/2290 2291/2291/2291 2292/2292/2292
f 2293/2293/2293 2294/2294/2294 2295/2295/2295
f 2296/2296/2296 2297/2297/2297 2298/2298/2298
f 2299/2299/2299 2300/2300/2300 2301/2301/2301
f 2302/2302/2302 2303/2303/2303 2304/2304/2304
f 2305/2305/2305 2306/2306/2306 2307/2307/2307
f 2308/2308/2308 2309/2309/2309 2310/2310/2310
f 2311/2311/2311 2312/2312/2312 2313/2313/2313
f 2314/2314/2314 2315/2315/2315 2316/2316/2316
f 2317/2317/2317 2318/2318/2318 2319/2319/2319
f 2320/2320/2320 2321/2321/2321 2322/2322/2322
f 2323/2323/2323 2324/2324/2324 2325/2325/2325
f 2326/2326/2326 2327/2327/2327 2328/2328/2328
f 2329/2329/2329 2330/2330/2330 2331/2331/2331
f 2332/2332/2332 2333/2333/2333 2334/2334/2334
f 2335/2335/2335 2336/2336/2336 2337/2337/2337
f 2338/2338/2338 2339/2339/2339 2340/2340/2340
f 2341/2341/2341 2342/2342/2342 2343/2343/2343
f 2344/2344/2344 2345/2345/2345 2346/2346/2346
f 2347/2347/2347 2348/2348/2348 2349/2349/2349
f 2350/2350/2350 2351/2351/2351 2352/2352/2352
f 2353/2353/2353 2354/2354/2354 2355/2355/2355
f 2356/2356/2356 2357/2357/2357 2358/2358/2358
f 2359/2359/2359 2360/2360/2360 2361/2361/2361
f 2362/2362/2362 2363/2363/2363 2364/2364/2364
f 2365/2365/2365 2366/2366/2366 2367/2367/2367
f 2368/2368/2368 2369/2369/2369 2370/2370/2370
f 2371/2371/2371 2372/2372/2372 2373/2373/2373
f 2374/2374/2374 2375/2375/2375 2376/2376/2376
f 2377/2377/2377 2378/2378/2378 2379/2379/2379
f 2380/2380/2380 2381/2381/2381 2382/2382/2382
f 2383/2383/2383 2384/2384/2384 2385/2385/2385
f 2386/2386/2386 2387/2387/2387 2388/2388/2388
f 2389/2389/2389 2390/2390/2390 2391/2391/2391
f 2392/2392/2392 2393/2393/2393 2394/2394/2394
f 2395/2395/2395 2396/2396/2396 2397/2397/2397
f 2398/2398/2398 2399/2399/2399 2400/2400/2400
f 2401/2401/2401 2402/2402/2402 2403/2403/2403
f 2404/2404/2404 2405/2405/2405 2406/2406/2406
f 2407/2407/2407 2408/2408/2408 2409/2409/2409
f 2410/2410/2410 2411/2411/2411 2412/2412/2412
f 2413/2413/2413 2414/2414/2414 2415/2415/2415
f 2416/2416/2416 2417/2417/2417 2418/2418/2418
f 2419/2419/2419 2420/2420/2420 2421/2421/2421
f 2422/2422/2422 2423/2423/2423 2424/2424/2424
f 2425/2425/2425 2426/2426/2426 2427/2427/2427
f 2428/2428/2428 2429/2429/2429 2430/2430/2430
f 2431/2431/2431 2432/2432/2432 2433/2433/2433
f 2434/2434/2434 2435/2435/2435 2436/2436/2436
f 2437/2437/2437 2438/2438/2438 2439/2439/2439
f 2440/2440/2440 2441/2441/2441 2442/2442/2442
f 2443/2443/2443 2444/2444/2444 2445/2445/2445
f 2446/2446/2446 2447/2447/2447 2448/2448/2448
f 2449/2449/2449 2450/2450/2450 2451/2451/2451
f 2452/2452/2452 2453/2453/2453 2454/2454/2454
f 2455/2455/2455 2456/2456/2456 2457/2457/2457
f 2458/2458/2458 2459/2459/2459 2460/2460/2460
f 2461/2461/2461 2462/2462/2462 2463/2463/2463
f 2464/2464/2464 2465/2465/2465 2466/2466/2466
f 2467/2467/2467 2468/2468/2468 2469/2469/2469
f 2470/2470/2470 2471/2471/2471 2472/2472/2472
f 2473/2473/2473 2474/2474/2474 2475/2475/2475
f 2476/2476/2476 2477/2477/2477 2478/2478/2478
f 2479/2479/2479 2480/2480/2480 2481/2481/2481
f 2482/2482/2482 2483/2483/2483 2484/2484/2484
f 2485/2485/2485 2486/2486/2486 2487/2487/2487
f 2488/2488/2488 2489/2489/2489 2490/2490/2490
f 2491/2491/2491 2492/2492/2492 2493/2493/2493
f 2494/2494/2494 2495/2495/2495 2496/2496/2496
f 2497/2497/2497 2498/2498/2498 2499/2499/2499
f 2500/2500/2500 2501/2501/2501 2502/2502/2502
f 2503/2503/2503 2504/2504/2504 2505/2505/2505
f 2506/2506/2506 2507/2507/2507 2508/2508/2508
f 2509/2509/2509 2510/2510/2510 2511/2511/2511
f 2512/2512/2512 2513/2513/2513 2514/2514/2514
f 2515/2515/2515 2516/2516/2516 2517/2517/2517
f 2518/2518/2518 2519/2519/2519 2520/2520/2520
f 2521/2521/2521 2522/2522/2522 2523/2523/2523
f 2524/2524/2524 2525/2525/2525 2526/2526/2526
f 2527/2527/2527 2528/2528/2528 2529/2529/2529
f 2530/2530/2530 2531/2531/2531 2532/2532/2532
f 2533/2533/2533 2534/2534/2534 2535/2535/2535
f 2536/2536/2536 2537/2537/2537 2538/2538/2538
f 2539/2539/2539 2540/2540/2540 2541/2541/2541
f 2542/2542/2542 2543/2543/2543 2544/2544/2544
f 2545/2545/2545 2546/2546/2546 2547/2547/2547
f 2548/2548/2548 2549/2549/2549 2550/2550/2550
f 2551/2551/2551 2552/2552/2552 2553/2553/2553
f 2554/2554/2554 2555/2555/2555 2556/2556/2556
f 2557/2557/2557 2558/2558/2558 2559/2559/2559
f 2560/2560/2560 2561/2561/2561 2562/2562/2562
f 2563/2563/2563 2564/2564/2564 2565/2565/2565
f 2566/2566/2566 2567/2567/2567 2568/2568/2568
f 2569/2569/2569 2570/2570/2570 2571/2571/2571
f 2572/2572/2572 2573/2573/2573 2574/2574/2574
f 2575/2575/2575 2576/2576/2576 2577/2577/2577
f 2578/2578/2578 2579/2579/2579 2580/2580/2580
f 2581/2581/2581 2582/2582/2582 2583/2583/2583
f 2584/2584/2584 2585/2585/2585 2586/2586/2586
f 2587/2587/2587 2588/2588/2588 2589/2589/2589
f 2590/2590/2590 2591/2591/2591 2592/2592/2592
f 2593/2593/2593 2594/2594/2594 2595/2595/2595
f 2596/2596/2596 2597/2597/2597 2598/2598/2598
f 2599/2599/2599 2600/2600/2600 2601/2601/2601
f 2602/2602/2602 2603/2603/2603 2604/2604/2604
f 2605/2605/2605 2606/2606/2606 2607/2607/2607
f 2608/2608/2608 2609/2609/2609 2610/2610/2610
f 2611/2611/2611 2612/2612/2612 2613/2613/2613
f 2614/2614/2614 2615/2615/2615 2616/2616/2616
f 2617/2617/2617 2618/2618/2618 2619/2619/2619
f 2620/2620/2620 2621/2621/2621 2622/2622/2622
f 2623/2623/2623 2624/2624/2624 2625/2625/2625
f 2626/2626/2626 2627/2627/2627 2628/2628/2628
f 2629/2629/2629 2630/2630/2630 2631/2631/2631
f 2632/2632/2632 2633/2633/2633 2634/2634/2634
f 2635/2635/2635 2636/2636/2636 2637/2637/2637
f 2638/2638/2638 2639/2639/2639 2640/2640/2640
f 2641/2641/2641 2642/2642/2642 2643/2643/2643
f 2644/2644/2644 2645/2645/2645 2646/2646/2646
f 2647/2647/2647 2648/2648/2648 2649/2649/2649
f 2650/2650/2650 2651/2651/2651 2652/2652/2652
f 2653/2653/2653 2654/2654/2654 2655/2655/2655
f 2656/2656/2656 2657/2657/2657 2658/2658/2658
f 2659/2659/2659 2660/2660/2660 2661/2661/2661
f 2662/2662/2662 2663/2663/2663 2664/2664/2664
f 2665/2665/2665 2666/2666/2666 2667/2667/2667
f 2668/2668/2668 2669/2669/2669 2670/2670/2670
f 2671/2671/2671 2672/2672/2672 2673/2673/2673
f 2674/2674/2674 2675/2675/2675 2676/2676/2676
f 2677/2677/2677 2678/2678/2678 2679/2679/2679
f 2680/2680/2680 2681/2681/2681 2682/2682/2682
f 2683/2683/2683 2684/2684/2684 2685/2685/2685
f 2686/2686/2686 2687/2687/2687 2688/2688/2688
f 2689/2689/2689 2690/2690/2690 2691/2691/2691
f 2692/2692/2692 2693/2693/2693 2694/2694/2694
f 2695/2695/2695 2696/2696/2696 2697/2697/2697
f 2698/2698/2698 2699/2699/2699 2700/2700/2700
f 2701/2701/2701 2702/2702/2702 2703/2703/2703
f 2704/2704/2704 2705/2705/2705 2706/2706/2706
f 2707/2707/2707 2708/2708/2708 2709/2709/2709
f 2710/2710/2710 2711/2711/2711 2712/2712/2712
f 2713/2713/2713 2714/2714/2714 2715/2715/2715
f 2716/2716/2716 2717/2717/2717 2718/2718/2718
f 2719/2719/2719 2720/2720/2720 2721/2721/2721
f 2722/2722/2722 2723/2723/2723 2724/2724/2724
f 2725/2725/2725 2726/2726/2726 2727/2727/2727
f 2728/2728/2728 2729/2729/2729 2730/2730/2730
f 2731/2731/2731 2732/2732/2732 2733/2733/2733
f 2734/2734/2734 2735/2735/2735 2736/2736/2736
f 2737/2737/2737 2738/2738/2738 2739/2739/2739
f 2740/2740/2740 2741/2741/2741 2742/2742/2742
f 2743/2743/2743 2744/2744/2744 2745/2745/2745
f 2746/2746/2746 2747/2747/2747 2748/2748/2748
f 2749/2749/2749 2750/2750/2750 2751/2751/2751
f 2752/2752/2752 2753/2753/2753 2754/2754/2754
f 2755/2755/2755 2756/2756/2756 2757/2757/2757
f 2758/2758/2758 2759/2759/2759 2760/2760/2760
f 2761/2761/2761 2762/2762/2762 2763/2763/2763
f 2764/2764/2764 2765/2765/2765 2766/2766/2766
f 2767/2767/2767 2768/2768/2768 2769/2769/2769
f 2770/2770/2770 2771/2771/2771 2772/2772/2772
f 2773/2773/2773 2774/2774/2774 2775/2775/2775
f 2776/2776/2776 2777/2777/2777 2778/2778/2778
f 2779/2779/2779 2780/2780/2780 2781/2781/2781
f 2782/2782/2782 2783/2783/2783 2784/2784/2784
f 2785/2785/2785 2786/2786/2786 2787/2787/2787
f 2788/2788/2788 2789/2789/2789 2790/2790/2790
f 2791/2791/2791 2792/2792/2792 2793/2793/2793
f 2794/2794/2794 2795/2795/2795 2796/2796/2796
f 2797/2797/2797 2798/2798/2798 2799/2799/2799
f 2800/2800/2800 2801/2801/2801 2802/2802/2802
f 2803/2803/2803 2804/2804/2804 2805/2805/2805
f 2806/2806/2806 2807/2807/2807 2808/2808/2808
f 2809/2809/2809 2810/2810/2810 2811/2811/2811
f 2812/2812/2812 2813/2813/2813 2814/2814/2814
f 2815/2815/2815 2816/2816/2816 2817/2817/2817
f 2818/2818/2818 2819/2819/2819 2820/2820/2820
f 2821/2821/2821 2822/2822/2822 2823/2823/2823
f 2824/2824/2824 2825/2825/2825 2826/2826/2826
f 2827/2827/2827 2828/2828/2828 2829/2829/2829
f 2830/2830/2830 2831/2831/2831 2832/2832/2832
f 2833/2833/2833 2834/2834/2834 2835/2835/2835
f 2836/2836/2836 2837/2837/2837 2838/2838/2838
f 2839/2839/2839 2840/2840/2840 2841/2841/2841
f 2842/2842/2842 2843/2843/2843 2844/2844/2844
f 2845/2845/2845 2846/2846/2846 2847/2847/2847
f 2848/2848/2848 2849/2849/2849 2850/2850/2850
f 2851/2851/2851 2852/2852/2852 2853/2853/2853
f 2854/2854/2854 2855/2855/2855 2856/2856/2856
f 2857/2857/2857 2858/2858/2858 2859/2859/2859
f 2860/2860/2860 2861/2861/2861 2862/2862/2862
f 2863/2863/2863 2864/2864/2864 2865/2865/2865
f 2866/2866/2866 2867/2867/2867 2868/2868/2868
f 2869/2869/2869 2870/2870/2870 2871/2871/2871
f 2872/2872/2872 2873/2873/2873 2874/2874/2874
f 2875/2875/2875 2876/2876/2876 2877/2877/2877
f 2878/2878/2878 2879/2879/2879 2880/2880/2880
f 2881/2881/2881 2882/2882/2882 2883/2883/2883
f 2884/2884/2884 2885/2885/2885 2886/2886/2886
f 2887/2887/2887 2888/2888/2888 2889/2889/2889
f 2890/2890/2890 2891/2891/2891 2892/2892/2892
f 2893/2893/2893 2894/2894/2894 2895/2895/2895
f 2896/2896/2896 2897/2897/2897 2898/2898/2898
f 2899/2899/2899 2900/2900/2900 2901/2901/2901
f 2902/2902/2902 2903/2903/2903 2904/2904/2904
f 2905/2905/2905 2906/2906/2906 2907/2907/2907
f 2908/2908/2908 2909/2909/2909 2910/2910/2910
f 2911/2911/2911 2912/2912/2912 2913/2913/2913
f 2914/2914/2914 2915/2915/2915 2916/2916/2916
f 2917/2917/2917 2918/2918/2918 2919/2919/2919
f 2920/2920/2920 2921/2921/2921 2922/2922/2922
f 2923/2923/2923 2924/2924/2924 2925/2925/2925
f 2926/2926/2926 2927/2927/2927 2928/2928/2928
f 2929/2929/2929 2930/2930/2930 2931/2931/2931
f 2932/2932/2932 2933/2933/2933 2934/2934/2934
f 2935/2935/2935 2936/2936/2936 2937/2937/2937
f 2938/2938/2938 2939/2939/2939 2940/2940/2940
f 2941/2941/2941 2942/2942/2942 2943/2943/2943
f 2944/2944/2944 2945/2945/2945 2946/2946/2946
f 2947/2947/2947 2948/2948/2948 2949/2949/2949
f 2950/2950/2950 2951/2951/2951 2952/2952/2952
f 2953/2953/2953 2954/2954/2954 2955/2955/2955
f 2956/2956/2956 2957/2957/2957 2958/2958/2958
f 2959/2959/2959 2960/2960/2960 2961/2961/2961
f 2962/2962/2962 2963/2963/2963 2964/2964/2964
f 2965/2965/2965 2966/2966/2966 2967/2967/2967
f 2968/2968/2968 2969/2969/2969 2970/2970/2970
f 2971/2971/2971 2972/2972/2972 2973/2973/2973
f 2974/2974/2974 2975/2975/2975 2976/2976/2976
f 2977/2977/2977 2978/2978/2978 2979/2979/2979
f 2980/2980/2980 2981/2981/2981 2982/2982/2982
f 2983/2983/2983 2984/2984/2984 2985/2985/2985
f 2986/2986/2986 2987/2987/2987 2988/2988/2988
f 2989/2989/2989 2990/2990/2990 2991/2991/2991
f 2992/2992/2992 2993/2993/2993 2994/2994/2994
f 2995/2995/2995 2996/2996/2996 2997/2997/2997
f 2998/2998/2998 2999/2999/2999 3000/3000/3000
f 3001/3001/3001 3002/3002/3002 3003/3003/3003
f 3004/3004/3004 3005/3005/3005 3006/3006/3006
f 3007/3007/3007 3008/3008/3008 3009/3009/3009
f 3010/3010/3010 3011/3011/3011 3012/3012/3012
f 3013/3013/3013 3014/3014/3014 3015/3015/3015
f 3016/3016/3016 3017/3017/3017 3018/3018/3018
f 3019/3019/3019 3020/3020/3020 3021/3021/3021
f 3022/3022/3022 3023/3023/3023 3024/3024/3024
f 3025/3025/3025 3026/3026/3026 3027/3027/3027
f 3028/3028/3028 3029/3029/3029 3030/3030/3030
f 3031/3031/3031 3032/3032/3032 3033/3033/3033
f 3034/3034/3034 3035/3035/3035 3036/3036/3036
f 3037/3037/3037 3038/3038/3038 3039/3039/3039
f 3040/3040/3040 3041/3041/3041 3042/3042/3042
f 3043/3043/3043 3044/3044/3044 3045/3045/3045
f 3046/3046/3046 3047/3047/3047 3048/3048/3048
f 3049/3049/3049 3050/3050/3050 3051/3051/3051
f 3052/3052/3052 3053/3053/3053 3054/3054/3054
f 3055/3055/3055 3056/3056/3056 3057/3057/3057
f 3058/3058/3058 3059/3059/3059 3060/3060/3060
f 3061/3061/3061 3062/3062/3062 3063/3063/3063
f 3064/3064/3064 3065/3065/3065 3066/3066/3066
f 3067/3067/3067 3068/3068/3068 3069/3069/3069
f 3070/3070/3070 3071/3071/3071 3072/3072/3072
f 3073/3073/3073 3074/3074/3074 3075/3075/3075
f 3076/3076/3076 3077/3077/3077 3078/3078/3078
f 3079/3079/3079 3080/3080/3080 3081/3081/3081
f 3082/3082/3082 3083/3083/3083 3084/3084/3084
f 3085/3085/3085 3086/3086/3086 3087/3087/3087
f 3088/3088/3088 3089/3089/3089 3090/3090/3090
f 3091/3091/3091 3092/3092/3092 3093/3093/3093
f 3094/3094/3094 3095/3095/3095 3096/3096/3096
f 3097/3097/3097 3098/3098/3098 3099/3099/3099
f 3100/3100/3100 3101/3101/3101 3102/3102/3102
f 3103/3103/3103 3104/3104/3104 3105/3105/3105
f 3106/3106/3106 3107/3107/3107 3108/3108/3108
f 3109/3109/3109 3110/3110/3110 3111/3111/3111
f 3112/3112/3112 3113/3113/3113 3114/3114/3114
f 3115/3115/3115 3116/3116/3116 3117/3117/3117
f 3118/3118/3118 3119/3119/3119 3120/3120/3120
f 3121/3121/3121 3122/3122/3122 3123/3123/3123
f 3124/3124/3124 3125/3125/3125 3126/3126/3126
f 3127/3127/3127 3128/3128/3128 3129/3129/3129
f 3130/3130/3130 3131/3131/3131 3132/3132/3132
f 3133/3133/3133 3134/3134/3134 3135/3135/3135
f 3136/3136/3136 3137/3137/3137 3138/3138/3138
f 3139/3139/3139 3140/3140/3140 3141/3141/3141
f 3142/3142/3142 3143/3143/3143 3144/3144/3144
f 3145/3145/3145 3146/3146/3146 3147/3147/3147
f 3148/3148/3148 3149/3149/3149 3150/3150/3150
f 3151/3151/3151 3152/3152/3152 3153/3153/3153
f 3154/3154/3154 3155/3155/3155 3156/3156/3156
f 3157/3157/3157 3158/3158/3158 3159/3159/3159
f 3160/3160/3160 3161/3161/3161 3162/3162/3162
f 3163/3163/3163 3164/3164/3164 3165/3165/3165
f 3166/3166/3166 3167/3167/3167 3168/3168/3168
f 3169/3169/3169 3170/3170/3170 3171/3171/3171
f 3172/3172/3172 3173/3173/3173 3174/3174/3174
f 3175/3175/3175 3176/3176/3176 3177/3177/3177
f 3178/3178/3178 3179/3179/3179 3180/3180/3180
f 3181/3181/3181 3182/3182/3182 3183/3183/3183
f 3184/3184/3184 3185/3185/3185 3186/3186/3186
f 3187/3187/3187 3188/3188/3188 3189/3189/3189
f 3190/3190/3190 3191/3191/3191 3192/3192/3192
f 3193/3193/3193 3194/3194/3194 3195/3195/3195
f 3196/3196/3196 3197/3197/3197 3198/3198/3198
f 3199/3199/3199 3200/3200/3200 3201/3201/3201
f 3202/3202/3202 3203/3203/3203 3204/3204/3204
f 3205/3205/3205 3206/3206/3206 3207/3207/3207
f 3208/3208/3208 3209/3209/3209 3210/3210/3210
f 3211/3211/3211 3212/3212/3212 3213/3213/3213
f 3214/3214/3214 3215/3215/3215 3216/3216/3216
f 3217/3217/3217 3218/3218/3218 3219/3219/3219
f 3220/3220/3220 3221/3221/3221 3222/3222/3222
f 3223/3223/3223 3224/3224/3224 3225/3225/3225
f 3226/3226/3226 3227/3227/3227 3228/3228/3228
f 3229/3229/3229 3230/3230/3230 3231/3231/3231
f 3232/3232/3232 3233/3233/3233 3234/3234/3234
f 3235/3235/3235 3236/3236/3236 3237/3237/3237
f 3238/3238/3238 3239/3239/3239 3240/3240/3240
f 3241/3241/3241 3242/3242/3242 3243/3243/3243
f 3244/3244/3244 3245/3245/3245 3246/3246/3246
f 3247/3247/3247 3248/3248/3248 3249/3249/3249
f 3250/3250/3250 3251/3251/3251 3252/3252/3252
f 3253/3253/3253 3254/3254/3254 3255/3255/3255
f 3256/3256/3256 3257/3257/3257 3258/3258/3258
f 3259/3259/3259 3260/3260/3260 3261/3261/3261
f 3262/3262/3262 3263/3263/3263 3264/3264/3264
f 3265/3265/3265 3266/3266/3266 3267/3267/3267
f 3268/3268/3268 3269/3269/3269 3270/3270/3270
f 3271/3271/3271 3272/3272/3272 3273/3273/3273
f 3274/3274/3274 3275/3275/3275 3276/3276/3276
f 3277/3277/3277 3278/3278/3278 3279/3279/3279
f 3280/3280/3280 3281/3281/3281 3282/3282/3282
f 3283/3283/3283 3284/3284/3284 3285/3285/3285
f 3286/3286/3286 3287/3287/3287 3288/3288/3288
f 3289/3289/3289 3290/3290/3290 3291/3291/3291
f 3292/3292/3292 3293/3293/3293 3294/3294/3294
f 3295/3295/3295 3296/3296/3296 3297/3297/3297
f 3298/3298/3298 3299/3299/3299 3300/3300/3300
f 3301/3301/3301 3302/3302/3302 3303/3303/3303
f 3304/3304/3304 3305/3305/3305 3306/3306/3306
f 3307/3307/3307 3308/3308/3308 3309/3309/3309
f 3310/3310/3310 3311/3311/3311 3312/3312/3312
f 3313/3313/3313 3314/3314/3314 3315/3315/3315
f 3316/3316/3316 3317/3317/3317 3318/3318/3318
f 3319/3319/3319 3320/3320/3320 3321/3321/3321
f 3322/3322/3322 3323/3323/3323 3324/3324/3324
f 3325/3325/3325 3326/3326/3326 3327/3327/3327
f 3328/3328/3328 3329/3329/3329 3330/3330/3330
f 3331/3331/3331 3332/3332/3332 3333/3333/3333
f 3334/3334/3334 3335/3335/3335 3336/3336/3336
f 3337/3337/3337 3338/3338/3338 3339/3339/3339
f 3340/3340/3340 3341/3341/3341 3342/3342/3342
f 3343/3343/3343 3344/3344/3344 3345/3345/3345
f 3346/3346/3346 3347/3347/3347 3348/3348/3348
f 3349/3349/3349 3350/3350/3350 3351/3351/3351
f 3352/3352/3352 3353/3353/3353 3354/3354/3354
f 3355/3355/3355 3356/3356/3356 3357/3357/3357
f 3358/3358/3358 3359/3359/3359 3360/3360/3360
f 3361/3361/3361 3362/3362/3362 3363/3363/3363
f 3364/3364/3364 3365/3365/3365 3366/3366/3366
f 3367/3367/3367 3368/3368/3368 3369/3369/3369
f 3370/3370/3370 3371/3371/3371 3372/3372/3372
f 3373/3373/3373 3374/3374/3374 3375/3375/3375
f 3376/3376/3376 3377/3377/3377 3378/3378/3378
f 3379/3379/3379 3380/3380/3380 3381/3381/3381
f 3382/3382/3382 3383/3383/3383 3384/3384/3384
f 3385/3385/3385 3386/3386/3386 3387/3387/3387
f 3388/3388/3388 3389/3389/3389 3390/3390/3390
f 3391/3391/3391 3392/3392/3392 3393/3393/3393
f 3394/3394/3394 3395/3395/3395 3396/3396/3396
f 3397/3397/3397 3398/3398/3398 3399/3399/3399
f 3400/3400/3400 3401/3401/3401 3402/3402/3402
f 3403/3403/3403 3404/3404/3404 3405/3405/3405
f 3406/3406/3406 3407/3407/3407 3408/3408/3408
f 3409/3409/3409 3410/3410/3410 3411/3411/3411
f 3412/3412/3412 3413/3413/3413 3414/3414/3414
f 3415/3415/3415 3416/3416/3416 3417/3417/3417
f 3418/3418/3418 3419/3419/3419 3420/3420/3420
f 3421/3421/3421 3422/3422/3422 3423/3423/3423
f 3424/3424/3424 3425/3425/3425 3426/3426/3426
f 3427/3427/3427 3428/3428/3428 3429/3429/3429
f 3430/3430/3430 3431/3431/3431 3432/3432/3432
f 3433/3433/3433 3434/3434/3434 3435/3435/3435
f 3436/3436/3436 3437/3437/3437 3438/3438/3438
f 3439/3439/3439 3440/3440/3440 3441/3441/3441
f 3442/3442/3442 3443/3443/3443 3444/3444/3444
f 3445/3445/3445 3446/3446/3446 3447/3447/3447
f 3448/3448/3448 3449/3449/3449 3450/3450/3450
f 3451/3451/3451 3452/3452/3452 3453/3453/3453
f 3454/3454/3454 3455/3455/3455 3456/3456/3456
f 3457/3457/3457 3458/3458/3458 3459/3459/3459
f 3460/3460/3460 3461/3461/3461 3462/3462/3462
f 3463/3463/3463 3464/3464/3464 3465/3465/3465
f 3466/3466/3466 3467/3467/3467 3468/3468/3468
f 3469/3469/3469 3470/3470/3470 3471/3471/3471
f 3472/3472/3472 3473/3473/3473 3474/3474/3474
f 3475/3475/3475 3476/3476/3476 3477/3477/3477
f 3478/3478/3478 3479/3479/3479 3480/3480/3480
f 3481/3481/3481 3482/3482/3482 3483/3483/3483
f 3484/3484/3484 3485/3485/3485 3486/3486/3486
f 3487/3487/3487 3488/3488/3488 3489/3489/3489
f 3490/3490/3490 3491/3491/3491 3492/3492/3492
f 3493/3493/3493 3494/3494/3494 3495/3495/3495
f 3496/3496/3496 3497/3497/3497 3498/3498/3498
f 3499/3499/3499 3500/3500/3500 3501/3501/3501
f 3502/3502/3502 3503/3503/3503 3504/3504/3504
f 3505/3505/3505 3506/3506/3506 3507/3507/3507
f 3508/3508/3508 3509/3509/3509 3510/3510/3510
f 3511/3511/3511 3512/3512/3512 3513/3513/3513
f 3514/3514/3514 3515/3515/3515 3516/3516/3516
f 3517/3517/3517 3518/3518/3518 3519/3519/3519
f 3520/3520/3520 3521/3521/3521 3522/3522/3522
f 3523/3523/3523 3524/3524/3524 3525/3525/3525
f 3526/3526/3526 3527/3527/3527 3528/3528/3528
f 3529/3529/3529 3530/3530/3530 3531/3531/3531
f 3532/3532/3532 3533/3533/3533 3534/3534/3534
f 3535/3535/3535 3536/3536/3536 3537/3537/3537
f 3538/3538/3538 3539/3539/3539 3540/3540/3540
f 3541/3541/3541 3542/3542/3542 3543/3543/3543
f 3544/3544/3544 3545/3545/3545 3546/3546/3546
f 3547/3547/3547 3548/3548/3548 3549/3549/3549
f 3550/3550/3550 3551/3551/3551 3552/3552/3552
f 3553/3553/3553 3554/3554/3554 3555/3555/3555
f 3556/3556/3556 3557/3557/3557 3558/3558/3558
f 3559/3559/3559 3560/3560/3560 3561/3561/3561
f 3562/3562/3562 3563/3563/3563 3564/3564/3564
f 3565/3565/3565 3566/3566/3566 3567/3567/3567
f 3568/3568/3568 3569/3569/3569 3570/3570/3570
f 3571/3571/3571 3572/3572/3572 3573/3573/3573
f 3574/3574/3574 3575/3575/3575 3576/3576/3576
f 3577/3577/3577 3578/3578/3578 3579/3579/3579
f 3580/3580/3580 3581/3581/3581 3582/3582/3582
f 3583/3583/3583 3584/3584/3584 3585/3585/3585
f 3586/3586/3586 3587/3587/3587 3588/3588/3588
f 3589/3589/3589 3590/3590/3590 3591/3591/3591
f 3592/3592/3592 3593/3593/3593 3594/3594/3594
f 3595/3595/3595 3596/3596/3596 3597/3597/3597
f 3598/3598/3598 3599/3599/3599 3600/3600/3600
f 3601/3601/3601 3602/3602/3602 3603/3603/3603
f 3604/3604/3604 3605/3605/3605 3606/3606/3606
f 3607/3607/3607 3608/3608/3608 3609/3609/3609
f 3610/3610/3610 3611/3611/3611 3612/3612/3612
f 3613/3613/3613 3614/3614/3614 3615/3615/3615
f 3616/3616/3616 3617/3617/3617 3618/3618/3618
f 3619/3619/3619 3620/3620/3620 3621/3621/3621
f 3622/3622/3622 3623/3623/3623 3624/3624/3624
f 3625/3625/3625 3626/3626/3626 3627/3627/3627
f 3628/3628/3628 3629/3629/3629 3630/3630/3630
f 3631/3631/3631 3632/3632/3632 3633/3633/3633
f 3634/3634/3634 3635/3635/3635 3636/3636/3636
f 3637/3637/3637 3638/3638/3638 3639/3639/3639
f 3640/3640/3640 3641/3641/3641 3642/3642/3642
f 3643/3643/3643 3644/3644/3644 3645/3645/3645
f 3646/3646/3646 3647/3647/3647 3648/3648/3648
f 3649/3649/3649 3650/3650/3650 3651/3651/3651
f 3652/3652/3652 3653/3653/3653 3654/3654/3654
f 3655/3655/3655 3656/3656/3656 3657/3657/3657
f 3658/3658/3658 3659/3659/3659 3660/3660/3660
f 3661/3661/3661 3662/3662/3662 3663/3663/3663
f 3664/3664/3664 3665/3665/3665 3666/3666/3666
f 3667/3667/3667 3668/3668/3668 3669/3669/3669
f 3670/3670/3670 3671/3671/3671 3672/3672/3672
f 3673/3673/3673 3674/3674/3674 3675/3675/3675
f 3676/3676/3676 3677/3677/3677 3678/3678/3678
f 3679/3679/3679 3680/3680/3680 3681/3681/3681
f 3682/3682/3682 3683/3683/3683 3684/3684/3684
f 3685/3685/3685 3686/3686/3686 3687/3687/3687
f 3688/3688/3688 3689/3689/3689 3690/3690/3690
f 3691/3691/3691 3692/3692/3692 3693/3693/3693
f 3694/3694/3694 3695/3695/3695 3696/3696/3696
f 3697/3697/3697 3698/3698/3698 3699/3699/3699
f 3700/3700/3700 3701/3701/3701 3702/3702/3702
f 3703/3703/3703 3704/3704/3704 3705/3705/3705
f 3706/3706/3706 3707/3707/3707 3708/3708/3708
f 3709/3709/3709 3710/3710/3710 3711/3711/3711
f 3712/3712/3712 3713/3713/3713 3714/3714/3714
f 3715/3715/3715 3716/3716/3716 3717/3717/3717
f 3718/3718/3718 3719/3719/3719 3720/3720/3720
f 3721/3721/3721 3722/3722/3722 3723/3723/3723
f 3724/3724/3724 3725/3725/3725 3726/3726/3726
f 3727/3727/3727 3728/3728/3728 3729/3729/3729
f 3730/3730/3730 3731/3731/3731 3732/3732/3732
f 3733/3733/3733 3734/3734/3734 3735/3735/3735
f 3736/3736/3736 3737/3737/3737 3738/3738/3738
f 3739/3739/3739 3740/3740/3740 3741/3741/3741
f 3742/3742/3742 3743/3743/3743 3744/3744/3744
f 3745/3745/3745 3746/3746/3746 3747/3747/3747
f 3748/3748/3748 3749/3749/3749 3750/3750/3750
f 3751/3751/3751 3752/3752/3752 3753/3753/3753
f 3754/3754/3754 3755/3755/3755 3756/3756/3756
f 3757/3757/3757 3758/3758/3758 3759/3759/3759
f 3760/3760/3760 3761/3761/3761 3762/3762/3762
f 3763/3763/3763 3764/3764/3764 3765/3765/3765
f 3766/3766/3766 3767/3767/3767 3768/3768/3768
f 3769/3769/3769 3770/3770/3770 3771/3771/3771
f 3772/3772/3772 3773/3773/3773 3774/3774/3774
f 3775/3775/3775 3776/3776/3776 3777/3777/3777
f 3778/3778/3778 3779/3779/3779 3780/3780/3780
f 3781/3781/3781 3782/3782/3782 3783/3783/3783
f 3784/3784/3784 3785/3785/3785 3786/3786/3786
f 3787/3787/3787 3788/3788/3788 3789/3789/3789
f 3790/3790/3790 3791/3791/3791 3792/3792/3792
f 3793/3793/3793 3794/3794/3794 3795/3795/3795
f 3796/3796/3796 3797/3797/3797 3798/3798/3798
f 3799/3799/3799 3800/3800/3800 3801/3801/3801
f 3802/3802/3802 3803/3803/3803 3804/3804/3804
f 3805/3805/3805 3806/3806/3806 3807/3807/3807
f 3808/3808/3808 3809/3809/3809 3810/3810/3810
f 3811/3811/3811 3812/3812/3812 3813/3813/3813
f 3814/3814/3814 3815/3815/3815 3816/3816/3816
f 3817/3817/3817 3818/3818/3818 3819/3819/3819
f 3820/3820/3820 3821/3821/3821 3822/3822/3822
f 3823/3823/3823 3824/3824/3824 3825/3825/3825
f 3826/3826/3826 3827/3827/3827 3828/3828/3828
f 3829/3829/3829 3830/3830/3830 3831/3831/3831
f 3832/3832/3832 3833/3833/3833 3834/3834/3834
f 3835/3835/3835 3836/3836/3836 3837/3837/3837
f 3838/3838/3838 3839/3839/3839 3840/3840/3840
f 3841/3841/3841 3842/3842/3842 3843/3843/3843
f 3844/3844/3844 3845/3845/3845 3846/3846/3846
f 3847/3847/3847 3848/3848/3848 3849/3849/3849
f 3850/3850/3850 3851/3851/3851 3852/3852/3852
f 3853/3853/3853 3854/3854/3854 3855/3855/3855
f 3856/3856/3856 3857/3857/3857 3858/3858/3858
f 3859/3859/3859 3860/3860/3860 3861/3861/3861
f 3862/3862/3862 3863/3863/3863 3864/3864/3864
f 3865/3865/3865 3866/3866/3866 3867/3867/3867
f 3868/3868/3868 3869/3869/3869 3870/3870/3870
f 3871/3871/3871 3872/3872/3872 3873/3873/3873
f 3874/3874/3874 3875/3875/3875 3876/3876/3876
f 3877/3877/3877 3878/3878/3878 3879/3879/3879
f 3880/3880/3880 3881/3881/3881 3882/3882/3882
f 3883/3883/3883 3884/3884/3884 3885/3885/3885
f 3886/3886/3886 3887/3887/3887 3888/3888/3888
f 3889/3889/3889 3890/3890/3890 3891/3891/3891
f 3892/3892/3892 3893/3893/3893 3894/3894/3894
f 3895/3895/3895 3896/3896/3896 3897/3897/3897
f 3898/3898/3898 3899/3899/3899 3900/3900/3900
f 3901/3901/3901 3902/3902/3902 3903/3903/3903
f 3904/3904/3904 3905/3905/3905 3906/3906/3906
f 3907/3907/3907 3908/3908/3908 3909/3909/3909
f 3910/3910/3910 3911/3911/3911 3912/3912/3912
f 3913/3913/3913 3914/3914/3914 3915/3915/3915
f 3916/3916/3916 3917/3917/3917 3918/3918/3918
f 3919/3919/3919 3920/3920/3920 3921/3921/3921
f 3922/3922/3922 3923/3923/3923 3924/3924/3924
f 3925/3925/3925 3926/3926/3926 3927/3927/3927
f 3928/3928/3928 3929/3929/3929 3930/3930/3930
f 3931/3931/3931 3932/3932/3932 3933/3933/3933
f 3934/3934/3934 3935/3935/3935 3936/3936/3936
f 3937/3937/3937 3938/3938/3938 3939/3939/3939
f 3940/3940/3940 3941/3941/3941 3942/3942/3942
f 3943/3943/3943 3944/3944/3944 3945/3945/3945
f 3946/3946/3946 3947/3947/3947 3948/3948/3948
f 3949/3949/3949 3950/3950/3950 3951/3951/3951
f 3952/3952/3952 3953/3953/3953 3954/3954/3954
f 3955/3955/3955 3956/3956/3956 3957/3957/3957
f 3958/3958/3958 3959/3959/3959 3960/3960/3960
f 3961/3961/3961 3962/3962/3962 3963/3963/3963
f 3964/3964/3964 3965/3965/3965 3966/3966/3966
f 3967/3967/3967 3968/3968/3968 3969/3969/3969
f 3970/3970/3970 3971/3971/3971 3972/3972/3972
f 3973/3973/3973 3974/3974/3974 3975/3975/3975
f 3976/3976/3976 3977/3977/3977 3978/3978/3978
f 3979/3979/3979 3980/3980/3980 3981/3981/3981
f 3982/3982/3982 3983/3983/3983 3984/3984/3984
f 3985/3985/3985 3986/3986/3986 3987/3987/3987
f 3988/3988/3988 3989/3989/3989 3990/3990/3990
f 3991/3991/3991 3992/3992/3992 3993/3993/3993
f 3994/3994/3994 3995/3995/3995 3996/3996/3996
f 3997/3997/3997 3998/3998/3998 3999/3999/3999
f 4000/4000/4000 4001/4001/4001 4002/4002/4002
f 4003/4003/4003 4004/4004/4004 4005/4005/4005
f 4006/4006/4006 4007/4007/4007 4008/4008/4008
f 4009/4009/4009 4010/4010/4010 4011/4011/4011
f 4012/4012/4012 4013/4013/4013 4014/4014/4014
f 4015/4015/4015 4016/4016/4016 4017/4017/4017
f 4018/4018/4018 4019/4019/4019 4020/4020/4020
f 4021/4021/4021 4022/4022/4022 4023/4023/4023
f 4024/4024/4024 4025/4025/4025 4026/4026/4026
f 4027/4027/4027 4028/4028/4028 4029/4029/4029
f 4030/4030/4030 4031/4031/4031 4032/4032/4032
f 4033/4033/4033 4034/4034/4034 4035/4035/4035
f 4036/4036/4036 4037/4037/4037 4038/4038/4038
f 4039/4039/4039 4040/4040/4040 4041/4041/4041
f 4042/4042/4042 4043/4043/4043 4044/4044/4044
f 4045/4045/4045 4046/4046/4046 4047/4047/4047
f 4048/4048/4048 4049/4049/4049 4050/4050/4050
f 4051/4051/4051 4052/4052/4052 4053/4053/4053
f 4054/4054/4054 4055/4055/4055 4056/4056/4056
f 4057/4057/4057 4058/4058/4058 4059/4059/4059
f 4060/4060/4060 4061/4061/4061 4062/4062/4062
f 4063/4063/4063 4064/4064/4064 4065/4065/4065
f 4066/4066/4066 4067/4067/4067 4068/4068/4068
f 4069/4069/4069 4070/4070/4070 4071/4071/4071
f 4072/4072/4072 4073/4073/4073 4074/4074/4074
f 4075/4075/4075 4076/4076/4076 4077/4077/4077
f 4078/4078/4078 4079/4079/4079 4080/4080/4080
f 4081/4081/4081 4082/4082/4082 4083/4083/4083
f 4084/4084/4084 4085/4085/4085 4086/4086/4086
f 4087/4087/4087 4088/4088/4088 4089/4089/4089
f 4090/4090/4090 4091/4091/4091 4092/4092/4092
f 4093/4093/4093 4094/4094/4094 4095/4095/4095
f 4096/4096/4096 4097/4097/4097 4098/4098/4098
f 4099/4099/4099 4100/4100/4100 4101/4101/4101
f 4102/4102/4102 4103/4103/4103 4104/4104/4104
f 4105/4105/4105 4106/4106/4106 4107/4107/4107
f 4108/4108/4108 4109/4109/4109 4110/4110/4110
f 4111/4111/4111 4112/4112/4112 4113/4113/4113
f 4114/4114/4114 4115/4115/4115 4116/4116/4116
f 4117/4117/4117 4118/4118/4118 4119/4119/4119
f 4120/4120/4120 4121/4121/4121 4122/4122/4122
f 4123/4123/4123 4124/4124/4124 4125/4125/4125
f 4126/4126/4126 4127/4127/4127 4128/4128/4128
f 4129/4129/4129 4130/4130/4130 4131/4131/4131
f 4132/4132/4132 4133/4133/4133 4134/4134/4134
f 4135/4135/4135 4136/4136/4136 4137/4137/4137
f 4138/4138/4138 4139/4139/4139 4140/4140/4140
f 4141/4141/4141 4142/4142/4142 4143/4143/4143
f 4144/4144/4144 4145/4145/4145 4146/4146/4146
f 4147/4147/4147 4148/4148/4148 4149/4149/4149
f 4150/4150/4150 4151/4151/4151 4152/4152/4152
f 4153/4153/4153 4154/4154/4154 4155/4155/4155
f 4156/4156/4156 4157/4157/4157 4158/4158/4158
f 4159/4159/4159 4160/4160/4160 4161/4161/4161
f 4162/4162/4162 4163/4163/4163 4164/4164/4164
f 4165/4165/4165 4166/4166/4166 4167/4167/4167
f 4168/4168/4168 4169/4169/4169 4170/4170/4170
f 4171/4171/4171 4172/4172/4172 4173/4173/4173
f 4174/4174/4174 4175/4175/4175 4176/4176/4176
f 4177/4177/4177 4178/4178/4178 4179/4179/4179
f 4180/4180/4180 4181/4181/4181 4182/4182/4182
f 4183/4183/4183 4184/4184/4184 4185/4185/4185
f 4186/4186/4186 4187/4187/4187 4188/4188/4188
f 4189/4189/4189 4190/4190/4190 4191/4191/4191
f 4192/4192/4192 4193/4193/4193 4194/4194/4194
f 4195/4195/4195 4196/4196/4196 4197/4197/4197
f 4198/4198/4198 4199/4199/4199 4200/4200/4200
f 4201/4201/4201 4202/4202/4202 4203/4203/4203
f 4204/4204/4204 4205/4205/4205 4206/4206/4206
f 4207/4207/4207 4208/4208/4208 4209/4209/4209
f 4210/4210/4210 4211/4211/4211 4212/4212/4212
f 4213/4213/4213 4214/4214/4214 4215/4215/4215
f 4216/4216/4216 4217/4217/4217 4218/4218/4218
f 4219/4219/4219 4220/4220/4220 4221/4221/4221
f 4222/4222/4222 4223/4223/4223 4224/4224/4224
f 4225/4225/4225 4226/4226/4226 4227/4227/4227
f 4228/4228/4228 4229/4229/4229 4230/4230/4230
f 4231/4231/4231 4232/4232/4232 4233/4233/4233
f 4234/4234/4234 4235/4235/4235 4236/4236/4236
f 4237/4237/4237 4238/4238/4238 4239/4239/4239
f 4240/4240/4240 4241/4241/4241 4242/4242/4242
f 4243/4243/4243 4244/4244/4244 4245/4245/4245
f 4246/4246/4246 4247/4247/4247 4248/4248/4248
f 4249/4249/4249 4250/4250/4250 4251/4251/4251
f 4252/4252/4252 4253/4253/4253 4254/4254/4254
f 4255/4255/4255 4256/4256/4256 4257/4257/4257
f 4258/4258/4258 4259/4259/4259 4260/4260/4260
f 4261/4261/4261 4262/4262/4262 4263/4263/4263
f 4264/4264/4264 4265/4265/4265 4266/4266/4266
f 4267/4267/4267 4268/4268/4268 4269/4269/4269
f 4270/4270/4270 4271/4271/4271 4272/4272/4272
f 4273/4273/4273 4274/4274/4274 4275/4275/4275
f 4276/4276/4276 4277/4277/4277 4278/4278/4278
f 4279/4279/4279 4280/4280/4280 4281/4281/4281
f 4282/4282/4282 4283/4283/4283 4284/4284/4284
f 4285/4285/4285 4286/4286/4286 4287/4287/4287
f 4288/4288/4288 4289/4289/4289 4290/4290/4290
f 4291/4291/4291 4292/4292/4292 4293/4293/4293
f 4294/4294/4294 4295/4295/4295 4296/4296/4296
f 4297/4297/4297 4298/4298/4298 4299/4299/4299
f 4300/4300/4300 4301/4301/4301 4302/4302/4302
f 4303/4303/4303 4304/4304/4304 4305/4305/4305
f 4306/4306/4306 4307/4307/4307 4308/4308/4308
f 4309/4309/4309 4310/4310/4310 4311/4311/4311
f 4312/4312/4312 4313/4313/4313 4314/4314/4314
f 4315/4315/4315 4316/4316/4316 4317/4317/4317
f 4318/4318/4318 4319/4319/4319 4320/4320/4320
f 4321/4321/4321 4322/4322/4322 4323/4323/4323
f 4324/4324/4324 4325/4325/4325 4326/4326/4326
f 4327/4327/4327 4328/4328/4328 4329/4329/4329
f 4330/4330/4330 4331/4331/4331 4332/4332/4332
f 4333/4333/4333 4334/4334/4334 4335/4335/4335
f 4336/4336/4336 4337/4337/4337 4338/4338/4338
f 4339/4339/4339 4340/4340/4340 4341/4341/4341
f 4342/4342/4342 4343/4343/4343 4344/4344/4344
f 4345/4345/4345 4346/4346/4346 4347/4347/4347
f 4348/4348/4348 4349/4349/4349 4350/4350/4350
f 4351/4351/4351 4352/4352/4352 4353/4353/4353
f 4354/4354/4354 4355/4355/4355 4356/4356/4356
f 4357/4357/4357 4358/4358/4358 4359/4359/4359
f 4360/4360/4360 4361/4361/4361 4362/4362/4362
f 4363/4363/4363 4364/4364/4364 4365/4365/4365
f 4366/4366/4366 4367/4367/4367 4368/4368/4368
f 4369/4369/4369 4370/4370/4370 4371/4371/4371
f 4372/4372/4372 4373/4373/4373 4374/4374/4374
f 4375/4375/4375 4376/4376/4376 4377/4377/4377
f 4378/4378/4378 4379/4379/4379 4380/4380/4380
f 4381/4381/4381 4382/4382/4382 4383/4383/4383
f 4384/4384/4384 4385/4385/4385 4386/4386/4386
f 4387/4387/4387 4388/4388/4388 4389/4389/4389
f 4390/4390/4390 4391/4391/4391 4392/4392/4392
f 4393/4393/4393 4394/4394/4394 4395/4395/4395
f 4396/4396/4396 4397/4397/4397 4398/4398/4398
f 4399/4399/4399 4400/4400/4400 4401/4401/4401
f 4402/4402/4402 4403/4403/4403 4404/4404/4404
f 4405/4405/4405 4406/4406/4406 4407/4407/4407
f 4408/4408/4408 4409/4409/4409 4410/4410/4410
f 4411/4411/4411 4412/4412/4412 4413/4413/4413
f 4414/4414/4414 4415/4415/4415 4416/4416/4416
f 4417/4417/4417 4418/4418/4418 4419/4419/4419
f 4420/4420/4420 4421/4421/4421 4422/4422/4422
f 4423/4423/4423 4424/4424/4424 4425/4425/4425
f 4426/4426/4426 4427/4427/4427 4428/4428/4428
f 4429/4429/4429 4430/4430/4430 4431/4431/4431
f 4432/4432/4432 4433/4433/4433 4434/4434/4434
f 4435/4435/4435 4436/4436/4436 4437/4437/4437
f 4438/4438/4438 4439/4439/4439 4440/4440/4440
f 4441/4441/4441 4442/4442/4442 4443/4443/4443
f 4444/4444/4444 4445/4445/4445 4446/4446/4446
f 4447/4447/4447 4448/4448/4448 4449/4449/4449
f 4450/4450/4450 4451/4451/4451 4452/4452/4452
f 4453/4453/4453 4454/4454/4454 4455/4455/4455
f 4456/4456/4456 4457/4457/4457 4458/4458/4458
f 4459/4459/4459 4460/4460/4460 4461/4461/4461
f 4462/4462/4462 4463/4463/4463 4464/4464/4464
f 4465/4465/4465 4466/4466/4466 4467/4467/4467
f 4468/4468/4468 4469/4469/4469 4470/4470/4470
f 4471/4471/4471 4472/4472/4472 4473/4473/4473
f 4474/4474/4474 4475/4475/4475 4476/4476/4476
f 4477/4477/4477 4478/4478/4478 4479/4479/4479
f 4480/4480/4480 4481/4481/4481 4482/4482/4482
f 4483/4483/4483 4484/4484/4484 4485/4485/4485
f 4486/4486/4486 4487/4487/4487 4488/4488/4488
f 4489/4489/4489 4490/4490/4490 4491/4491/4491
f 4492/4492/4492 4493/4493/4493 4494/4494/4494
f 4495/4495/4495 4496/4496/4496 4497/4497/4497
f 4498/4498/4498 4499/4499/4499 4500/4500/4500
f 4501/4501/4501 4502/4502/4502 4503/4503/4503
f 4504/4504/4504 4505/4505/4505 4506/4506/4506
f 4507/4507/4507 4508/4508/4508 4509/4509/4509
f 4510/4510/4510 4511/4511/4511 4512/4512/4512
f 4513/4513/4513 4514/4514/4514 4515/4515/4515
f 4516/4516/4516 4517/4517/4517 4518/4518/4518
f 4519/4519/4519 4520/4520/4520 4521/4521/4521
f 4522/4522/4522 4523/4523/4523 4524/4524/4524
f 4525/4525/4525 4526/4526/4526 4527/4527/4527
f 4528/4528/4528 4529/4529/4529 4530/4530/4530
f 4531/4531/4531 4532/4532/4532 4533/4533/4533
f 4534/4534/4534 4535/4535/4535 4536/4536/4536
f 4537/4537/4537 4538/4538/4538 4539/4539/4539
f 4540/4540/4540 4541/4541/4541 4542/4542/4542
f 4543/4543/4543 4544/4544/4544 4545/4545/4545
f 4546/4546/4546 4547/4547/4547 4548/4548/4548
f 4549/4549/4549 4550/4550/4550 4551/4551/4551
f 4552/4552/4552 4553/4553/4553 4554/4554/4554
f 4555/4555/4555 4556/4556/4556 4557/4557/4557
f 4558/4558/4558 4559/4559/4559 4560/4560/4560
f 4561/4561/4561 4562/4562/4562 4563/4563/4563
f 4564/4564/4564 4565/4565/4565 4566/4566/4566
f 4567/4567/4567 4568/4568/4568 4569/4569/4569
f 4570/4570/4570 4571/4571/4571 4572/4572/4572
f 4573/4573/4573 4574/4574/4574 4575/4575/4575
f 4576/4576/4576 4577/4577/4577 4578/4578/4578
f 4579/4579/4579 4580/4580/4580 4581/4581/4581
f 4582/4582/4582 4583/4583/4583 4584/4584/4584
f 4585/4585/4585 4586/4586/4586 4587/4587/4587
f 4588/4588/4588 4589/4589/4589 4590/4590/4590
f 4591/4591/4591 4592/4592/4592 4593/4593/4593
f 4594/4594/4594 4595/4595/4595 4596/4596/4596
f 4597/4597/4597 4598/4598/4598 4599/4599/4599
f 4600/4600/4600 4601/4601/4601 4602/4602/4602
f 4603/4603/4603 4604/4604/4604 4605/4605/4605
f 4606/4606/4606 4607/4607/4607 4608/4608/4608
f 4609/4609/4609 4610/4610/4610 4611/4611/4611
f 4612/4612/4612 4613/4613/4613 4614/4614/4614
f 4615/4615/4615 4616/4616/4616 4617/4617/4617
f 4618/4618/4618 4619/4619/4619 4620/4620/4620
f 4621/4621/4621 4622/4622/4622 4623/4623/4623
f 4624/4624/4624 4625/4625/4625 4626/4626/4626
f 4627/4627/4627 4628/4628/4628 4629/4629/4629
f 4630/4630/4630 4631/4631/4631 4632/4632/4632
f 4633/4633/4633 4634/4634/4634 4635/4635/4635
f 4636/4636/4636 4637/4637/4637 4638/4638/4638
f 4639/4639/4639 4640/4640/4640 4641/4641/4641
f 4642/4642/4642 4643/4643/4643 4644/4644/4644
f 4645/4645/4645 4646/4646/4646 4647/4647/4647
f 4648/4648/4648 4649/4649/4649 4650/4650/4650
f 4651/4651/4651 4652/4652/4652 4653/4653/4653
f 4654/4654/4654 4655/4655/4655 4656/4656/4656
f 4657/4657/4657 4658/4658/4658 4659/4659/4659
f 4660/4660/4660 4661/4661/4661 4662/4662/4662
f 4663/4663/4663 4664/4664/4664 4665/4665/4665
f 4666/4666/4666 4667/4667/4667 4668/4668/4668
