o 
v 22.25779914855957 30.271499633789062 0
v 22.25779914855957 27.13479995727539 0
v 21.875782012939453 26.549339294433594 0
v 2.2558600902557373 26.984399795532227 0
v 2.2558600902557373 30.271499633789062 0
v 22.25779914855957 30.271499633789062 0
v 17.610910415649414 25.651460647583008 0
v 18.05961036682129 26.314573287963867 0
v 18.519500732421875 26.984399795532227 0
v 16.74707794189453 24.34537696838379 0
v 17.17340087890625 24.99506187438965 0
v 17.610910415649414 25.651460647583008 0
v 15.928000450134277 23.066150665283203 0
v 16.33194351196289 23.702407836914062 0
v 16.74707794189453 24.34537696838379 0
v 15.153677940368652 21.813777923583984 0
v 15.53524398803711 22.436607360839844 0
v 15.928000450134277 23.066150665283203 0
v 14.424111366271973 20.588260650634766 0
v 14.783300399780273 21.197662353515625 0
v 15.153677940368652 21.813777923583984 0
v 13.739299774169922 19.38960075378418 0
v 14.07611083984375 19.985572814941406 0
v 14.424111366271973 20.588260650634766 0
v 13.096261024475098 18.214244842529297 0
v 13.412932395935059 18.799461364746094 0
v 13.739299774169922 19.38960075378418 0
v 12.492011070251465 17.058578491210938 0
v 12.789287567138672 17.633949279785156 0
v 13.096261024475098 18.214244842529297 0
v 11.926549911499023 15.922599792480469 0
v 12.204431533813477 16.488128662109375 0
v 12.492011070251465 17.058578491210938 0
v 11.399877548217773 14.806310653686523 0
v 11.658365249633789 15.361994743347168 0
v 11.926549911499023 15.922599792480469 0
v 10.911993980407715 13.709711074829102 0
v 11.151087760925293 14.255550384521484 0
v 11.399877548217773 14.806310653686523 0
v 10.462900161743164 12.632800102233887 0
v 10.682599067687988 13.168794631958008 0
v 10.911993980407715 13.709711074829102 0
v 10.025450706481934 11.502785682678223 0
v 10.238953590393066 12.065629959106445 0
v 10.462900161743164 12.632800102233887 0
v 9.629777908325195 10.390077590942383 0
v 9.822392463684082 10.944269180297852 0
v 10.025450706481934 11.502785682678223 0
v 9.275879859924316 9.29467487335205 0
v 9.447607040405273 9.84021282196045 0
v 9.629777908325195 10.390077590942383 0
v 8.963757514953613 8.216577529907227 0
v 9.11459732055664 8.753462791442871 0
v 9.275879859924316 9.29467487335205 0
v 8.693410873413086 7.155786037445068 0
v 8.823362350463867 7.684018611907959 0
v 8.963757514953613 8.216577529907227 0
v 8.464839935302734 6.112299919128418 0
v 8.573904037475586 6.631879806518555 0
v 8.693410873413086 7.155786037445068 0
v 8.274466514587402 5.080155372619629 0
v 8.365326881408691 5.595556259155273 0
v 8.464839935302734 6.112299919128418 0
v 8.118706703186035 4.053382396697998 0
v 8.192259788513184 4.566097736358643 0
v 8.274466514587402 5.080155372619629 0
v 7.997560024261475 3.031980037689209 0
v 8.05380630493164 3.5420098304748535 0
v 8.118706703186035 4.053382396697998 0
v 7.911026477813721 2.01594877243042 0
v 7.9499664306640625 2.5232930183410645 0
v 7.997560024261475 3.031980037689209 0
v 7.859106540679932 1.00528883934021 0
v 7.880740165710449 1.5099475383758545 0
v 7.911026477813721 2.01594877243042 0
v 7.841800212860107 0 0
v 7.846126556396484 0.501973032951355 0
v 7.859106540679932 1.00528883934021 0
v 11.88753890991211 0.6963021755218506 0
v 11.880900382995605 0 0
v 7.841800212860107 0 0
v 22.25779914855957 30.271499633789062 0
v 21.875782012939453 26.549339294433594 0
v 21.503164291381836 25.97462272644043 0
v 18.519500732421875 26.984399795532227 0
v 2.2558600902557373 26.984399795532227 0
v 22.25779914855957 30.271499633789062 0
v 16.74707794189453 24.34537696838379 0
v 17.610910415649414 25.651460647583008 0
v 18.519500732421875 26.984399795532227 0
v 15.153677940368652 21.813777923583984 0
v 15.928000450134277 23.066150665283203 0
v 16.74707794189453 24.34537696838379 0
v 13.739299774169922 19.38960075378418 0
v 14.424111366271973 20.588260650634766 0
v 15.153677940368652 21.813777923583984 0
v 12.492011070251465 17.058578491210938 0
v 13.096261024475098 18.214244842529297 0
v 13.739299774169922 19.38960075378418 0
v 11.399877548217773 14.806310653686523 0
v 11.926549911499023 15.922599792480469 0
v 12.492011070251465 17.058578491210938 0
v 10.462900161743164 12.632800102233887 0
v 10.911993980407715 13.709711074829102 0
v 11.399877548217773 14.806310653686523 0
v 9.629777908325195 10.390077590942383 0
v 10.025450706481934 11.502785682678223 0
v 10.462900161743164 12.632800102233887 0
v 8.963757514953613 8.216577529907227 0
v 9.275879859924316 9.29467487335205 0
v 9.629777908325195 10.390077590942383 0
v 8.464839935302734 6.112299919128418 0
v 8.693410873413086 7.155786037445068 0
v 8.963757514953613 8.216577529907227 0
v 8.118706703186035 4.053382396697998 0
v 8.274466514587402 5.080155372619629 0
v 8.464839935302734 6.112299919128418 0
v 7.911026477813721 2.01594877243042 0
v 7.997560024261475 3.031980037689209 0
v 8.118706703186035 4.053382396697998 0
v 7.841800212860107 0 0
v 7.859106540679932 1.00528883934021 0
v 7.911026477813721 2.01594877243042 0
v 11.907455444335938 1.3887252807617188 0
v 11.88753890991211 0.6963021755218506 0
v 7.841800212860107 0 0
v 22.25779914855957 30.271499633789062 0
v 21.503164291381836 25.97462272644043 0
v 21.139944076538086 25.4106502532959 0
v 16.74707794189453 24.34537696838379 0
v 18.519500732421875 26.984399795532227 0
v 22.25779914855957 30.271499633789062 0
v 13.739299774169922 19.38960075378418 0
v 15.153677940368652 21.813777923583984 0
v 16.74707794189453 24.34537696838379 0
v 11.399877548217773 14.806310653686523 0
v 12.492011070251465 17.058578491210938 0
v 13.739299774169922 19.38960075378418 0
v 9.629777908325195 10.390077590942383 0
v 10.462900161743164 12.632800102233887 0
v 11.399877548217773 14.806310653686523 0
v 8.464839935302734 6.112299919128418 0
v 8.963757514953613 8.216577529907227 0
v 9.629777908325195 10.390077590942383 0
v 7.911026477813721 2.01594877243042 0
v 8.118706703186035 4.053382396697998 0
v 8.464839935302734 6.112299919128418 0
v 11.907455444335938 1.3887252807617188 0
v 7.841800212860107 0 0
v 7.911026477813721 2.01594877243042 0
v 22.25779914855957 30.271499633789062 0
v 21.139944076538086 25.4106502532959 0
v 20.786121368408203 24.857421875 0
v 13.739299774169922 19.38960075378418 0
v 16.74707794189453 24.34537696838379 0
v 22.25779914855957 30.271499633789062 0
v 9.629777908325195 10.390077590942383 0
v 11.399877548217773 14.806310653686523 0
v 13.739299774169922 19.38960075378418 0
v 7.911026477813721 2.01594877243042 0
v 8.464839935302734 6.112299919128418 0
v 9.629777908325195 10.390077590942383 0
v 11.94064998626709 2.0772693157196045 0
v 11.907455444335938 1.3887252807617188 0
v 7.911026477813721 2.01594877243042 0
v 22.25779914855957 30.271499633789062 0
v 20.786121368408203 24.857421875 0
v 20.441699981689453 24.314939498901367 0
v 9.629777908325195 10.390077590942383 0
v 13.739299774169922 19.38960075378418 0
v 22.25779914855957 30.271499633789062 0
v 11.94064998626709 2.0772693157196045 0
v 7.911026477813721 2.01594877243042 0
v 9.629777908325195 10.390077590942383 0
v 22.25779914855957 30.271499633789062 0
v 20.441699981689453 24.314939498901367 0
v 20.106674194335938 23.783199310302734 0
v 11.987122535705566 2.761934518814087 0
v 11.94064998626709 2.0772693157196045 0
v 9.629777908325195 10.390077590942383 0
v 22.25779914855957 30.271499633789062 0
v 20.106674194335938 23.783199310302734 0
v 19.781049728393555 23.262205123901367 0
v 12.04687213897705 3.442720413208008 0
v 11.987122535705566 2.761934518814087 0
v 9.629777908325195 10.390077590942383 0
v 22.25779914855957 30.271499633789062 0
v 19.781049728393555 23.262205123901367 0
v 19.46482276916504 22.751955032348633 0
v 12.11989974975586 4.119627475738525 0
v 12.04687213897705 3.442720413208008 0
v 9.629777908325195 10.390077590942383 0
v 22.25779914855957 30.271499633789062 0
v 19.46482276916504 22.751955032348633 0
v 19.15799331665039 22.252450942993164 0
v 12.206205368041992 4.7926554679870605 0
v 12.11989974975586 4.119627475738525 0
v 9.629777908325195 10.390077590942383 0
v 22.25779914855957 30.271499633789062 0
v 19.15799331665039 22.252450942993164 0
v 18.860563278198242 21.763689041137695 0
v 12.30578899383545 5.461804389953613 0
v 12.206205368041992 4.7926554679870605 0
v 9.629777908325195 10.390077590942383 0
v 22.25779914855957 30.271499633789062 0
v 18.860563278198242 21.763689041137695 0
v 18.572532653808594 21.285673141479492 0
v 12.418649673461914 6.127074241638184 0
v 12.30578899383545 5.461804389953613 0
v 9.629777908325195 10.390077590942383 0
v 22.25779914855957 30.271499633789062 0
v 18.572532653808594 21.285673141479492 0
v 18.293899536132812 20.81839942932129 0
v 12.54478931427002 6.78846549987793 0
v 12.418649673461914 6.127074241638184 0
v 9.629777908325195 10.390077590942383 0
v 22.25779914855957 30.271499633789062 0
v 18.293899536132812 20.81839942932129 0
v 18.024831771850586 20.361705780029297 0
v 12.684206008911133 7.445977210998535 0
v 12.54478931427002 6.78846549987793 0
v 9.629777908325195 10.390077590942383 0
v 22.25779914855957 30.271499633789062 0
v 18.024831771850586 20.361705780029297 0
v 17.765460968017578 19.91545295715332 0
v 12.836899757385254 8.099610328674316 0
v 12.684206008911133 7.445977210998535 0
v 9.629777908325195 10.390077590942383 0
v 22.25779914855957 30.271499633789062 0
v 17.765460968017578 19.91545295715332 0
v 17.51578712463379 19.479642868041992 0
v 13.002888679504395 8.752053260803223 0
v 12.836899757385254 8.099610328674316 0
v 9.629777908325195 10.390077590942383 0
v 22.25779914855957 30.271499633789062 0
v 17.51578712463379 19.479642868041992 0
v 17.27581024169922 19.054277420043945 0
v 13.18215560913086 9.405987739562988 0
v 13.002888679504395 8.752053260803223 0
v 9.629777908325195 10.390077590942383 0
v 22.25779914855957 30.271499633789062 0
v 17.27581024169922 19.054277420043945 0
v 17.0455322265625 18.639354705810547 0
v 13.374699592590332 10.06141185760498 0
v 13.18215560913086 9.405987739562988 0
v 9.629777908325195 10.390077590942383 0
v 22.25779914855957 30.271499633789062 0
v 17.0455322265625 18.639354705810547 0
v 16.824949264526367 18.234874725341797 0
v 13.580522537231445 10.718326568603516 0
v 13.374699592590332 10.06141185760498 0
v 9.629777908325195 10.390077590942383 0
v 22.25779914855957 30.271499633789062 0
v 16.824949264526367 18.234874725341797 0
v 16.614065170288086 17.840837478637695 0
v 13.799622535705566 11.376731872558594 0
v 13.580522537231445 10.718326568603516 0
v 9.629777908325195 10.390077590942383 0
v 22.25779914855957 30.271499633789062 0
v 16.614065170288086 17.840837478637695 0
v 16.412878036499023 17.457244873046875 0
v 14.031999588012695 12.036627769470215 0
v 13.799622535705566 11.376731872558594 0
v 9.629777908325195 10.390077590942383 0
v 22.25779914855957 30.271499633789062 0
v 16.412878036499023 17.457244873046875 0
v 16.22138786315918 17.08409309387207 0
v 14.277655601501465 12.698013305664062 0
v 14.031999588012695 12.036627769470215 0
v 9.629777908325195 10.390077590942383 0
v 22.25779914855957 30.271499633789062 0
v 16.22138786315918 17.08409309387207 0
v 16.039594650268555 16.721385955810547 0
v 14.536588668823242 13.36089038848877 0
v 14.277655601501465 12.698013305664062 0
v 9.629777908325195 10.390077590942383 0
v 22.25779914855957 30.271499633789062 0
v 16.039594650268555 16.721385955810547 0
v 15.867498397827148 16.369121551513672 0
v 14.808799743652344 14.025257110595703 0
v 14.536588668823242 13.36089038848877 0
v 9.629777908325195 10.390077590942383 0
v 22.25779914855957 30.271499633789062 0
v 15.867498397827148 16.369121551513672 0
v 15.705100059509277 16.027299880981445 0
v 15.09428882598877 14.69111442565918 0
v 14.808799743652344 14.025257110595703 0
v 9.629777908325195 10.390077590942383 0
v 22.25779914855957 30.271499633789062 0
v 15.705100059509277 16.027299880981445 0
v 15.39305591583252 15.3584623336792 0
v 15.39305591583252 15.3584623336792 0
v 15.09428882598877 14.69111442565918 0
v 9.629777908325195 10.390077590942383 0
v 9.629777908325195 10.390077590942383 0
v 22.25779914855957 30.271499633789062 0
v 15.39305591583252 15.3584623336792 0
v 21.875782012939453 26.549339294433594 10
v 22.25779914855957 27.13479995727539 10
v 22.25779914855957 30.271499633789062 10
v 22.25779914855957 30.271499633789062 10
v 2.2558600902557373 30.271499633789062 10
v 2.2558600902557373 26.984399795532227 10
v 18.519500732421875 26.984399795532227 10
v 18.05961036682129 26.314573287963867 10
v 17.610910415649414 25.651460647583008 10
v 17.610910415649414 25.651460647583008 10
v 17.17340087890625 24.99506187438965 10
v 16.74707794189453 24.34537696838379 10
v 16.74707794189453 24.34537696838379 10
v 16.33194351196289 23.702407836914062 10
v 15.928000450134277 23.066150665283203 10
v 15.928000450134277 23.066150665283203 10
v 15.53524398803711 22.436607360839844 10
v 15.153677940368652 21.813777923583984 10
v 15.153677940368652 21.813777923583984 10
v 14.783300399780273 21.197662353515625 10
v 14.424111366271973 20.588260650634766 10
v 14.424111366271973 20.588260650634766 10
v 14.07611083984375 19.985572814941406 10
v 13.739299774169922 19.38960075378418 10
v 13.739299774169922 19.38960075378418 10
v 13.412932395935059 18.799461364746094 10
v 13.096261024475098 18.214244842529297 10
v 13.096261024475098 18.214244842529297 10
v 12.789287567138672 17.633949279785156 10
v 12.492011070251465 17.058578491210938 10
v 12.492011070251465 17.058578491210938 10
v 12.204431533813477 16.488128662109375 10
v 11.926549911499023 15.922599792480469 10
v 11.926549911499023 15.922599792480469 10
v 11.658365249633789 15.361994743347168 10
v 11.399877548217773 14.806310653686523 10
v 11.399877548217773 14.806310653686523 10
v 11.151087760925293 14.255550384521484 10
v 10.911993980407715 13.709711074829102 10
v 10.911993980407715 13.709711074829102 10
v 10.682599067687988 13.168794631958008 10
v 10.462900161743164 12.632800102233887 10
v 10.462900161743164 12.632800102233887 10
v 10.238953590393066 12.065629959106445 10
v 10.025450706481934 11.502785682678223 10
v 10.025450706481934 11.502785682678223 10
v 9.822392463684082 10.944269180297852 10
v 9.629777908325195 10.390077590942383 10
v 9.629777908325195 10.390077590942383 10
v 9.447607040405273 9.84021282196045 10
v 9.275879859924316 9.29467487335205 10
v 9.275879859924316 9.29467487335205 10
v 9.11459732055664 8.753462791442871 10
v 8.963757514953613 8.216577529907227 10
v 8.963757514953613 8.216577529907227 10
v 8.823362350463867 7.684018611907959 10
v 8.693410873413086 7.155786037445068 10
v 8.693410873413086 7.155786037445068 10
v 8.573904037475586 6.631879806518555 10
v 8.464839935302734 6.112299919128418 10
v 8.464839935302734 6.112299919128418 10
v 8.365326881408691 5.595556259155273 10
v 8.274466514587402 5.080155372619629 10
v 8.274466514587402 5.080155372619629 10
v 8.192259788513184 4.566097736358643 10
v 8.118706703186035 4.053382396697998 10
v 8.118706703186035 4.053382396697998 10
v 8.05380630493164 3.5420098304748535 10
v 7.997560024261475 3.031980037689209 10
v 7.997560024261475 3.031980037689209 10
v 7.9499664306640625 2.5232930183410645 10
v 7.911026477813721 2.01594877243042 10
v 7.911026477813721 2.01594877243042 10
v 7.880740165710449 1.5099475383758545 10
v 7.859106540679932 1.00528883934021 10
v 7.859106540679932 1.00528883934021 10
v 7.846126556396484 0.501973032951355 10
v 7.841800212860107 0 10
v 7.841800212860107 0 10
v 11.880900382995605 0 10
v 11.88753890991211 0.6963021755218506 10
v 21.503164291381836 25.97462272644043 10
v 21.875782012939453 26.549339294433594 10
v 22.25779914855957 30.271499633789062 10
v 22.25779914855957 30.271499633789062 10
v 2.2558600902557373 26.984399795532227 10
v 18.519500732421875 26.984399795532227 10
v 18.519500732421875 26.984399795532227 10
v 17.610910415649414 25.651460647583008 10
v 16.74707794189453 24.34537696838379 10
v 16.74707794189453 24.34537696838379 10
v 15.928000450134277 23.066150665283203 10
v 15.153677940368652 21.813777923583984 10
v 15.153677940368652 21.813777923583984 10
v 14.424111366271973 20.588260650634766 10
v 13.739299774169922 19.38960075378418 10
v 13.739299774169922 19.38960075378418 10
v 13.096261024475098 18.214244842529297 10
v 12.492011070251465 17.058578491210938 10
v 12.492011070251465 17.058578491210938 10
v 11.926549911499023 15.922599792480469 10
v 11.399877548217773 14.806310653686523 10
v 11.399877548217773 14.806310653686523 10
v 10.911993980407715 13.709711074829102 10
v 10.462900161743164 12.632800102233887 10
v 10.462900161743164 12.632800102233887 10
v 10.025450706481934 11.502785682678223 10
v 9.629777908325195 10.390077590942383 10
v 9.629777908325195 10.390077590942383 10
v 9.275879859924316 9.29467487335205 10
v 8.963757514953613 8.216577529907227 10
v 8.963757514953613 8.216577529907227 10
v 8.693410873413086 7.155786037445068 10
v 8.464839935302734 6.112299919128418 10
v 8.464839935302734 6.112299919128418 10
v 8.274466514587402 5.080155372619629 10
v 8.118706703186035 4.053382396697998 10
v 8.118706703186035 4.053382396697998 10
v 7.997560024261475 3.031980037689209 10
v 7.911026477813721 2.01594877243042 10
v 7.911026477813721 2.01594877243042 10
v 7.859106540679932 1.00528883934021 10
v 7.841800212860107 0 10
v 7.841800212860107 0 10
v 11.88753890991211 0.6963021755218506 10
v 11.907455444335938 1.3887252807617188 10
v 21.139944076538086 25.4106502532959 10
v 21.503164291381836 25.97462272644043 10
v 22.25779914855957 30.271499633789062 10
v 22.25779914855957 30.271499633789062 10
v 18.519500732421875 26.984399795532227 10
v 16.74707794189453 24.34537696838379 10
v 16.74707794189453 24.34537696838379 10
v 15.153677940368652 21.813777923583984 10
v 13.739299774169922 19.38960075378418 10
v 13.739299774169922 19.38960075378418 10
v 12.492011070251465 17.058578491210938 10
v 11.399877548217773 14.806310653686523 10
v 11.399877548217773 14.806310653686523 10
v 10.462900161743164 12.632800102233887 10
v 9.629777908325195 10.390077590942383 10
v 9.629777908325195 10.390077590942383 10
v 8.963757514953613 8.216577529907227 10
v 8.464839935302734 6.112299919128418 10
v 8.464839935302734 6.112299919128418 10
v 8.118706703186035 4.053382396697998 10
v 7.911026477813721 2.01594877243042 10
v 7.911026477813721 2.01594877243042 10
v 7.841800212860107 0 10
v 11.907455444335938 1.3887252807617188 10
v 20.786121368408203 24.857421875 10
v 21.139944076538086 25.4106502532959 10
v 22.25779914855957 30.271499633789062 10
v 22.25779914855957 30.271499633789062 10
v 16.74707794189453 24.34537696838379 10
v 13.739299774169922 19.38960075378418 10
v 13.739299774169922 19.38960075378418 10
v 11.399877548217773 14.806310653686523 10
v 9.629777908325195 10.390077590942383 10
v 9.629777908325195 10.390077590942383 10
v 8.464839935302734 6.112299919128418 10
v 7.911026477813721 2.01594877243042 10
v 7.911026477813721 2.01594877243042 10
v 11.907455444335938 1.3887252807617188 10
v 11.94064998626709 2.0772693157196045 10
v 20.441699981689453 24.314939498901367 10
v 20.786121368408203 24.857421875 10
v 22.25779914855957 30.271499633789062 10
v 22.25779914855957 30.271499633789062 10
v 13.739299774169922 19.38960075378418 10
v 9.629777908325195 10.390077590942383 10
v 9.629777908325195 10.390077590942383 10
v 7.911026477813721 2.01594877243042 10
v 11.94064998626709 2.0772693157196045 10
v 20.106674194335938 23.783199310302734 10
v 20.441699981689453 24.314939498901367 10
v 22.25779914855957 30.271499633789062 10
v 9.629777908325195 10.390077590942383 10
v 11.94064998626709 2.0772693157196045 10
v 11.987122535705566 2.761934518814087 10
v 19.781049728393555 23.262205123901367 10
v 20.106674194335938 23.783199310302734 10
v 22.25779914855957 30.271499633789062 10
v 9.629777908325195 10.390077590942383 10
v 11.987122535705566 2.761934518814087 10
v 12.04687213897705 3.442720413208008 10
v 19.46482276916504 22.751955032348633 10
v 19.781049728393555 23.262205123901367 10
v 22.25779914855957 30.271499633789062 10
v 9.629777908325195 10.390077590942383 10
v 12.04687213897705 3.442720413208008 10
v 12.11989974975586 4.119627475738525 10
v 19.15799331665039 22.252450942993164 10
v 19.46482276916504 22.751955032348633 10
v 22.25779914855957 30.271499633789062 10
v 9.629777908325195 10.390077590942383 10
v 12.11989974975586 4.119627475738525 10
v 12.206205368041992 4.7926554679870605 10
v 18.860563278198242 21.763689041137695 10
v 19.15799331665039 22.252450942993164 10
v 22.25779914855957 30.271499633789062 10
v 9.629777908325195 10.390077590942383 10
v 12.206205368041992 4.7926554679870605 10
v 12.30578899383545 5.461804389953613 10
v 18.572532653808594 21.285673141479492 10
v 18.860563278198242 21.763689041137695 10
v 22.25779914855957 30.271499633789062 10
v 9.629777908325195 10.390077590942383 10
v 12.30578899383545 5.461804389953613 10
v 12.418649673461914 6.127074241638184 10
v 18.293899536132812 20.81839942932129 10
v 18.572532653808594 21.285673141479492 10
v 22.25779914855957 30.271499633789062 10
v 9.629777908325195 10.390077590942383 10
v 12.418649673461914 6.127074241638184 10
v 12.54478931427002 6.78846549987793 10
v 18.024831771850586 20.361705780029297 10
v 18.293899536132812 20.81839942932129 10
v 22.25779914855957 30.271499633789062 10
v 9.629777908325195 10.390077590942383 10
v 12.54478931427002 6.78846549987793 10
v 12.684206008911133 7.445977210998535 10
v 17.765460968017578 19.91545295715332 10
v 18.024831771850586 20.361705780029297 10
v 22.25779914855957 30.271499633789062 10
v 9.629777908325195 10.390077590942383 10
v 12.684206008911133 7.445977210998535 10
v 12.836899757385254 8.099610328674316 10
v 17.51578712463379 19.479642868041992 10
v 17.765460968017578 19.91545295715332 10
v 22.25779914855957 30.271499633789062 10
v 9.629777908325195 10.390077590942383 10
v 12.836899757385254 8.099610328674316 10
v 13.002888679504395 8.752053260803223 10
v 17.27581024169922 19.054277420043945 10
v 17.51578712463379 19.479642868041992 10
v 22.25779914855957 30.271499633789062 10
v 9.629777908325195 10.390077590942383 10
v 13.002888679504395 8.752053260803223 10
v 13.18215560913086 9.405987739562988 10
v 17.0455322265625 18.639354705810547 10
v 17.27581024169922 19.054277420043945 10
v 22.25779914855957 30.271499633789062 10
v 9.629777908325195 10.390077590942383 10
v 13.18215560913086 9.405987739562988 10
v 13.374699592590332 10.06141185760498 10
v 16.824949264526367 18.234874725341797 10
v 17.0455322265625 18.639354705810547 10
v 22.25779914855957 30.271499633789062 10
v 9.629777908325195 10.390077590942383 10
v 13.374699592590332 10.06141185760498 10
v 13.580522537231445 10.718326568603516 10
v 16.614065170288086 17.840837478637695 10
v 16.824949264526367 18.234874725341797 10
v 22.25779914855957 30.271499633789062 10
v 9.629777908325195 10.390077590942383 10
v 13.580522537231445 10.718326568603516 10
v 13.799622535705566 11.376731872558594 10
v 16.412878036499023 17.457244873046875 10
v 16.614065170288086 17.840837478637695 10
v 22.25779914855957 30.271499633789062 10
v 9.629777908325195 10.390077590942383 10
v 13.799622535705566 11.376731872558594 10
v 14.031999588012695 12.036627769470215 10
v 16.22138786315918 17.08409309387207 10
v 16.412878036499023 17.457244873046875 10
v 22.25779914855957 30.271499633789062 10
v 9.629777908325195 10.390077590942383 10
v 14.031999588012695 12.036627769470215 10
v 14.277655601501465 12.698013305664062 10
v 16.039594650268555 16.721385955810547 10
v 16.22138786315918 17.08409309387207 10
v 22.25779914855957 30.271499633789062 10
v 9.629777908325195 10.390077590942383 10
v 14.277655601501465 12.698013305664062 10
v 14.536588668823242 13.36089038848877 10
v 15.867498397827148 16.369121551513672 10
v 16.039594650268555 16.721385955810547 10
v 22.25779914855957 30.271499633789062 10
v 9.629777908325195 10.390077590942383 10
v 14.536588668823242 13.36089038848877 10
v 14.808799743652344 14.025257110595703 10
v 15.705100059509277 16.027299880981445 10
v 15.867498397827148 16.369121551513672 10
v 22.25779914855957 30.271499633789062 10
v 9.629777908325195 10.390077590942383 10
v 14.808799743652344 14.025257110595703 10
v 15.09428882598877 14.69111442565918 10
v 15.39305591583252 15.3584623336792 10
v 15.705100059509277 16.027299880981445 10
v 22.25779914855957 30.271499633789062 10
v 9.629777908325195 10.390077590942383 10
v 15.09428882598877 14.69111442565918 10
v 15.39305591583252 15.3584623336792 10
v 15.39305591583252 15.3584623336792 10
v 22.25779914855957 30.271499633789062 10
v 9.629777908325195 10.390077590942383 10
v 22.25779914855957 30.271499633789062 0
v 2.2558600902557373 30.271499633789062 0
v 22.25779914855957 30.271499633789062 10
v 2.2558600902557373 30.271499633789062 0
v 2.2558600902557373 30.271499633789062 10
v 22.25779914855957 30.271499633789062 10
v 2.2558600902557373 30.271499633789062 0
v 2.2558600902557373 26.984399795532227 0
v 2.2558600902557373 30.271499633789062 10
v 2.2558600902557373 26.984399795532227 0
v 2.2558600902557373 26.984399795532227 10
v 2.2558600902557373 30.271499633789062 10
v 2.2558600902557373 26.984399795532227 0
v 18.519500732421875 26.984399795532227 0
v 2.2558600902557373 26.984399795532227 10
v 18.519500732421875 26.984399795532227 0
v 18.519500732421875 26.984399795532227 10
v 2.2558600902557373 26.984399795532227 10
v 18.519500732421875 26.984399795532227 0
v 18.05961036682129 26.314573287963867 0
v 18.519500732421875 26.984399795532227 10
v 18.05961036682129 26.314573287963867 0
v 18.05961036682129 26.314573287963867 10
v 18.519500732421875 26.984399795532227 10
v 18.05961036682129 26.314573287963867 0
v 17.610910415649414 25.651460647583008 0
v 18.05961036682129 26.314573287963867 10
v 17.610910415649414 25.651460647583008 0
v 17.610910415649414 25.651460647583008 10
v 18.05961036682129 26.314573287963867 10
v 17.610910415649414 25.651460647583008 0
v 17.17340087890625 24.99506187438965 0
v 17.610910415649414 25.651460647583008 10
v 17.17340087890625 24.99506187438965 0
v 17.17340087890625 24.99506187438965 10
v 17.610910415649414 25.651460647583008 10
v 17.17340087890625 24.99506187438965 0
v 16.74707794189453 24.34537696838379 0
v 17.17340087890625 24.99506187438965 10
v 16.74707794189453 24.34537696838379 0
v 16.74707794189453 24.34537696838379 10
v 17.17340087890625 24.99506187438965 10
v 16.74707794189453 24.34537696838379 0
v 16.33194351196289 23.702407836914062 0
v 16.74707794189453 24.34537696838379 10
v 16.33194351196289 23.702407836914062 0
v 16.33194351196289 23.702407836914062 10
v 16.74707794189453 24.34537696838379 10
v 16.33194351196289 23.702407836914062 0
v 15.928000450134277 23.066150665283203 0
v 16.33194351196289 23.702407836914062 10
v 15.928000450134277 23.066150665283203 0
v 15.928000450134277 23.066150665283203 10
v 16.33194351196289 23.702407836914062 10
v 15.928000450134277 23.066150665283203 0
v 15.53524398803711 22.436607360839844 0
v 15.928000450134277 23.066150665283203 10
v 15.53524398803711 22.436607360839844 0
v 15.53524398803711 22.436607360839844 10
v 15.928000450134277 23.066150665283203 10
v 15.53524398803711 22.436607360839844 0
v 15.153677940368652 21.813777923583984 0
v 15.53524398803711 22.436607360839844 10
v 15.153677940368652 21.813777923583984 0
v 15.153677940368652 21.813777923583984 10
v 15.53524398803711 22.436607360839844 10
v 15.153677940368652 21.813777923583984 0
v 14.783300399780273 21.197662353515625 0
v 15.153677940368652 21.813777923583984 10
v 14.783300399780273 21.197662353515625 0
v 14.783300399780273 21.197662353515625 10
v 15.153677940368652 21.813777923583984 10
v 14.783300399780273 21.197662353515625 0
v 14.424111366271973 20.588260650634766 0
v 14.783300399780273 21.197662353515625 10
v 14.424111366271973 20.588260650634766 0
v 14.424111366271973 20.588260650634766 10
v 14.783300399780273 21.197662353515625 10
v 14.424111366271973 20.588260650634766 0
v 14.07611083984375 19.985572814941406 0
v 14.424111366271973 20.588260650634766 10
v 14.07611083984375 19.985572814941406 0
v 14.07611083984375 19.985572814941406 10
v 14.424111366271973 20.588260650634766 10
v 14.07611083984375 19.985572814941406 0
v 13.739299774169922 19.38960075378418 0
v 14.07611083984375 19.985572814941406 10
v 13.739299774169922 19.38960075378418 0
v 13.739299774169922 19.38960075378418 10
v 14.07611083984375 19.985572814941406 10
v 13.739299774169922 19.38960075378418 0
v 13.412932395935059 18.799461364746094 0
v 13.739299774169922 19.38960075378418 10
v 13.412932395935059 18.799461364746094 0
v 13.412932395935059 18.799461364746094 10
v 13.739299774169922 19.38960075378418 10
v 13.412932395935059 18.799461364746094 0
v 13.096261024475098 18.214244842529297 0
v 13.412932395935059 18.799461364746094 10
v 13.096261024475098 18.214244842529297 0
v 13.096261024475098 18.214244842529297 10
v 13.412932395935059 18.799461364746094 10
v 13.096261024475098 18.214244842529297 0
v 12.789287567138672 17.633949279785156 0
v 13.096261024475098 18.214244842529297 10
v 12.789287567138672 17.633949279785156 0
v 12.789287567138672 17.633949279785156 10
v 13.096261024475098 18.214244842529297 10
v 12.789287567138672 17.633949279785156 0
v 12.492011070251465 17.058578491210938 0
v 12.789287567138672 17.633949279785156 10
v 12.492011070251465 17.058578491210938 0
v 12.492011070251465 17.058578491210938 10
v 12.789287567138672 17.633949279785156 10
v 12.492011070251465 17.058578491210938 0
v 12.204431533813477 16.488128662109375 0
v 12.492011070251465 17.058578491210938 10
v 12.204431533813477 16.488128662109375 0
v 12.204431533813477 16.488128662109375 10
v 12.492011070251465 17.058578491210938 10
v 12.204431533813477 16.488128662109375 0
v 11.926549911499023 15.922599792480469 0
v 12.204431533813477 16.488128662109375 10
v 11.926549911499023 15.922599792480469 0
v 11.926549911499023 15.922599792480469 10
v 12.204431533813477 16.488128662109375 10
v 11.926549911499023 15.922599792480469 0
v 11.658365249633789 15.361994743347168 0
v 11.926549911499023 15.922599792480469 10
v 11.658365249633789 15.361994743347168 0
v 11.658365249633789 15.361994743347168 10
v 11.926549911499023 15.922599792480469 10
v 11.658365249633789 15.361994743347168 0
v 11.399877548217773 14.806310653686523 0
v 11.658365249633789 15.361994743347168 10
v 11.399877548217773 14.806310653686523 0
v 11.399877548217773 14.806310653686523 10
v 11.658365249633789 15.361994743347168 10
v 11.399877548217773 14.806310653686523 0
v 11.151087760925293 14.255550384521484 0
v 11.399877548217773 14.806310653686523 10
v 11.151087760925293 14.255550384521484 0
v 11.151087760925293 14.255550384521484 10
v 11.399877548217773 14.806310653686523 10
v 11.151087760925293 14.255550384521484 0
v 10.911993980407715 13.709711074829102 0
v 11.151087760925293 14.255550384521484 10
v 10.911993980407715 13.709711074829102 0
v 10.911993980407715 13.709711074829102 10
v 11.151087760925293 14.255550384521484 10
v 10.911993980407715 13.709711074829102 0
v 10.682599067687988 13.168794631958008 0
v 10.911993980407715 13.709711074829102 10
v 10.682599067687988 13.168794631958008 0
v 10.682599067687988 13.168794631958008 10
v 10.911993980407715 13.709711074829102 10
v 10.682599067687988 13.168794631958008 0
v 10.462900161743164 12.632800102233887 0
v 10.682599067687988 13.168794631958008 10
v 10.462900161743164 12.632800102233887 0
v 10.462900161743164 12.632800102233887 10
v 10.682599067687988 13.168794631958008 10
v 10.462900161743164 12.632800102233887 0
v 10.238953590393066 12.065629959106445 0
v 10.462900161743164 12.632800102233887 10
v 10.238953590393066 12.065629959106445 0
v 10.238953590393066 12.065629959106445 10
v 10.462900161743164 12.632800102233887 10
v 10.238953590393066 12.065629959106445 0
v 10.025450706481934 11.502785682678223 0
v 10.238953590393066 12.065629959106445 10
v 10.025450706481934 11.502785682678223 0
v 10.025450706481934 11.502785682678223 10
v 10.238953590393066 12.065629959106445 10
v 10.025450706481934 11.502785682678223 0
v 9.822392463684082 10.944269180297852 0
v 10.025450706481934 11.502785682678223 10
v 9.822392463684082 10.944269180297852 0
v 9.822392463684082 10.944269180297852 10
v 10.025450706481934 11.502785682678223 10
v 9.822392463684082 10.944269180297852 0
v 9.629777908325195 10.390077590942383 0
v 9.822392463684082 10.944269180297852 10
v 9.629777908325195 10.390077590942383 0
v 9.629777908325195 10.390077590942383 10
v 9.822392463684082 10.944269180297852 10
v 9.629777908325195 10.390077590942383 0
v 9.447607040405273 9.84021282196045 0
v 9.629777908325195 10.390077590942383 10
v 9.447607040405273 9.84021282196045 0
v 9.447607040405273 9.84021282196045 10
v 9.629777908325195 10.390077590942383 10
v 9.447607040405273 9.84021282196045 0
v 9.275879859924316 9.29467487335205 0
v 9.447607040405273 9.84021282196045 10
v 9.275879859924316 9.29467487335205 0
v 9.275879859924316 9.29467487335205 10
v 9.447607040405273 9.84021282196045 10
v 9.275879859924316 9.29467487335205 0
v 9.11459732055664 8.753462791442871 0
v 9.275879859924316 9.29467487335205 10
v 9.11459732055664 8.753462791442871 0
v 9.11459732055664 8.753462791442871 10
v 9.275879859924316 9.29467487335205 10
v 9.11459732055664 8.753462791442871 0
v 8.963757514953613 8.216577529907227 0
v 9.11459732055664 8.753462791442871 10
v 8.963757514953613 8.216577529907227 0
v 8.963757514953613 8.216577529907227 10
v 9.11459732055664 8.753462791442871 10
v 8.963757514953613 8.216577529907227 0
v 8.823362350463867 7.684018611907959 0
v 8.963757514953613 8.216577529907227 10
v 8.823362350463867 7.684018611907959 0
v 8.823362350463867 7.684018611907959 10
v 8.963757514953613 8.216577529907227 10
v 8.823362350463867 7.684018611907959 0
v 8.693410873413086 7.155786037445068 0
v 8.823362350463867 7.684018611907959 10
v 8.693410873413086 7.155786037445068 0
v 8.693410873413086 7.155786037445068 10
v 8.823362350463867 7.684018611907959 10
v 8.693410873413086 7.155786037445068 0
v 8.573904037475586 6.631879806518555 0
v 8.693410873413086 7.155786037445068 10
v 8.573904037475586 6.631879806518555 0
v 8.573904037475586 6.631879806518555 10
v 8.693410873413086 7.155786037445068 10
v 8.573904037475586 6.631879806518555 0
v 8.464839935302734 6.112299919128418 0
v 8.573904037475586 6.631879806518555 10
v 8.464839935302734 6.112299919128418 0
v 8.464839935302734 6.112299919128418 10
v 8.573904037475586 6.631879806518555 10
v 8.464839935302734 6.112299919128418 0
v 8.365326881408691 5.595556259155273 0
v 8.464839935302734 6.112299919128418 10
v 8.365326881408691 5.595556259155273 0
v 8.365326881408691 5.595556259155273 10
v 8.464839935302734 6.112299919128418 10
v 8.365326881408691 5.595556259155273 0
v 8.274466514587402 5.080155372619629 0
v 8.365326881408691 5.595556259155273 10
v 8.274466514587402 5.080155372619629 0
v 8.274466514587402 5.080155372619629 10
v 8.365326881408691 5.595556259155273 10
v 8.274466514587402 5.080155372619629 0
v 8.192259788513184 4.566097736358643 0
v 8.274466514587402 5.080155372619629 10
v 8.192259788513184 4.566097736358643 0
v 8.192259788513184 4.566097736358643 10
v 8.274466514587402 5.080155372619629 10
v 8.192259788513184 4.566097736358643 0
v 8.118706703186035 4.053382396697998 0
v 8.192259788513184 4.566097736358643 10
v 8.118706703186035 4.053382396697998 0
v 8.118706703186035 4.053382396697998 10
v 8.192259788513184 4.566097736358643 10
v 8.118706703186035 4.053382396697998 0
v 8.05380630493164 3.5420098304748535 0
v 8.118706703186035 4.053382396697998 10
v 8.05380630493164 3.5420098304748535 0
v 8.05380630493164 3.5420098304748535 10
v 8.118706703186035 4.053382396697998 10
v 8.05380630493164 3.5420098304748535 0
v 7.997560024261475 3.031980037689209 0
v 8.05380630493164 3.5420098304748535 10
v 7.997560024261475 3.031980037689209 0
v 7.997560024261475 3.031980037689209 10
v 8.05380630493164 3.5420098304748535 10
v 7.997560024261475 3.031980037689209 0
v 7.9499664306640625 2.5232930183410645 0
v 7.997560024261475 3.031980037689209 10
v 7.9499664306640625 2.5232930183410645 0
v 7.9499664306640625 2.5232930183410645 10
v 7.997560024261475 3.031980037689209 10
v 7.9499664306640625 2.5232930183410645 0
v 7.911026477813721 2.01594877243042 0
v 7.9499664306640625 2.5232930183410645 10
v 7.911026477813721 2.01594877243042 0
v 7.911026477813721 2.01594877243042 10
v 7.9499664306640625 2.5232930183410645 10
v 7.911026477813721 2.01594877243042 0
v 7.880740165710449 1.5099475383758545 0
v 7.911026477813721 2.01594877243042 10
v 7.880740165710449 1.5099475383758545 0
v 7.880740165710449 1.5099475383758545 10
v 7.911026477813721 2.01594877243042 10
v 7.880740165710449 1.5099475383758545 0
v 7.859106540679932 1.00528883934021 0
v 7.880740165710449 1.5099475383758545 10
v 7.859106540679932 1.00528883934021 0
v 7.859106540679932 1.00528883934021 10
v 7.880740165710449 1.5099475383758545 10
v 7.859106540679932 1.00528883934021 0
v 7.846126556396484 0.501973032951355 0
v 7.859106540679932 1.00528883934021 10
v 7.846126556396484 0.501973032951355 0
v 7.846126556396484 0.501973032951355 10
v 7.859106540679932 1.00528883934021 10
v 7.846126556396484 0.501973032951355 0
v 7.841800212860107 0 0
v 7.846126556396484 0.501973032951355 10
v 7.841800212860107 0 0
v 7.841800212860107 0 10
v 7.846126556396484 0.501973032951355 10
v 7.841800212860107 0 0
v 11.880900382995605 0 0
v 7.841800212860107 0 10
v 11.880900382995605 0 0
v 11.880900382995605 0 10
v 7.841800212860107 0 10
v 11.880900382995605 0 0
v 11.88753890991211 0.6963021755218506 0
v 11.880900382995605 0 10
v 11.88753890991211 0.6963021755218506 0
v 11.88753890991211 0.6963021755218506 10
v 11.880900382995605 0 10
v 11.88753890991211 0.6963021755218506 0
v 11.907455444335938 1.3887252807617188 0
v 11.88753890991211 0.6963021755218506 10
v 11.907455444335938 1.3887252807617188 0
v 11.907455444335938 1.3887252807617188 10
v 11.88753890991211 0.6963021755218506 10
v 11.907455444335938 1.3887252807617188 0
v 11.94064998626709 2.0772693157196045 0
v 11.907455444335938 1.3887252807617188 10
v 11.94064998626709 2.0772693157196045 0
v 11.94064998626709 2.0772693157196045 10
v 11.907455444335938 1.3887252807617188 10
v 11.94064998626709 2.0772693157196045 0
v 11.987122535705566 2.761934518814087 0
v 11.94064998626709 2.0772693157196045 10
v 11.987122535705566 2.761934518814087 0
v 11.987122535705566 2.761934518814087 10
v 11.94064998626709 2.0772693157196045 10
v 11.987122535705566 2.761934518814087 0
v 12.04687213897705 3.442720413208008 0
v 11.987122535705566 2.761934518814087 10
v 12.04687213897705 3.442720413208008 0
v 12.04687213897705 3.442720413208008 10
v 11.987122535705566 2.761934518814087 10
v 12.04687213897705 3.442720413208008 0
v 12.11989974975586 4.119627475738525 0
v 12.04687213897705 3.442720413208008 10
v 12.11989974975586 4.119627475738525 0
v 12.11989974975586 4.119627475738525 10
v 12.04687213897705 3.442720413208008 10
v 12.11989974975586 4.119627475738525 0
v 12.206205368041992 4.7926554679870605 0
v 12.11989974975586 4.119627475738525 10
v 12.206205368041992 4.7926554679870605 0
v 12.206205368041992 4.7926554679870605 10
v 12.11989974975586 4.119627475738525 10
v 12.206205368041992 4.7926554679870605 0
v 12.30578899383545 5.461804389953613 0
v 12.206205368041992 4.7926554679870605 10
v 12.30578899383545 5.461804389953613 0
v 12.30578899383545 5.461804389953613 10
v 12.206205368041992 4.7926554679870605 10
v 12.30578899383545 5.461804389953613 0
v 12.418649673461914 6.127074241638184 0
v 12.30578899383545 5.461804389953613 10
v 12.418649673461914 6.127074241638184 0
v 12.418649673461914 6.127074241638184 10
v 12.30578899383545 5.461804389953613 10
v 12.418649673461914 6.127074241638184 0
v 12.54478931427002 6.78846549987793 0
v 12.418649673461914 6.127074241638184 10
v 12.54478931427002 6.78846549987793 0
v 12.54478931427002 6.78846549987793 10
v 12.418649673461914 6.127074241638184 10
v 12.54478931427002 6.78846549987793 0
v 12.684206008911133 7.445977210998535 0
v 12.54478931427002 6.78846549987793 10
v 12.684206008911133 7.445977210998535 0
v 12.684206008911133 7.445977210998535 10
v 12.54478931427002 6.78846549987793 10
v 12.684206008911133 7.445977210998535 0
v 12.836899757385254 8.099610328674316 0
v 12.684206008911133 7.445977210998535 10
v 12.836899757385254 8.099610328674316 0
v 12.836899757385254 8.099610328674316 10
v 12.684206008911133 7.445977210998535 10
v 12.836899757385254 8.099610328674316 0
v 13.002888679504395 8.752053260803223 0
v 12.836899757385254 8.099610328674316 10
v 13.002888679504395 8.752053260803223 0
v 13.002888679504395 8.752053260803223 10
v 12.836899757385254 8.099610328674316 10
v 13.002888679504395 8.752053260803223 0
v 13.18215560913086 9.405987739562988 0
v 13.002888679504395 8.752053260803223 10
v 13.18215560913086 9.405987739562988 0
v 13.18215560913086 9.405987739562988 10
v 13.002888679504395 8.752053260803223 10
v 13.18215560913086 9.405987739562988 0
v 13.374699592590332 10.06141185760498 0
v 13.18215560913086 9.405987739562988 10
v 13.374699592590332 10.06141185760498 0
v 13.374699592590332 10.06141185760498 10
v 13.18215560913086 9.405987739562988 10
v 13.374699592590332 10.06141185760498 0
v 13.580522537231445 10.718326568603516 0
v 13.374699592590332 10.06141185760498 10
v 13.580522537231445 10.718326568603516 0
v 13.580522537231445 10.718326568603516 10
v 13.374699592590332 10.06141185760498 10
v 13.580522537231445 10.718326568603516 0
v 13.799622535705566 11.376731872558594 0
v 13.580522537231445 10.718326568603516 10
v 13.799622535705566 11.376731872558594 0
v 13.799622535705566 11.376731872558594 10
v 13.580522537231445 10.718326568603516 10
v 13.799622535705566 11.376731872558594 0
v 14.031999588012695 12.036627769470215 0
v 13.799622535705566 11.376731872558594 10
v 14.031999588012695 12.036627769470215 0
v 14.031999588012695 12.036627769470215 10
v 13.799622535705566 11.376731872558594 10
v 14.031999588012695 12.036627769470215 0
v 14.277655601501465 12.698013305664062 0
v 14.031999588012695 12.036627769470215 10
v 14.277655601501465 12.698013305664062 0
v 14.277655601501465 12.698013305664062 10
v 14.031999588012695 12.036627769470215 10
v 14.277655601501465 12.698013305664062 0
v 14.536588668823242 13.36089038848877 0
v 14.277655601501465 12.698013305664062 10
v 14.536588668823242 13.36089038848877 0
v 14.536588668823242 13.36089038848877 10
v 14.277655601501465 12.698013305664062 10
v 14.536588668823242 13.36089038848877 0
v 14.808799743652344 14.025257110595703 0
v 14.536588668823242 13.36089038848877 10
v 14.808799743652344 14.025257110595703 0
v 14.808799743652344 14.025257110595703 10
v 14.536588668823242 13.36089038848877 10
v 14.808799743652344 14.025257110595703 0
v 15.09428882598877 14.69111442565918 0
v 14.808799743652344 14.025257110595703 10
v 15.09428882598877 14.69111442565918 0
v 15.09428882598877 14.69111442565918 10
v 14.808799743652344 14.025257110595703 10
v 15.09428882598877 14.69111442565918 0
v 15.39305591583252 15.3584623336792 0
v 15.09428882598877 14.69111442565918 10
v 15.39305591583252 15.3584623336792 0
v 15.39305591583252 15.3584623336792 10
v 15.09428882598877 14.69111442565918 10
v 15.39305591583252 15.3584623336792 0
v 15.705100059509277 16.027299880981445 0
v 15.39305591583252 15.3584623336792 10
v 15.705100059509277 16.027299880981445 0
v 15.705100059509277 16.027299880981445 10
v 15.39305591583252 15.3584623336792 10
v 15.705100059509277 16.027299880981445 0
v 15.867498397827148 16.369121551513672 0
v 15.705100059509277 16.027299880981445 10
v 15.867498397827148 16.369121551513672 0
v 15.867498397827148 16.369121551513672 10
v 15.705100059509277 16.027299880981445 10
v 15.867498397827148 16.369121551513672 0
v 16.039594650268555 16.721385955810547 0
v 15.867498397827148 16.369121551513672 10
v 16.039594650268555 16.721385955810547 0
v 16.039594650268555 16.721385955810547 10
v 15.867498397827148 16.369121551513672 10
v 16.039594650268555 16.721385955810547 0
v 16.22138786315918 17.08409309387207 0
v 16.039594650268555 16.721385955810547 10
v 16.22138786315918 17.08409309387207 0
v 16.22138786315918 17.08409309387207 10
v 16.039594650268555 16.721385955810547 10
v 16.22138786315918 17.08409309387207 0
v 16.412878036499023 17.457244873046875 0
v 16.22138786315918 17.08409309387207 10
v 16.412878036499023 17.457244873046875 0
v 16.412878036499023 17.457244873046875 10
v 16.22138786315918 17.08409309387207 10
v 16.412878036499023 17.457244873046875 0
v 16.614065170288086 17.840837478637695 0
v 16.412878036499023 17.457244873046875 10
v 16.614065170288086 17.840837478637695 0
v 16.614065170288086 17.840837478637695 10
v 16.412878036499023 17.457244873046875 10
v 16.614065170288086 17.840837478637695 0
v 16.824949264526367 18.234874725341797 0
v 16.614065170288086 17.840837478637695 10
v 16.824949264526367 18.234874725341797 0
v 16.824949264526367 18.234874725341797 10
v 16.614065170288086 17.840837478637695 10
v 16.824949264526367 18.234874725341797 0
v 17.0455322265625 18.639354705810547 0
v 16.824949264526367 18.234874725341797 10
v 17.0455322265625 18.639354705810547 0
v 17.0455322265625 18.639354705810547 10
v 16.824949264526367 18.234874725341797 10
v 17.0455322265625 18.639354705810547 0
v 17.27581024169922 19.054277420043945 0
v 17.0455322265625 18.639354705810547 10
v 17.27581024169922 19.054277420043945 0
v 17.27581024169922 19.054277420043945 10
v 17.0455322265625 18.639354705810547 10
v 17.27581024169922 19.054277420043945 0
v 17.51578712463379 19.479642868041992 0
v 17.27581024169922 19.054277420043945 10
v 17.51578712463379 19.479642868041992 0
v 17.51578712463379 19.479642868041992 10
v 17.27581024169922 19.054277420043945 10
v 17.51578712463379 19.479642868041992 0
v 17.765460968017578 19.91545295715332 0
v 17.51578712463379 19.479642868041992 10
v 17.765460968017578 19.91545295715332 0
v 17.765460968017578 19.91545295715332 10
v 17.51578712463379 19.479642868041992 10
v 17.765460968017578 19.91545295715332 0
v 18.024831771850586 20.361705780029297 0
v 17.765460968017578 19.91545295715332 10
v 18.024831771850586 20.361705780029297 0
v 18.024831771850586 20.361705780029297 10
v 17.765460968017578 19.91545295715332 10
v 18.024831771850586 20.361705780029297 0
v 18.293899536132812 20.81839942932129 0
v 18.024831771850586 20.361705780029297 10
v 18.293899536132812 20.81839942932129 0
v 18.293899536132812 20.81839942932129 10
v 18.024831771850586 20.361705780029297 10
v 18.293899536132812 20.81839942932129 0
v 18.572532653808594 21.285673141479492 0
v 18.293899536132812 20.81839942932129 10
v 18.572532653808594 21.285673141479492 0
v 18.572532653808594 21.285673141479492 10
v 18.293899536132812 20.81839942932129 10
v 18.572532653808594 21.285673141479492 0
v 18.860563278198242 21.763689041137695 0
v 18.572532653808594 21.285673141479492 10
v 18.860563278198242 21.763689041137695 0
v 18.860563278198242 21.763689041137695 10
v 18.572532653808594 21.285673141479492 10
v 18.860563278198242 21.763689041137695 0
v 19.15799331665039 22.252450942993164 0
v 18.860563278198242 21.763689041137695 10
v 19.15799331665039 22.252450942993164 0
v 19.15799331665039 22.252450942993164 10
v 18.860563278198242 21.763689041137695 10
v 19.15799331665039 22.252450942993164 0
v 19.46482276916504 22.751955032348633 0
v 19.15799331665039 22.252450942993164 10
v 19.46482276916504 22.751955032348633 0
v 19.46482276916504 22.751955032348633 10
v 19.15799331665039 22.252450942993164 10
v 19.46482276916504 22.751955032348633 0
v 19.781049728393555 23.262205123901367 0
v 19.46482276916504 22.751955032348633 10
v 19.781049728393555 23.262205123901367 0
v 19.781049728393555 23.262205123901367 10
v 19.46482276916504 22.751955032348633 10
v 19.781049728393555 23.262205123901367 0
v 20.106674194335938 23.783199310302734 0
v 19.781049728393555 23.262205123901367 10
v 20.106674194335938 23.783199310302734 0
v 20.106674194335938 23.783199310302734 10
v 19.781049728393555 23.262205123901367 10
v 20.106674194335938 23.783199310302734 0
v 20.441699981689453 24.314939498901367 0
v 20.106674194335938 23.783199310302734 10
v 20.441699981689453 24.314939498901367 0
v 20.441699981689453 24.314939498901367 10
v 20.106674194335938 23.783199310302734 10
v 20.441699981689453 24.314939498901367 0
v 20.786121368408203 24.857421875 0
v 20.441699981689453 24.314939498901367 10
v 20.786121368408203 24.857421875 0
v 20.786121368408203 24.857421875 10
v 20.441699981689453 24.314939498901367 10
v 20.786121368408203 24.857421875 0
v 21.139944076538086 25.4106502532959 0
v 20.786121368408203 24.857421875 10
v 21.139944076538086 25.4106502532959 0
v 21.139944076538086 25.4106502532959 10
v 20.786121368408203 24.857421875 10
v 21.139944076538086 25.4106502532959 0
v 21.503164291381836 25.97462272644043 0
v 21.139944076538086 25.4106502532959 10
v 21.503164291381836 25.97462272644043 0
v 21.503164291381836 25.97462272644043 10
v 21.139944076538086 25.4106502532959 10
v 21.503164291381836 25.97462272644043 0
v 21.875782012939453 26.549339294433594 0
v 21.503164291381836 25.97462272644043 10
v 21.875782012939453 26.549339294433594 0
v 21.875782012939453 26.549339294433594 10
v 21.503164291381836 25.97462272644043 10
v 21.875782012939453 26.549339294433594 0
v 22.25779914855957 27.13479995727539 0
v 21.875782012939453 26.549339294433594 10
v 22.25779914855957 27.13479995727539 0
v 22.25779914855957 27.13479995727539 10
v 21.875782012939453 26.549339294433594 10
v 22.25779914855957 27.13479995727539 0
v 22.25779914855957 30.271499633789062 0
v 22.25779914855957 27.13479995727539 10
v 22.25779914855957 30.271499633789062 0
v 22.25779914855957 30.271499633789062 10
v 22.25779914855957 27.13479995727539 10
vt 22.25779914855957 30.271499633789062
vt 22.25779914855957 27.13479995727539
vt 21.875782012939453 26.549339294433594
vt 2.2558600902557373 26.984399795532227
vt 2.2558600902557373 30.271499633789062
vt 22.25779914855957 30.271499633789062
vt 17.610910415649414 25.651460647583008
vt 18.05961036682129 26.314573287963867
vt 18.519500732421875 26.984399795532227
vt 16.74707794189453 24.34537696838379
vt 17.17340087890625 24.99506187438965
vt 17.610910415649414 25.651460647583008
vt 15.928000450134277 23.066150665283203
vt 16.33194351196289 23.702407836914062
vt 16.74707794189453 24.34537696838379
vt 15.153677940368652 21.813777923583984
vt 15.53524398803711 22.436607360839844
vt 15.928000450134277 23.066150665283203
vt 14.424111366271973 20.588260650634766
vt 14.783300399780273 21.197662353515625
vt 15.153677940368652 21.813777923583984
vt 13.739299774169922 19.38960075378418
vt 14.07611083984375 19.985572814941406
vt 14.424111366271973 20.588260650634766
vt 13.096261024475098 18.214244842529297
vt 13.412932395935059 18.799461364746094
vt 13.739299774169922 19.38960075378418
vt 12.492011070251465 17.058578491210938
vt 12.789287567138672 17.633949279785156
vt 13.096261024475098 18.214244842529297
vt 11.926549911499023 15.922599792480469
vt 12.204431533813477 16.488128662109375
vt 12.492011070251465 17.058578491210938
vt 11.399877548217773 14.806310653686523
vt 11.658365249633789 15.361994743347168
vt 11.926549911499023 15.922599792480469
vt 10.911993980407715 13.709711074829102
vt 11.151087760925293 14.255550384521484
vt 11.399877548217773 14.806310653686523
vt 10.462900161743164 12.632800102233887
vt 10.682599067687988 13.168794631958008
vt 10.911993980407715 13.709711074829102
vt 10.025450706481934 11.502785682678223
vt 10.238953590393066 12.065629959106445
vt 10.462900161743164 12.632800102233887
vt 9.629777908325195 10.390077590942383
vt 9.822392463684082 10.944269180297852
vt 10.025450706481934 11.502785682678223
vt 9.275879859924316 9.29467487335205
vt 9.447607040405273 9.84021282196045
vt 9.629777908325195 10.390077590942383
vt 8.963757514953613 8.216577529907227
vt 9.11459732055664 8.753462791442871
vt 9.275879859924316 9.29467487335205
vt 8.693410873413086 7.155786037445068
vt 8.823362350463867 7.684018611907959
vt 8.963757514953613 8.216577529907227
vt 8.464839935302734 6.112299919128418
vt 8.573904037475586 6.631879806518555
vt 8.693410873413086 7.155786037445068
vt 8.274466514587402 5.080155372619629
vt 8.365326881408691 5.595556259155273
vt 8.464839935302734 6.112299919128418
vt 8.118706703186035 4.053382396697998
vt 8.192259788513184 4.566097736358643
vt 8.274466514587402 5.080155372619629
vt 7.997560024261475 3.031980037689209
vt 8.05380630493164 3.5420098304748535
vt 8.118706703186035 4.053382396697998
vt 7.911026477813721 2.01594877243042
vt 7.9499664306640625 2.5232930183410645
vt 7.997560024261475 3.031980037689209
vt 7.859106540679932 1.00528883934021
vt 7.880740165710449 1.5099475383758545
vt 7.911026477813721 2.01594877243042
vt 7.841800212860107 0
vt 7.846126556396484 0.501973032951355
vt 7.859106540679932 1.00528883934021
vt 11.88753890991211 0.6963021755218506
vt 11.880900382995605 0
vt 7.841800212860107 0
vt 22.25779914855957 30.271499633789062
vt 21.875782012939453 26.549339294433594
vt 21.503164291381836 25.97462272644043
vt 18.519500732421875 26.984399795532227
vt 2.2558600902557373 26.984399795532227
vt 22.25779914855957 30.271499633789062
vt 16.74707794189453 24.34537696838379
vt 17.610910415649414 25.651460647583008
vt 18.519500732421875 26.984399795532227
vt 15.153677940368652 21.813777923583984
vt 15.928000450134277 23.066150665283203
vt 16.74707794189453 24.34537696838379
vt 13.739299774169922 19.38960075378418
vt 14.424111366271973 20.588260650634766
vt 15.153677940368652 21.813777923583984
vt 12.492011070251465 17.058578491210938
vt 13.096261024475098 18.214244842529297
vt 13.739299774169922 19.38960075378418
vt 11.399877548217773 14.806310653686523
vt 11.926549911499023 15.922599792480469
vt 12.492011070251465 17.058578491210938
vt 10.462900161743164 12.632800102233887
vt 10.911993980407715 13.709711074829102
vt 11.399877548217773 14.806310653686523
vt 9.629777908325195 10.390077590942383
vt 10.025450706481934 11.502785682678223
vt 10.462900161743164 12.632800102233887
vt 8.963757514953613 8.216577529907227
vt 9.275879859924316 9.29467487335205
vt 9.629777908325195 10.390077590942383
vt 8.464839935302734 6.112299919128418
vt 8.693410873413086 7.155786037445068
vt 8.963757514953613 8.216577529907227
vt 8.118706703186035 4.053382396697998
vt 8.274466514587402 5.080155372619629
vt 8.464839935302734 6.112299919128418
vt 7.911026477813721 2.01594877243042
vt 7.997560024261475 3.031980037689209
vt 8.118706703186035 4.053382396697998
vt 7.841800212860107 0
vt 7.859106540679932 1.00528883934021
vt 7.911026477813721 2.01594877243042
vt 11.907455444335938 1.3887252807617188
vt 11.88753890991211 0.6963021755218506
vt 7.841800212860107 0
vt 22.25779914855957 30.271499633789062
vt 21.503164291381836 25.97462272644043
vt 21.139944076538086 25.4106502532959
vt 16.74707794189453 24.34537696838379
vt 18.519500732421875 26.984399795532227
vt 22.25779914855957 30.271499633789062
vt 13.739299774169922 19.38960075378418
vt 15.153677940368652 21.813777923583984
vt 16.74707794189453 24.34537696838379
vt 11.399877548217773 14.806310653686523
vt 12.492011070251465 17.058578491210938
vt 13.739299774169922 19.38960075378418
vt 9.629777908325195 10.390077590942383
vt 10.462900161743164 12.632800102233887
vt 11.399877548217773 14.806310653686523
vt 8.464839935302734 6.112299919128418
vt 8.963757514953613 8.216577529907227
vt 9.629777908325195 10.390077590942383
vt 7.911026477813721 2.01594877243042
vt 8.118706703186035 4.053382396697998
vt 8.464839935302734 6.112299919128418
vt 11.907455444335938 1.3887252807617188
vt 7.841800212860107 0
vt 7.911026477813721 2.01594877243042
vt 22.25779914855957 30.271499633789062
vt 21.139944076538086 25.4106502532959
vt 20.786121368408203 24.857421875
vt 13.739299774169922 19.38960075378418
vt 16.74707794189453 24.34537696838379
vt 22.25779914855957 30.271499633789062
vt 9.629777908325195 10.390077590942383
vt 11.399877548217773 14.806310653686523
vt 13.739299774169922 19.38960075378418
vt 7.911026477813721 2.01594877243042
vt 8.464839935302734 6.112299919128418
vt 9.629777908325195 10.390077590942383
vt 11.94064998626709 2.0772693157196045
vt 11.907455444335938 1.3887252807617188
vt 7.911026477813721 2.01594877243042
vt 22.25779914855957 30.271499633789062
vt 20.786121368408203 24.857421875
vt 20.441699981689453 24.314939498901367
vt 9.629777908325195 10.390077590942383
vt 13.739299774169922 19.38960075378418
vt 22.25779914855957 30.271499633789062
vt 11.94064998626709 2.0772693157196045
vt 7.911026477813721 2.01594877243042
vt 9.629777908325195 10.390077590942383
vt 22.25779914855957 30.271499633789062
vt 20.441699981689453 24.314939498901367
vt 20.106674194335938 23.783199310302734
vt 11.987122535705566 2.761934518814087
vt 11.94064998626709 2.0772693157196045
vt 9.629777908325195 10.390077590942383
vt 22.25779914855957 30.271499633789062
vt 20.106674194335938 23.783199310302734
vt 19.781049728393555 23.262205123901367
vt 12.04687213897705 3.442720413208008
vt 11.987122535705566 2.761934518814087
vt 9.629777908325195 10.390077590942383
vt 22.25779914855957 30.271499633789062
vt 19.781049728393555 23.262205123901367
vt 19.46482276916504 22.751955032348633
vt 12.11989974975586 4.119627475738525
vt 12.04687213897705 3.442720413208008
vt 9.629777908325195 10.390077590942383
vt 22.25779914855957 30.271499633789062
vt 19.46482276916504 22.751955032348633
vt 19.15799331665039 22.252450942993164
vt 12.206205368041992 4.7926554679870605
vt 12.11989974975586 4.119627475738525
vt 9.629777908325195 10.390077590942383
vt 22.25779914855957 30.271499633789062
vt 19.15799331665039 22.252450942993164
vt 18.860563278198242 21.763689041137695
vt 12.30578899383545 5.461804389953613
vt 12.206205368041992 4.7926554679870605
vt 9.629777908325195 10.390077590942383
vt 22.25779914855957 30.271499633789062
vt 18.860563278198242 21.763689041137695
vt 18.572532653808594 21.285673141479492
vt 12.418649673461914 6.127074241638184
vt 12.30578899383545 5.461804389953613
vt 9.629777908325195 10.390077590942383
vt 22.25779914855957 30.271499633789062
vt 18.572532653808594 21.285673141479492
vt 18.293899536132812 20.81839942932129
vt 12.54478931427002 6.78846549987793
vt 12.418649673461914 6.127074241638184
vt 9.629777908325195 10.390077590942383
vt 22.25779914855957 30.271499633789062
vt 18.293899536132812 20.81839942932129
vt 18.024831771850586 20.361705780029297
vt 12.684206008911133 7.445977210998535
vt 12.54478931427002 6.78846549987793
vt 9.629777908325195 10.390077590942383
vt 22.25779914855957 30.271499633789062
vt 18.024831771850586 20.361705780029297
vt 17.765460968017578 19.91545295715332
vt 12.836899757385254 8.099610328674316
vt 12.684206008911133 7.445977210998535
vt 9.629777908325195 10.390077590942383
vt 22.25779914855957 30.271499633789062
vt 17.765460968017578 19.91545295715332
vt 17.51578712463379 19.479642868041992
vt 13.002888679504395 8.752053260803223
vt 12.836899757385254 8.099610328674316
vt 9.629777908325195 10.390077590942383
vt 22.25779914855957 30.271499633789062
vt 17.51578712463379 19.479642868041992
vt 17.27581024169922 19.054277420043945
vt 13.18215560913086 9.405987739562988
vt 13.002888679504395 8.752053260803223
vt 9.629777908325195 10.390077590942383
vt 22.25779914855957 30.271499633789062
vt 17.27581024169922 19.054277420043945
vt 17.0455322265625 18.639354705810547
vt 13.374699592590332 10.06141185760498
vt 13.18215560913086 9.405987739562988
vt 9.629777908325195 10.390077590942383
vt 22.25779914855957 30.271499633789062
vt 17.0455322265625 18.639354705810547
vt 16.824949264526367 18.234874725341797
vt 13.580522537231445 10.718326568603516
vt 13.374699592590332 10.06141185760498
vt 9.629777908325195 10.390077590942383
vt 22.25779914855957 30.271499633789062
vt 16.824949264526367 18.234874725341797
vt 16.614065170288086 17.840837478637695
vt 13.799622535705566 11.376731872558594
vt 13.580522537231445 10.718326568603516
vt 9.629777908325195 10.390077590942383
vt 22.25779914855957 30.271499633789062
vt 16.614065170288086 17.840837478637695
vt 16.412878036499023 17.457244873046875
vt 14.031999588012695 12.036627769470215
vt 13.799622535705566 11.376731872558594
vt 9.629777908325195 10.390077590942383
vt 22.25779914855957 30.271499633789062
vt 16.412878036499023 17.457244873046875
vt 16.22138786315918 17.08409309387207
vt 14.277655601501465 12.698013305664062
vt 14.031999588012695 12.036627769470215
vt 9.629777908325195 10.390077590942383
vt 22.25779914855957 30.271499633789062
vt 16.22138786315918 17.08409309387207
vt 16.039594650268555 16.721385955810547
vt 14.536588668823242 13.36089038848877
vt 14.277655601501465 12.698013305664062
vt 9.629777908325195 10.390077590942383
vt 22.25779914855957 30.271499633789062
vt 16.039594650268555 16.721385955810547
vt 15.867498397827148 16.369121551513672
vt 14.808799743652344 14.025257110595703
vt 14.536588668823242 13.36089038848877
vt 9.629777908325195 10.390077590942383
vt 22.25779914855957 30.271499633789062
vt 15.867498397827148 16.369121551513672
vt 15.705100059509277 16.027299880981445
vt 15.09428882598877 14.69111442565918
vt 14.808799743652344 14.025257110595703
vt 9.629777908325195 10.390077590942383
vt 22.25779914855957 30.271499633789062
vt 15.705100059509277 16.027299880981445
vt 15.39305591583252 15.3584623336792
vt 15.39305591583252 15.3584623336792
vt 15.09428882598877 14.69111442565918
vt 9.629777908325195 10.390077590942383
vt 9.629777908325195 10.390077590942383
vt 22.25779914855957 30.271499633789062
vt 15.39305591583252 15.3584623336792
vt 21.875782012939453 26.549339294433594
vt 22.25779914855957 27.13479995727539
vt 22.25779914855957 30.271499633789062
vt 22.25779914855957 30.271499633789062
vt 2.2558600902557373 30.271499633789062
vt 2.2558600902557373 26.984399795532227
vt 18.519500732421875 26.984399795532227
vt 18.05961036682129 26.314573287963867
vt 17.610910415649414 25.651460647583008
vt 17.610910415649414 25.651460647583008
vt 17.17340087890625 24.99506187438965
vt 16.74707794189453 24.34537696838379
vt 16.74707794189453 24.34537696838379
vt 16.33194351196289 23.702407836914062
vt 15.928000450134277 23.066150665283203
vt 15.928000450134277 23.066150665283203
vt 15.53524398803711 22.436607360839844
vt 15.153677940368652 21.813777923583984
vt 15.153677940368652 21.813777923583984
vt 14.783300399780273 21.197662353515625
vt 14.424111366271973 20.588260650634766
vt 14.424111366271973 20.588260650634766
vt 14.07611083984375 19.985572814941406
vt 13.739299774169922 19.38960075378418
vt 13.739299774169922 19.38960075378418
vt 13.412932395935059 18.799461364746094
vt 13.096261024475098 18.214244842529297
vt 13.096261024475098 18.214244842529297
vt 12.789287567138672 17.633949279785156
vt 12.492011070251465 17.058578491210938
vt 12.492011070251465 17.058578491210938
vt 12.204431533813477 16.488128662109375
vt 11.926549911499023 15.922599792480469
vt 11.926549911499023 15.922599792480469
vt 11.658365249633789 15.361994743347168
vt 11.399877548217773 14.806310653686523
vt 11.399877548217773 14.806310653686523
vt 11.151087760925293 14.255550384521484
vt 10.911993980407715 13.709711074829102
vt 10.911993980407715 13.709711074829102
vt 10.682599067687988 13.168794631958008
vt 10.462900161743164 12.632800102233887
vt 10.462900161743164 12.632800102233887
vt 10.238953590393066 12.065629959106445
vt 10.025450706481934 11.502785682678223
vt 10.025450706481934 11.502785682678223
vt 9.822392463684082 10.944269180297852
vt 9.629777908325195 10.390077590942383
vt 9.629777908325195 10.390077590942383
vt 9.447607040405273 9.84021282196045
vt 9.275879859924316 9.29467487335205
vt 9.275879859924316 9.29467487335205
vt 9.11459732055664 8.753462791442871
vt 8.963757514953613 8.216577529907227
vt 8.963757514953613 8.216577529907227
vt 8.823362350463867 7.684018611907959
vt 8.693410873413086 7.155786037445068
vt 8.693410873413086 7.155786037445068
vt 8.573904037475586 6.631879806518555
vt 8.464839935302734 6.112299919128418
vt 8.464839935302734 6.112299919128418
vt 8.365326881408691 5.595556259155273
vt 8.274466514587402 5.080155372619629
vt 8.274466514587402 5.080155372619629
vt 8.192259788513184 4.566097736358643
vt 8.118706703186035 4.053382396697998
vt 8.118706703186035 4.053382396697998
vt 8.05380630493164 3.5420098304748535
vt 7.997560024261475 3.031980037689209
vt 7.997560024261475 3.031980037689209
vt 7.9499664306640625 2.5232930183410645
vt 7.911026477813721 2.01594877243042
vt 7.911026477813721 2.01594877243042
vt 7.880740165710449 1.5099475383758545
vt 7.859106540679932 1.00528883934021
vt 7.859106540679932 1.00528883934021
vt 7.846126556396484 0.501973032951355
vt 7.841800212860107 0
vt 7.841800212860107 0
vt 11.880900382995605 0
vt 11.88753890991211 0.6963021755218506
vt 21.503164291381836 25.97462272644043
vt 21.875782012939453 26.549339294433594
vt 22.25779914855957 30.271499633789062
vt 22.25779914855957 30.271499633789062
vt 2.2558600902557373 26.984399795532227
vt 18.519500732421875 26.984399795532227
vt 18.519500732421875 26.984399795532227
vt 17.610910415649414 25.651460647583008
vt 16.74707794189453 24.34537696838379
vt 16.74707794189453 24.34537696838379
vt 15.928000450134277 23.066150665283203
vt 15.153677940368652 21.813777923583984
vt 15.153677940368652 21.813777923583984
vt 14.424111366271973 20.588260650634766
vt 13.739299774169922 19.38960075378418
vt 13.739299774169922 19.38960075378418
vt 13.096261024475098 18.214244842529297
vt 12.492011070251465 17.058578491210938
vt 12.492011070251465 17.058578491210938
vt 11.926549911499023 15.922599792480469
vt 11.399877548217773 14.806310653686523
vt 11.399877548217773 14.806310653686523
vt 10.911993980407715 13.709711074829102
vt 10.462900161743164 12.632800102233887
vt 10.462900161743164 12.632800102233887
vt 10.025450706481934 11.502785682678223
vt 9.629777908325195 10.390077590942383
vt 9.629777908325195 10.390077590942383
vt 9.275879859924316 9.29467487335205
vt 8.963757514953613 8.216577529907227
vt 8.963757514953613 8.216577529907227
vt 8.693410873413086 7.155786037445068
vt 8.464839935302734 6.112299919128418
vt 8.464839935302734 6.112299919128418
vt 8.274466514587402 5.080155372619629
vt 8.118706703186035 4.053382396697998
vt 8.118706703186035 4.053382396697998
vt 7.997560024261475 3.031980037689209
vt 7.911026477813721 2.01594877243042
vt 7.911026477813721 2.01594877243042
vt 7.859106540679932 1.00528883934021
vt 7.841800212860107 0
vt 7.841800212860107 0
vt 11.88753890991211 0.6963021755218506
vt 11.907455444335938 1.3887252807617188
vt 21.139944076538086 25.4106502532959
vt 21.503164291381836 25.97462272644043
vt 22.25779914855957 30.271499633789062
vt 22.25779914855957 30.271499633789062
vt 18.519500732421875 26.984399795532227
vt 16.74707794189453 24.34537696838379
vt 16.74707794189453 24.34537696838379
vt 15.153677940368652 21.813777923583984
vt 13.739299774169922 19.38960075378418
vt 13.739299774169922 19.38960075378418
vt 12.492011070251465 17.058578491210938
vt 11.399877548217773 14.806310653686523
vt 11.399877548217773 14.806310653686523
vt 10.462900161743164 12.632800102233887
vt 9.629777908325195 10.390077590942383
vt 9.629777908325195 10.390077590942383
vt 8.963757514953613 8.216577529907227
vt 8.464839935302734 6.112299919128418
vt 8.464839935302734 6.112299919128418
vt 8.118706703186035 4.053382396697998
vt 7.911026477813721 2.01594877243042
vt 7.911026477813721 2.01594877243042
vt 7.841800212860107 0
vt 11.907455444335938 1.3887252807617188
vt 20.786121368408203 24.857421875
vt 21.139944076538086 25.4106502532959
vt 22.25779914855957 30.271499633789062
vt 22.25779914855957 30.271499633789062
vt 16.74707794189453 24.34537696838379
vt 13.739299774169922 19.38960075378418
vt 13.739299774169922 19.38960075378418
vt 11.399877548217773 14.806310653686523
vt 9.629777908325195 10.390077590942383
vt 9.629777908325195 10.390077590942383
vt 8.464839935302734 6.112299919128418
vt 7.911026477813721 2.01594877243042
vt 7.911026477813721 2.01594877243042
vt 11.907455444335938 1.3887252807617188
vt 11.94064998626709 2.0772693157196045
vt 20.441699981689453 24.314939498901367
vt 20.786121368408203 24.857421875
vt 22.25779914855957 30.271499633789062
vt 22.25779914855957 30.271499633789062
vt 13.739299774169922 19.38960075378418
vt 9.629777908325195 10.390077590942383
vt 9.629777908325195 10.390077590942383
vt 7.911026477813721 2.01594877243042
vt 11.94064998626709 2.0772693157196045
vt 20.106674194335938 23.783199310302734
vt 20.441699981689453 24.314939498901367
vt 22.25779914855957 30.271499633789062
vt 9.629777908325195 10.390077590942383
vt 11.94064998626709 2.0772693157196045
vt 11.987122535705566 2.761934518814087
vt 19.781049728393555 23.262205123901367
vt 20.106674194335938 23.783199310302734
vt 22.25779914855957 30.271499633789062
vt 9.629777908325195 10.390077590942383
vt 11.987122535705566 2.761934518814087
vt 12.04687213897705 3.442720413208008
vt 19.46482276916504 22.751955032348633
vt 19.781049728393555 23.262205123901367
vt 22.25779914855957 30.271499633789062
vt 9.629777908325195 10.390077590942383
vt 12.04687213897705 3.442720413208008
vt 12.11989974975586 4.119627475738525
vt 19.15799331665039 22.252450942993164
vt 19.46482276916504 22.751955032348633
vt 22.25779914855957 30.271499633789062
vt 9.629777908325195 10.390077590942383
vt 12.11989974975586 4.119627475738525
vt 12.206205368041992 4.7926554679870605
vt 18.860563278198242 21.763689041137695
vt 19.15799331665039 22.252450942993164
vt 22.25779914855957 30.271499633789062
vt 9.629777908325195 10.390077590942383
vt 12.206205368041992 4.7926554679870605
vt 12.30578899383545 5.461804389953613
vt 18.572532653808594 21.285673141479492
vt 18.860563278198242 21.763689041137695
vt 22.25779914855957 30.271499633789062
vt 9.629777908325195 10.390077590942383
vt 12.30578899383545 5.461804389953613
vt 12.418649673461914 6.127074241638184
vt 18.293899536132812 20.81839942932129
vt 18.572532653808594 21.285673141479492
vt 22.25779914855957 30.271499633789062
vt 9.629777908325195 10.390077590942383
vt 12.418649673461914 6.127074241638184
vt 12.54478931427002 6.78846549987793
vt 18.024831771850586 20.361705780029297
vt 18.293899536132812 20.81839942932129
vt 22.25779914855957 30.271499633789062
vt 9.629777908325195 10.390077590942383
vt 12.54478931427002 6.78846549987793
vt 12.684206008911133 7.445977210998535
vt 17.765460968017578 19.91545295715332
vt 18.024831771850586 20.361705780029297
vt 22.25779914855957 30.271499633789062
vt 9.629777908325195 10.390077590942383
vt 12.684206008911133 7.445977210998535
vt 12.836899757385254 8.099610328674316
vt 17.51578712463379 19.479642868041992
vt 17.765460968017578 19.91545295715332
vt 22.25779914855957 30.271499633789062
vt 9.629777908325195 10.390077590942383
vt 12.836899757385254 8.099610328674316
vt 13.002888679504395 8.752053260803223
vt 17.27581024169922 19.054277420043945
vt 17.51578712463379 19.479642868041992
vt 22.25779914855957 30.271499633789062
vt 9.629777908325195 10.390077590942383
vt 13.002888679504395 8.752053260803223
vt 13.18215560913086 9.405987739562988
vt 17.0455322265625 18.639354705810547
vt 17.27581024169922 19.054277420043945
vt 22.25779914855957 30.271499633789062
vt 9.629777908325195 10.390077590942383
vt 13.18215560913086 9.405987739562988
vt 13.374699592590332 10.06141185760498
vt 16.824949264526367 18.234874725341797
vt 17.0455322265625 18.639354705810547
vt 22.25779914855957 30.271499633789062
vt 9.629777908325195 10.390077590942383
vt 13.374699592590332 10.06141185760498
vt 13.580522537231445 10.718326568603516
vt 16.614065170288086 17.840837478637695
vt 16.824949264526367 18.234874725341797
vt 22.25779914855957 30.271499633789062
vt 9.629777908325195 10.390077590942383
vt 13.580522537231445 10.718326568603516
vt 13.799622535705566 11.376731872558594
vt 16.412878036499023 17.457244873046875
vt 16.614065170288086 17.840837478637695
vt 22.25779914855957 30.271499633789062
vt 9.629777908325195 10.390077590942383
vt 13.799622535705566 11.376731872558594
vt 14.031999588012695 12.036627769470215
vt 16.22138786315918 17.08409309387207
vt 16.412878036499023 17.457244873046875
vt 22.25779914855957 30.271499633789062
vt 9.629777908325195 10.390077590942383
vt 14.031999588012695 12.036627769470215
vt 14.277655601501465 12.698013305664062
vt 16.039594650268555 16.721385955810547
vt 16.22138786315918 17.08409309387207
vt 22.25779914855957 30.271499633789062
vt 9.629777908325195 10.390077590942383
vt 14.277655601501465 12.698013305664062
vt 14.536588668823242 13.36089038848877
vt 15.867498397827148 16.369121551513672
vt 16.039594650268555 16.721385955810547
vt 22.25779914855957 30.271499633789062
vt 9.629777908325195 10.390077590942383
vt 14.536588668823242 13.36089038848877
vt 14.808799743652344 14.025257110595703
vt 15.705100059509277 16.027299880981445
vt 15.867498397827148 16.369121551513672
vt 22.25779914855957 30.271499633789062
vt 9.629777908325195 10.390077590942383
vt 14.808799743652344 14.025257110595703
vt 15.09428882598877 14.69111442565918
vt 15.39305591583252 15.3584623336792
vt 15.705100059509277 16.027299880981445
vt 22.25779914855957 30.271499633789062
vt 9.629777908325195 10.390077590942383
vt 15.09428882598877 14.69111442565918
vt 15.39305591583252 15.3584623336792
vt 15.39305591583252 15.3584623336792
vt 22.25779914855957 30.271499633789062
vt 9.629777908325195 10.390077590942383
vt 22.25779914855957 1
vt 2.2558600902557373 1
vt 22.25779914855957 -9
vt 2.2558600902557373 1
vt 2.2558600902557373 -9
vt 22.25779914855957 -9
vt 30.271499633789062 1
vt 26.984399795532227 1
vt 30.271499633789062 -9
vt 26.984399795532227 1
vt 26.984399795532227 -9
vt 30.271499633789062 -9
vt 2.2558600902557373 1
vt 18.519500732421875 1
vt 2.2558600902557373 -9
vt 18.519500732421875 1
vt 18.519500732421875 -9
vt 2.2558600902557373 -9
vt 26.984399795532227 1
vt 26.314573287963867 1
vt 26.984399795532227 -9
vt 26.314573287963867 1
vt 26.314573287963867 -9
vt 26.984399795532227 -9
vt 26.314573287963867 1
vt 25.651460647583008 1
vt 26.314573287963867 -9
vt 25.651460647583008 1
vt 25.651460647583008 -9
vt 26.314573287963867 -9
vt 25.651460647583008 1
vt 24.99506187438965 1
vt 25.651460647583008 -9
vt 24.99506187438965 1
vt 24.99506187438965 -9
vt 25.651460647583008 -9
vt 24.99506187438965 1
vt 24.34537696838379 1
vt 24.99506187438965 -9
vt 24.34537696838379 1
vt 24.34537696838379 -9
vt 24.99506187438965 -9
vt 24.34537696838379 1
vt 23.702407836914062 1
vt 24.34537696838379 -9
vt 23.702407836914062 1
vt 23.702407836914062 -9
vt 24.34537696838379 -9
vt 23.702407836914062 1
vt 23.066150665283203 1
vt 23.702407836914062 -9
vt 23.066150665283203 1
vt 23.066150665283203 -9
vt 23.702407836914062 -9
vt 23.066150665283203 1
vt 22.436607360839844 1
vt 23.066150665283203 -9
vt 22.436607360839844 1
vt 22.436607360839844 -9
vt 23.066150665283203 -9
vt 22.436607360839844 1
vt 21.813777923583984 1
vt 22.436607360839844 -9
vt 21.813777923583984 1
vt 21.813777923583984 -9
vt 22.436607360839844 -9
vt 21.813777923583984 1
vt 21.197662353515625 1
vt 21.813777923583984 -9
vt 21.197662353515625 1
vt 21.197662353515625 -9
vt 21.813777923583984 -9
vt 21.197662353515625 1
vt 20.588260650634766 1
vt 21.197662353515625 -9
vt 20.588260650634766 1
vt 20.588260650634766 -9
vt 21.197662353515625 -9
vt 20.588260650634766 1
vt 19.985572814941406 1
vt 20.588260650634766 -9
vt 19.985572814941406 1
vt 19.985572814941406 -9
vt 20.588260650634766 -9
vt 19.985572814941406 1
vt 19.38960075378418 1
vt 19.985572814941406 -9
vt 19.38960075378418 1
vt 19.38960075378418 -9
vt 19.985572814941406 -9
vt 19.38960075378418 1
vt 18.799461364746094 1
vt 19.38960075378418 -9
vt 18.799461364746094 1
vt 18.799461364746094 -9
vt 19.38960075378418 -9
vt 18.799461364746094 1
vt 18.214244842529297 1
vt 18.799461364746094 -9
vt 18.214244842529297 1
vt 18.214244842529297 -9
vt 18.799461364746094 -9
vt 18.214244842529297 1
vt 17.633949279785156 1
vt 18.214244842529297 -9
vt 17.633949279785156 1
vt 17.633949279785156 -9
vt 18.214244842529297 -9
vt 17.633949279785156 1
vt 17.058578491210938 1
vt 17.633949279785156 -9
vt 17.058578491210938 1
vt 17.058578491210938 -9
vt 17.633949279785156 -9
vt 17.058578491210938 1
vt 16.488128662109375 1
vt 17.058578491210938 -9
vt 16.488128662109375 1
vt 16.488128662109375 -9
vt 17.058578491210938 -9
vt 16.488128662109375 1
vt 15.922599792480469 1
vt 16.488128662109375 -9
vt 15.922599792480469 1
vt 15.922599792480469 -9
vt 16.488128662109375 -9
vt 15.922599792480469 1
vt 15.361994743347168 1
vt 15.922599792480469 -9
vt 15.361994743347168 1
vt 15.361994743347168 -9
vt 15.922599792480469 -9
vt 15.361994743347168 1
vt 14.806310653686523 1
vt 15.361994743347168 -9
vt 14.806310653686523 1
vt 14.806310653686523 -9
vt 15.361994743347168 -9
vt 14.806310653686523 1
vt 14.255550384521484 1
vt 14.806310653686523 -9
vt 14.255550384521484 1
vt 14.255550384521484 -9
vt 14.806310653686523 -9
vt 14.255550384521484 1
vt 13.709711074829102 1
vt 14.255550384521484 -9
vt 13.709711074829102 1
vt 13.709711074829102 -9
vt 14.255550384521484 -9
vt 13.709711074829102 1
vt 13.168794631958008 1
vt 13.709711074829102 -9
vt 13.168794631958008 1
vt 13.168794631958008 -9
vt 13.709711074829102 -9
vt 13.168794631958008 1
vt 12.632800102233887 1
vt 13.168794631958008 -9
vt 12.632800102233887 1
vt 12.632800102233887 -9
vt 13.168794631958008 -9
vt 12.632800102233887 1
vt 12.065629959106445 1
vt 12.632800102233887 -9
vt 12.065629959106445 1
vt 12.065629959106445 -9
vt 12.632800102233887 -9
vt 12.065629959106445 1
vt 11.502785682678223 1
vt 12.065629959106445 -9
vt 11.502785682678223 1
vt 11.502785682678223 -9
vt 12.065629959106445 -9
vt 11.502785682678223 1
vt 10.944269180297852 1
vt 11.502785682678223 -9
vt 10.944269180297852 1
vt 10.944269180297852 -9
vt 11.502785682678223 -9
vt 10.944269180297852 1
vt 10.390077590942383 1
vt 10.944269180297852 -9
vt 10.390077590942383 1
vt 10.390077590942383 -9
vt 10.944269180297852 -9
vt 10.390077590942383 1
vt 9.84021282196045 1
vt 10.390077590942383 -9
vt 9.84021282196045 1
vt 9.84021282196045 -9
vt 10.390077590942383 -9
vt 9.84021282196045 1
vt 9.29467487335205 1
vt 9.84021282196045 -9
vt 9.29467487335205 1
vt 9.29467487335205 -9
vt 9.84021282196045 -9
vt 9.29467487335205 1
vt 8.753462791442871 1
vt 9.29467487335205 -9
vt 8.753462791442871 1
vt 8.753462791442871 -9
vt 9.29467487335205 -9
vt 8.753462791442871 1
vt 8.216577529907227 1
vt 8.753462791442871 -9
vt 8.216577529907227 1
vt 8.216577529907227 -9
vt 8.753462791442871 -9
vt 8.216577529907227 1
vt 7.684018611907959 1
vt 8.216577529907227 -9
vt 7.684018611907959 1
vt 7.684018611907959 -9
vt 8.216577529907227 -9
vt 7.684018611907959 1
vt 7.155786037445068 1
vt 7.684018611907959 -9
vt 7.155786037445068 1
vt 7.155786037445068 -9
vt 7.684018611907959 -9
vt 7.155786037445068 1
vt 6.631879806518555 1
vt 7.155786037445068 -9
vt 6.631879806518555 1
vt 6.631879806518555 -9
vt 7.155786037445068 -9
vt 6.631879806518555 1
vt 6.112299919128418 1
vt 6.631879806518555 -9
vt 6.112299919128418 1
vt 6.112299919128418 -9
vt 6.631879806518555 -9
vt 6.112299919128418 1
vt 5.595556259155273 1
vt 6.112299919128418 -9
vt 5.595556259155273 1
vt 5.595556259155273 -9
vt 6.112299919128418 -9
vt 5.595556259155273 1
vt 5.080155372619629 1
vt 5.595556259155273 -9
vt 5.080155372619629 1
vt 5.080155372619629 -9
vt 5.595556259155273 -9
vt 5.080155372619629 1
vt 4.566097736358643 1
vt 5.080155372619629 -9
vt 4.566097736358643 1
vt 4.566097736358643 -9
vt 5.080155372619629 -9
vt 4.566097736358643 1
vt 4.053382396697998 1
vt 4.566097736358643 -9
vt 4.053382396697998 1
vt 4.053382396697998 -9
vt 4.566097736358643 -9
vt 4.053382396697998 1
vt 3.5420098304748535 1
vt 4.053382396697998 -9
vt 3.5420098304748535 1
vt 3.5420098304748535 -9
vt 4.053382396697998 -9
vt 3.5420098304748535 1
vt 3.031980037689209 1
vt 3.5420098304748535 -9
vt 3.031980037689209 1
vt 3.031980037689209 -9
vt 3.5420098304748535 -9
vt 3.031980037689209 1
vt 2.5232930183410645 1
vt 3.031980037689209 -9
vt 2.5232930183410645 1
vt 2.5232930183410645 -9
vt 3.031980037689209 -9
vt 2.5232930183410645 1
vt 2.01594877243042 1
vt 2.5232930183410645 -9
vt 2.01594877243042 1
vt 2.01594877243042 -9
vt 2.5232930183410645 -9
vt 2.01594877243042 1
vt 1.5099475383758545 1
vt 2.01594877243042 -9
vt 1.5099475383758545 1
vt 1.5099475383758545 -9
vt 2.01594877243042 -9
vt 1.5099475383758545 1
vt 1.00528883934021 1
vt 1.5099475383758545 -9
vt 1.00528883934021 1
vt 1.00528883934021 -9
vt 1.5099475383758545 -9
vt 1.00528883934021 1
vt 0.501973032951355 1
vt 1.00528883934021 -9
vt 0.501973032951355 1
vt 0.501973032951355 -9
vt 1.00528883934021 -9
vt 0.501973032951355 1
vt 0 1
vt 0.501973032951355 -9
vt 0 1
vt 0 -9
vt 0.501973032951355 -9
vt 7.841800212860107 1
vt 11.880900382995605 1
vt 7.841800212860107 -9
vt 11.880900382995605 1
vt 11.880900382995605 -9
vt 7.841800212860107 -9
vt 0 1
vt 0.6963021755218506 1
vt 0 -9
vt 0.6963021755218506 1
vt 0.6963021755218506 -9
vt 0 -9
vt 0.6963021755218506 1
vt 1.3887252807617188 1
vt 0.6963021755218506 -9
vt 1.3887252807617188 1
vt 1.3887252807617188 -9
vt 0.6963021755218506 -9
vt 1.3887252807617188 1
vt 2.0772693157196045 1
vt 1.3887252807617188 -9
vt 2.0772693157196045 1
vt 2.0772693157196045 -9
vt 1.3887252807617188 -9
vt 2.0772693157196045 1
vt 2.761934518814087 1
vt 2.0772693157196045 -9
vt 2.761934518814087 1
vt 2.761934518814087 -9
vt 2.0772693157196045 -9
vt 2.761934518814087 1
vt 3.442720413208008 1
vt 2.761934518814087 -9
vt 3.442720413208008 1
vt 3.442720413208008 -9
vt 2.761934518814087 -9
vt 3.442720413208008 1
vt 4.119627475738525 1
vt 3.442720413208008 -9
vt 4.119627475738525 1
vt 4.119627475738525 -9
vt 3.442720413208008 -9
vt 4.119627475738525 1
vt 4.7926554679870605 1
vt 4.119627475738525 -9
vt 4.7926554679870605 1
vt 4.7926554679870605 -9
vt 4.119627475738525 -9
vt 4.7926554679870605 1
vt 5.461804389953613 1
vt 4.7926554679870605 -9
vt 5.461804389953613 1
vt 5.461804389953613 -9
vt 4.7926554679870605 -9
vt 5.461804389953613 1
vt 6.127074241638184 1
vt 5.461804389953613 -9
vt 6.127074241638184 1
vt 6.127074241638184 -9
vt 5.461804389953613 -9
vt 6.127074241638184 1
vt 6.78846549987793 1
vt 6.127074241638184 -9
vt 6.78846549987793 1
vt 6.78846549987793 -9
vt 6.127074241638184 -9
vt 6.78846549987793 1
vt 7.445977210998535 1
vt 6.78846549987793 -9
vt 7.445977210998535 1
vt 7.445977210998535 -9
vt 6.78846549987793 -9
vt 7.445977210998535 1
vt 8.099610328674316 1
vt 7.445977210998535 -9
vt 8.099610328674316 1
vt 8.099610328674316 -9
vt 7.445977210998535 -9
vt 8.099610328674316 1
vt 8.752053260803223 1
vt 8.099610328674316 -9
vt 8.752053260803223 1
vt 8.752053260803223 -9
vt 8.099610328674316 -9
vt 8.752053260803223 1
vt 9.405987739562988 1
vt 8.752053260803223 -9
vt 9.405987739562988 1
vt 9.405987739562988 -9
vt 8.752053260803223 -9
vt 9.405987739562988 1
vt 10.06141185760498 1
vt 9.405987739562988 -9
vt 10.06141185760498 1
vt 10.06141185760498 -9
vt 9.405987739562988 -9
vt 10.06141185760498 1
vt 10.718326568603516 1
vt 10.06141185760498 -9
vt 10.718326568603516 1
vt 10.718326568603516 -9
vt 10.06141185760498 -9
vt 10.718326568603516 1
vt 11.376731872558594 1
vt 10.718326568603516 -9
vt 11.376731872558594 1
vt 11.376731872558594 -9
vt 10.718326568603516 -9
vt 11.376731872558594 1
vt 12.036627769470215 1
vt 11.376731872558594 -9
vt 12.036627769470215 1
vt 12.036627769470215 -9
vt 11.376731872558594 -9
vt 12.036627769470215 1
vt 12.698013305664062 1
vt 12.036627769470215 -9
vt 12.698013305664062 1
vt 12.698013305664062 -9
vt 12.036627769470215 -9
vt 12.698013305664062 1
vt 13.36089038848877 1
vt 12.698013305664062 -9
vt 13.36089038848877 1
vt 13.36089038848877 -9
vt 12.698013305664062 -9
vt 13.36089038848877 1
vt 14.025257110595703 1
vt 13.36089038848877 -9
vt 14.025257110595703 1
vt 14.025257110595703 -9
vt 13.36089038848877 -9
vt 14.025257110595703 1
vt 14.69111442565918 1
vt 14.025257110595703 -9
vt 14.69111442565918 1
vt 14.69111442565918 -9
vt 14.025257110595703 -9
vt 14.69111442565918 1
vt 15.3584623336792 1
vt 14.69111442565918 -9
vt 15.3584623336792 1
vt 15.3584623336792 -9
vt 14.69111442565918 -9
vt 15.3584623336792 1
vt 16.027299880981445 1
vt 15.3584623336792 -9
vt 16.027299880981445 1
vt 16.027299880981445 -9
vt 15.3584623336792 -9
vt 16.027299880981445 1
vt 16.369121551513672 1
vt 16.027299880981445 -9
vt 16.369121551513672 1
vt 16.369121551513672 -9
vt 16.027299880981445 -9
vt 16.369121551513672 1
vt 16.721385955810547 1
vt 16.369121551513672 -9
vt 16.721385955810547 1
vt 16.721385955810547 -9
vt 16.369121551513672 -9
vt 16.721385955810547 1
vt 17.08409309387207 1
vt 16.721385955810547 -9
vt 17.08409309387207 1
vt 17.08409309387207 -9
vt 16.721385955810547 -9
vt 17.08409309387207 1
vt 17.457244873046875 1
vt 17.08409309387207 -9
vt 17.457244873046875 1
vt 17.457244873046875 -9
vt 17.08409309387207 -9
vt 17.457244873046875 1
vt 17.840837478637695 1
vt 17.457244873046875 -9
vt 17.840837478637695 1
vt 17.840837478637695 -9
vt 17.457244873046875 -9
vt 17.840837478637695 1
vt 18.234874725341797 1
vt 17.840837478637695 -9
vt 18.234874725341797 1
vt 18.234874725341797 -9
vt 17.840837478637695 -9
vt 18.234874725341797 1
vt 18.639354705810547 1
vt 18.234874725341797 -9
vt 18.639354705810547 1
vt 18.639354705810547 -9
vt 18.234874725341797 -9
vt 18.639354705810547 1
vt 19.054277420043945 1
vt 18.639354705810547 -9
vt 19.054277420043945 1
vt 19.054277420043945 -9
vt 18.639354705810547 -9
vt 19.054277420043945 1
vt 19.479642868041992 1
vt 19.054277420043945 -9
vt 19.479642868041992 1
vt 19.479642868041992 -9
vt 19.054277420043945 -9
vt 19.479642868041992 1
vt 19.91545295715332 1
vt 19.479642868041992 -9
vt 19.91545295715332 1
vt 19.91545295715332 -9
vt 19.479642868041992 -9
vt 19.91545295715332 1
vt 20.361705780029297 1
vt 19.91545295715332 -9
vt 20.361705780029297 1
vt 20.361705780029297 -9
vt 19.91545295715332 -9
vt 20.361705780029297 1
vt 20.81839942932129 1
vt 20.361705780029297 -9
vt 20.81839942932129 1
vt 20.81839942932129 -9
vt 20.361705780029297 -9
vt 20.81839942932129 1
vt 21.285673141479492 1
vt 20.81839942932129 -9
vt 21.285673141479492 1
vt 21.285673141479492 -9
vt 20.81839942932129 -9
vt 21.285673141479492 1
vt 21.763689041137695 1
vt 21.285673141479492 -9
vt 21.763689041137695 1
vt 21.763689041137695 -9
vt 21.285673141479492 -9
vt 21.763689041137695 1
vt 22.252450942993164 1
vt 21.763689041137695 -9
vt 22.252450942993164 1
vt 22.252450942993164 -9
vt 21.763689041137695 -9
vt 22.252450942993164 1
vt 22.751955032348633 1
vt 22.252450942993164 -9
vt 22.751955032348633 1
vt 22.751955032348633 -9
vt 22.252450942993164 -9
vt 22.751955032348633 1
vt 23.262205123901367 1
vt 22.751955032348633 -9
vt 23.262205123901367 1
vt 23.262205123901367 -9
vt 22.751955032348633 -9
vt 23.262205123901367 1
vt 23.783199310302734 1
vt 23.262205123901367 -9
vt 23.783199310302734 1
vt 23.783199310302734 -9
vt 23.262205123901367 -9
vt 23.783199310302734 1
vt 24.314939498901367 1
vt 23.783199310302734 -9
vt 24.314939498901367 1
vt 24.314939498901367 -9
vt 23.783199310302734 -9
vt 24.314939498901367 1
vt 24.857421875 1
vt 24.314939498901367 -9
vt 24.857421875 1
vt 24.857421875 -9
vt 24.314939498901367 -9
vt 24.857421875 1
vt 25.4106502532959 1
vt 24.857421875 -9
vt 25.4106502532959 1
vt 25.4106502532959 -9
vt 24.857421875 -9
vt 25.4106502532959 1
vt 25.97462272644043 1
vt 25.4106502532959 -9
vt 25.97462272644043 1
vt 25.97462272644043 -9
vt 25.4106502532959 -9
vt 25.97462272644043 1
vt 26.549339294433594 1
vt 25.97462272644043 -9
vt 26.549339294433594 1
vt 26.549339294433594 -9
vt 25.97462272644043 -9
vt 26.549339294433594 1
vt 27.13479995727539 1
vt 26.549339294433594 -9
vt 27.13479995727539 1
vt 27.13479995727539 -9
vt 26.549339294433594 -9
vt 27.13479995727539 1
vt 30.271499633789062 1
vt 27.13479995727539 -9
vt 30.271499633789062 1
vt 30.271499633789062 -9
vt 27.13479995727539 -9
vn 0 0 -1
vn 0 0 -1
vn 0 0 -1
vn 0 0 -1
vn 0 0 -1
vn 0 0 -1
vn 0 0 -1
vn 0 0 -1
vn 0 0 -1
vn 0 0 -1
vn 0 0 -1
vn 0 0 -1
vn 0 0 -1
vn 0 0 -1
vn 0 0 -1
vn 0 0 -1
vn 0 0 -1
vn 0 0 -1
vn 0 0 -1
vn 0 0 -1
vn 0 0 -1
vn 0 0 -1
vn 0 0 -1
vn 0 0 -1
vn 0 0 -1
vn 0 0 -1
vn 0 0 -1
vn 0 0 -1
vn 0 0 -1
vn 0 0 -1
vn 0 0 -1
vn 0 0 -1
vn 0 0 -1
vn 0 0 -1
vn 0 0 -1
vn 0 0 -1
vn 0 0 -1
vn 0 0 -1
vn 0 0 -1
vn 0 0 -1
vn 0 0 -1
vn 0 0 -1
vn 0 0 -1
vn 0 0 -1
vn 0 0 -1
vn 0 0 -1
vn 0 0 -1
vn 0 0 -1
vn 0 0 -1
vn 0 0 -1
vn 0 0 -1
vn 0 0 -1
vn 0 0 -1
vn 0 0 -1
vn 0 0 -1
vn 0 0 -1
vn 0 0 -1
vn 0 0 -1
vn 0 0 -1
vn 0 0 -1
vn 0 0 -1
vn 0 0 -1
vn 0 0 -1
vn 0 0 -1
vn 0 0 -1
vn 0 0 -1
vn 0 0 -1
vn 0 0 -1
vn 0 0 -1
vn 0 0 -1
vn 0 0 -1
vn 0 0 -1
vn 0 0 -1
vn 0 0 -1
vn 0 0 -1
vn 0 0 -1
vn 0 0 -1
vn 0 0 -1
vn 0 0 -1
vn 0 0 -1
vn 0 0 -1
vn 0 0 -1
vn 0 0 -1
vn 0 0 -1
vn 0 0 -1
vn 0 0 -1
vn 0 0 -1
vn 0 0 -1
vn 0 0 -1
vn 0 0 -1
vn 0 0 -1
vn 0 0 -1
vn 0 0 -1
vn 0 0 -1
vn 0 0 -1
vn 0 0 -1
vn 0 0 -1
vn 0 0 -1
vn 0 0 -1
vn 0 0 -1
vn 0 0 -1
vn 0 0 -1
vn 0 0 -1
vn 0 0 -1
vn 0 0 -1
vn 0 0 -1
vn 0 0 -1
vn 0 0 -1
vn 0 0 -1
vn 0 0 -1
vn 0 0 -1
vn 0 0 -1
vn 0 0 -1
vn 0 0 -1
vn 0 0 -1
vn 0 0 -1
vn 0 0 -1
vn 0 0 -1
vn 0 0 -1
vn 0 0 -1
vn 0 0 -1
vn 0 0 -1
vn 0 0 -1
vn 0 0 -1
vn 0 0 -1
vn 0 0 -1
vn 0 0 -1
vn 0 0 -1
vn 0 0 -1
vn 0 0 -1
vn 0 0 -1
vn 0 0 -1
vn 0 0 -1
vn 0 0 -1
vn 0 0 -1
vn 0 0 -1
vn 0 0 -1
vn 0 0 -1
vn 0 0 -1
vn 0 0 -1
vn 0 0 -1
vn 0 0 -1
vn 0 0 -1
vn 0 0 -1
vn 0 0 -1
vn 0 0 -1
vn 0 0 -1
vn 0 0 -1
vn 0 0 -1
vn 0 0 -1
vn 0 0 -1
vn 0 0 -1
vn 0 0 -1
vn 0 0 -1
vn 0 0 -1
vn 0 0 -1
vn 0 0 -1
vn 0 0 -1
vn 0 0 -1
vn 0 0 -1
vn 0 0 -1
vn 0 0 -1
vn 0 0 -1
vn 0 0 -1
vn 0 0 -1
vn 0 0 -1
vn 0 0 -1
vn 0 0 -1
vn 0 0 -1
vn 0 0 -1
vn 0 0 -1
vn 0 0 -1
vn 0 0 -1
vn 0 0 -1
vn 0 0 -1
vn 0 0 -1
vn 0 0 -1
vn 0 0 -1
vn 0 0 -1
vn 0 0 -1
vn 0 0 -1
vn 0 0 -1
vn 0 0 -1
vn 0 0 -1
vn 0 0 -1
vn 0 0 -1
vn 0 0 -1
vn 0 0 -1
vn 0 0 -1
vn 0 0 -1
vn 0 0 -1
vn 0 0 -1
vn 0 0 -1
vn 0 0 -1
vn 0 0 -1
vn 0 0 -1
vn 0 0 -1
vn 0 0 -1
vn 0 0 -1
vn 0 0 -1
vn 0 0 -1
vn 0 0 -1
vn 0 0 -1
vn 0 0 -1
vn 0 0 -1
vn 0 0 -1
vn 0 0 -1
vn 0 0 -1
vn 0 0 -1
vn 0 0 -1
vn 0 0 -1
vn 0 0 -1
vn 0 0 -1
vn 0 0 -1
vn 0 0 -1
vn 0 0 -1
vn 0 0 -1
vn 0 0 -1
vn 0 0 -1
vn 0 0 -1
vn 0 0 -1
vn 0 0 -1
vn 0 0 -1
vn 0 0 -1
vn 0 0 -1
vn 0 0 -1
vn 0 0 -1
vn 0 0 -1
vn 0 0 -1
vn 0 0 -1
vn 0 0 -1
vn 0 0 -1
vn 0 0 -1
vn 0 0 -1
vn 0 0 -1
vn 0 0 -1
vn 0 0 -1
vn 0 0 -1
vn 0 0 -1
vn 0 0 -1
vn 0 0 -1
vn 0 0 -1
vn 0 0 -1
vn 0 0 -1
vn 0 0 -1
vn 0 0 -1
vn 0 0 -1
vn 0 0 -1
vn 0 0 -1
vn 0 0 -1
vn 0 0 -1
vn 0 0 -1
vn 0 0 -1
vn 0 0 -1
vn 0 0 -1
vn 0 0 -1
vn 0 0 -1
vn 0 0 -1
vn 0 0 -1
vn 0 0 -1
vn 0 0 -1
vn 0 0 -1
vn 0 0 -1
vn 0 0 -1
vn 0 0 -1
vn 0 0 -1
vn 0 0 -1
vn 0 0 -1
vn 0 0 -1
vn 0 0 -1
vn 0 0 -1
vn 0 0 -1
vn 0 0 -1
vn 0 0 -1
vn 0 0 -1
vn 0 0 -1
vn 0 0 -1
vn 0 0 -1
vn 0 0 -1
vn 0 0 -1
vn 0 0 -1
vn 0 0 -1
vn 0 0 -1
vn 0 0 -1
vn 0 0 -1
vn 0 0 -1
vn 0 0 -1
vn 0 0 -1
vn 0 0 -1
vn 0 0 -1
vn 0 0 -1
vn 0 0 -1
vn 0 0 -1
vn 0 0 -1
vn 0 0 -1
vn 0 0 -1
vn 0 0 -1
vn 0 0 1
vn 0 0 1
vn 0 0 1
vn 0 0 1
vn 0 0 1
vn 0 0 1
vn 0 0 1
vn 0 0 1
vn 0 0 1
vn 0 0 1
vn 0 0 1
vn 0 0 1
vn 0 0 1
vn 0 0 1
vn 0 0 1
vn 0 0 1
vn 0 0 1
vn 0 0 1
vn 0 0 1
vn 0 0 1
vn 0 0 1
vn 0 0 1
vn 0 0 1
vn 0 0 1
vn 0 0 1
vn 0 0 1
vn 0 0 1
vn 0 0 1
vn 0 0 1
vn 0 0 1
vn 0 0 1
vn 0 0 1
vn 0 0 1
vn 0 0 1
vn 0 0 1
vn 0 0 1
vn 0 0 1
vn 0 0 1
vn 0 0 1
vn 0 0 1
vn 0 0 1
vn 0 0 1
vn 0 0 1
vn 0 0 1
vn 0 0 1
vn 0 0 1
vn 0 0 1
vn 0 0 1
vn 0 0 1
vn 0 0 1
vn 0 0 1
vn 0 0 1
vn 0 0 1
vn 0 0 1
vn 0 0 1
vn 0 0 1
vn 0 0 1
vn 0 0 1
vn 0 0 1
vn 0 0 1
vn 0 0 1
vn 0 0 1
vn 0 0 1
vn 0 0 1
vn 0 0 1
vn 0 0 1
vn 0 0 1
vn 0 0 1
vn 0 0 1
vn 0 0 1
vn 0 0 1
vn 0 0 1
vn 0 0 1
vn 0 0 1
vn 0 0 1
vn 0 0 1
vn 0 0 1
vn 0 0 1
vn 0 0 1
vn 0 0 1
vn 0 0 1
vn 0 0 1
vn 0 0 1
vn 0 0 1
vn 0 0 1
vn 0 0 1
vn 0 0 1
vn 0 0 1
vn 0 0 1
vn 0 0 1
vn 0 0 1
vn 0 0 1
vn 0 0 1
vn 0 0 1
vn 0 0 1
vn 0 0 1
vn 0 0 1
vn 0 0 1
vn 0 0 1
vn 0 0 1
vn 0 0 1
vn 0 0 1
vn 0 0 1
vn 0 0 1
vn 0 0 1
vn 0 0 1
vn 0 0 1
vn 0 0 1
vn 0 0 1
vn 0 0 1
vn 0 0 1
vn 0 0 1
vn 0 0 1
vn 0 0 1
vn 0 0 1
vn 0 0 1
vn 0 0 1
vn 0 0 1
vn 0 0 1
vn 0 0 1
vn 0 0 1
vn 0 0 1
vn 0 0 1
vn 0 0 1
vn 0 0 1
vn 0 0 1
vn 0 0 1
vn 0 0 1
vn 0 0 1
vn 0 0 1
vn 0 0 1
vn 0 0 1
vn 0 0 1
vn 0 0 1
vn 0 0 1
vn 0 0 1
vn 0 0 1
vn 0 0 1
vn 0 0 1
vn 0 0 1
vn 0 0 1
vn 0 0 1
vn 0 0 1
vn 0 0 1
vn 0 0 1
vn 0 0 1
vn 0 0 1
vn 0 0 1
vn 0 0 1
vn 0 0 1
vn 0 0 1
vn 0 0 1
vn 0 0 1
vn 0 0 1
vn 0 0 1
vn 0 0 1
vn 0 0 1
vn 0 0 1
vn 0 0 1
vn 0 0 1
vn 0 0 1
vn 0 0 1
vn 0 0 1
vn 0 0 1
vn 0 0 1
vn 0 0 1
vn 0 0 1
vn 0 0 1
vn 0 0 1
vn 0 0 1
vn 0 0 1
vn 0 0 1
vn 0 0 1
vn 0 0 1
vn 0 0 1
vn 0 0 1
vn 0 0 1
vn 0 0 1
vn 0 0 1
vn 0 0 1
vn 0 0 1
vn 0 0 1
vn 0 0 1
vn 0 0 1
vn 0 0 1
vn 0 0 1
vn 0 0 1
vn 0 0 1
vn 0 0 1
vn 0 0 1
vn 0 0 1
vn 0 0 1
vn 0 0 1
vn 0 0 1
vn 0 0 1
vn 0 0 1
vn 0 0 1
vn 0 0 1
vn 0 0 1
vn 0 0 1
vn 0 0 1
vn 0 0 1
vn 0 0 1
vn 0 0 1
vn 0 0 1
vn 0 0 1
vn 0 0 1
vn 0 0 1
vn 0 0 1
vn 0 0 1
vn 0 0 1
vn 0 0 1
vn 0 0 1
vn 0 0 1
vn 0 0 1
vn 0 0 1
vn 0 0 1
vn 0 0 1
vn 0 0 1
vn 0 0 1
vn 0 0 1
vn 0 0 1
vn 0 0 1
vn 0 0 1
vn 0 0 1
vn 0 0 1
vn 0 0 1
vn 0 0 1
vn 0 0 1
vn 0 0 1
vn 0 0 1
vn 0 0 1
vn 0 0 1
vn 0 0 1
vn 0 0 1
vn 0 0 1
vn 0 0 1
vn 0 0 1
vn 0 0 1
vn 0 0 1
vn 0 0 1
vn 0 0 1
vn 0 0 1
vn 0 0 1
vn 0 0 1
vn 0 0 1
vn 0 0 1
vn 0 0 1
vn 0 0 1
vn 0 0 1
vn 0 0 1
vn 0 0 1
vn 0 0 1
vn 0 0 1
vn 0 0 1
vn 0 0 1
vn 0 0 1
vn 0 0 1
vn 0 0 1
vn 0 0 1
vn 0 0 1
vn 0 0 1
vn 0 0 1
vn 0 0 1
vn 0 0 1
vn 0 0 1
vn 0 0 1
vn 0 0 1
vn 0 0 1
vn 0 0 1
vn 0 0 1
vn 0 0 1
vn 0 0 1
vn 0 0 1
vn 0 0 1
vn 0 0 1
vn 0 0 1
vn 0 0 1
vn 0 0 1
vn 0 0 1
vn 0 0 1
vn 0 0 1
vn 0 0 1
vn 0 0 1
vn 0 0 1
vn 0 0 1
vn 0 0 1
vn 0 0 1
vn 0 0 1
vn 0 0 1
vn 0 0 1
vn 0 0 1
vn 0 0 1
vn 0 0 1
vn 0 0 1
vn 0 0 1
vn 0 0 1
vn 0 1 0
vn 0 1 0
vn 0 1 0
vn 0 1 0
vn 0 1 0
vn 0 1 0
vn -1 0 0
vn -1 0 0
vn -1 0 0
vn -1 0 0
vn -1 0 0
vn -1 0 0
vn 0 -1 0
vn 0 -1 0
vn 0 -1 0
vn 0 -1 0
vn 0 -1 0
vn 0 -1 0
vn -0.8243953509414197 0.5660144038327766 0
vn -0.8243953509414197 0.5660144038327766 0
vn -0.8243953509414197 0.5660144038327766 0
vn -0.8243953509414197 0.5660144038327766 0
vn -0.8243953509414197 0.5660144038327766 0
vn -0.8243953509414197 0.5660144038327766 0
vn -0.8282116782165192 0.5604153959928091 0
vn -0.8282116782165192 0.5604153959928091 0
vn -0.8282116782165192 0.5604153959928091 0
vn -0.8282116782165192 0.5604153959928091 0
vn -0.8282116782165192 0.5604153959928091 0
vn -0.8282116782165192 0.5604153959928091 0
vn -0.832102733537832 0.5546215293683321 0
vn -0.832102733537832 0.5546215293683321 0
vn -0.832102733537832 0.5546215293683321 0
vn -0.832102733537832 0.5546215293683321 0
vn -0.832102733537832 0.5546215293683321 0
vn -0.832102733537832 0.5546215293683321 0
vn -0.8360672582290078 0.5486269586134367 0
vn -0.8360672582290078 0.5486269586134367 0
vn -0.8360672582290078 0.5486269586134367 0
vn -0.8360672582290078 0.5486269586134367 0
vn -0.8360672582290078 0.5486269586134367 0
vn -0.8360672582290078 0.5486269586134367 0
vn -0.8401087227052194 0.5424180436108341 0
vn -0.8401087227052194 0.5424180436108341 0
vn -0.8401087227052194 0.5424180436108341 0
vn -0.8401087227052194 0.5424180436108341 0
vn -0.8401087227052194 0.5424180436108341 0
vn -0.8401087227052194 0.5424180436108341 0
vn -0.844230677549885 0.5359800025035095 0
vn -0.844230677549885 0.5359800025035095 0
vn -0.844230677549885 0.5359800025035095 0
vn -0.844230677549885 0.5359800025035095 0
vn -0.844230677549885 0.5359800025035095 0
vn -0.844230677549885 0.5359800025035095 0
vn -0.8484269185899376 0.5293125388765917 0
vn -0.8484269185899376 0.5293125388765917 0
vn -0.8484269185899376 0.5293125388765917 0
vn -0.8484269185899376 0.5293125388765917 0
vn -0.8484269185899376 0.5293125388765917 0
vn -0.8484269185899376 0.5293125388765917 0
vn -0.8527037981330845 0.5223947096299998 0
vn -0.8527037981330845 0.5223947096299998 0
vn -0.8527037981330845 0.5223947096299998 0
vn -0.8527037981330845 0.5223947096299998 0
vn -0.8527037981330845 0.5223947096299998 0
vn -0.8527037981330845 0.5223947096299998 0
vn -0.8570580019688266 0.5152199348445311 0
vn -0.8570580019688266 0.5152199348445311 0
vn -0.8570580019688266 0.5152199348445311 0
vn -0.8570580019688266 0.5152199348445311 0
vn -0.8570580019688266 0.5152199348445311 0
vn -0.8570580019688266 0.5152199348445311 0
vn -0.8614906432960975 0.5077734450650961 0
vn -0.8614906432960975 0.5077734450650961 0
vn -0.8614906432960975 0.5077734450650961 0
vn -0.8614906432960975 0.5077734450650961 0
vn -0.8614906432960975 0.5077734450650961 0
vn -0.8614906432960975 0.5077734450650961 0
vn -0.8660014193665746 0.5000415399295125 0
vn -0.8660014193665746 0.5000415399295125 0
vn -0.8660014193665746 0.5000415399295125 0
vn -0.8660014193665746 0.5000415399295125 0
vn -0.8660014193665746 0.5000415399295125 0
vn -0.8660014193665746 0.5000415399295125 0
vn -0.8705895629037589 0.49200997242235023 0
vn -0.8705895629037589 0.49200997242235023 0
vn -0.8705895629037589 0.49200997242235023 0
vn -0.8705895629037589 0.49200997242235023 0
vn -0.8705895629037589 0.49200997242235023 0
vn -0.8705895629037589 0.49200997242235023 0
vn -0.8750922628830049 0.4839561255344349 0
vn -0.8750922628830049 0.4839561255344349 0
vn -0.8750922628830049 0.4839561255344349 0
vn -0.8750922628830049 0.4839561255344349 0
vn -0.8750922628830049 0.4839561255344349 0
vn -0.8750922628830049 0.4839561255344349 0
vn -0.8794938743214719 0.4759102068993763 0
vn -0.8794938743214719 0.4759102068993763 0
vn -0.8794938743214719 0.4759102068993763 0
vn -0.8794938743214719 0.4759102068993763 0
vn -0.8794938743214719 0.4759102068993763 0
vn -0.8794938743214719 0.4759102068993763 0
vn -0.8839402052007798 0.4675999504165965 0
vn -0.8839402052007798 0.4675999504165965 0
vn -0.8839402052007798 0.4675999504165965 0
vn -0.8839402052007798 0.4675999504165965 0
vn -0.8839402052007798 0.4675999504165965 0
vn -0.8839402052007798 0.4675999504165965 0
vn -0.8884249131004895 0.45902197527175903 0
vn -0.8884249131004895 0.45902197527175903 0
vn -0.8884249131004895 0.45902197527175903 0
vn -0.8884249131004895 0.45902197527175903 0
vn -0.8884249131004895 0.45902197527175903 0
vn -0.8884249131004895 0.45902197527175903 0
vn -0.8929480217470703 0.45015978325256195 0
vn -0.8929480217470703 0.45015978325256195 0
vn -0.8929480217470703 0.45015978325256195 0
vn -0.8929480217470703 0.45015978325256195 0
vn -0.8929480217470703 0.45015978325256195 0
vn -0.8929480217470703 0.45015978325256195 0
vn -0.8975053512736716 0.4410035651047768 0
vn -0.8975053512736716 0.4410035651047768 0
vn -0.8975053512736716 0.4410035651047768 0
vn -0.8975053512736716 0.4410035651047768 0
vn -0.8975053512736716 0.4410035651047768 0
vn -0.8975053512736716 0.4410035651047768 0
vn -0.9020908689616796 0.4315461321063625 0
vn -0.9020908689616796 0.4315461321063625 0
vn -0.9020908689616796 0.4315461321063625 0
vn -0.9020908689616796 0.4315461321063625 0
vn -0.9020908689616796 0.4315461321063625 0
vn -0.9020908689616796 0.4315461321063625 0
vn -0.9067024066933084 0.42177096355316135 0
vn -0.9067024066933084 0.42177096355316135 0
vn -0.9067024066933084 0.42177096355316135 0
vn -0.9067024066933084 0.42177096355316135 0
vn -0.9067024066933084 0.42177096355316135 0
vn -0.9067024066933084 0.42177096355316135 0
vn -0.9113337623469465 0.4116682810304421 0
vn -0.9113337623469465 0.4116682810304421 0
vn -0.9113337623469465 0.4116682810304421 0
vn -0.9113337623469465 0.4116682810304421 0
vn -0.9113337623469465 0.4116682810304421 0
vn -0.9113337623469465 0.4116682810304421 0
vn -0.9159790970704628 0.4012259883531721 0
vn -0.9159790970704628 0.4012259883531721 0
vn -0.9159790970704628 0.4012259883531721 0
vn -0.9159790970704628 0.4012259883531721 0
vn -0.9159790970704628 0.4012259883531721 0
vn -0.9159790970704628 0.4012259883531721 0
vn -0.920633665784403 0.3904275264685779 0
vn -0.920633665784403 0.3904275264685779 0
vn -0.920633665784403 0.3904275264685779 0
vn -0.920633665784403 0.3904275264685779 0
vn -0.920633665784403 0.3904275264685779 0
vn -0.920633665784403 0.3904275264685779 0
vn -0.9252875629710801 0.3792662993347019 0
vn -0.9252875629710801 0.3792662993347019 0
vn -0.9252875629710801 0.3792662993347019 0
vn -0.9252875629710801 0.3792662993347019 0
vn -0.9252875629710801 0.3792662993347019 0
vn -0.9252875629710801 0.3792662993347019 0
vn -0.9301195870159881 0.3672567955112711 0
vn -0.9301195870159881 0.3672567955112711 0
vn -0.9301195870159881 0.3672567955112711 0
vn -0.9301195870159881 0.3672567955112711 0
vn -0.9301195870159881 0.3672567955112711 0
vn -0.9301195870159881 0.3672567955112711 0
vn -0.9349918904628804 0.35466909192745977 0
vn -0.9349918904628804 0.35466909192745977 0
vn -0.9349918904628804 0.35466909192745977 0
vn -0.9349918904628804 0.35466909192745977 0
vn -0.9349918904628804 0.35466909192745977 0
vn -0.9349918904628804 0.35466909192745977 0
vn -0.9398143207726368 0.341685590083438 0
vn -0.9398143207726368 0.341685590083438 0
vn -0.9398143207726368 0.341685590083438 0
vn -0.9398143207726368 0.341685590083438 0
vn -0.9398143207726368 0.341685590083438 0
vn -0.9398143207726368 0.341685590083438 0
vn -0.944574904144623 0.32829597996347193 0
vn -0.944574904144623 0.32829597996347193 0
vn -0.944574904144623 0.32829597996347193 0
vn -0.944574904144623 0.32829597996347193 0
vn -0.944574904144623 0.32829597996347193 0
vn -0.944574904144623 0.32829597996347193 0
vn -0.9492604139609038 0.31449112306514104 0
vn -0.9492604139609038 0.31449112306514104 0
vn -0.9492604139609038 0.31449112306514104 0
vn -0.9492604139609038 0.31449112306514104 0
vn -0.9492604139609038 0.31449112306514104 0
vn -0.9492604139609038 0.31449112306514104 0
vn -0.953857382546047 0.30026004356624625 0
vn -0.953857382546047 0.30026004356624625 0
vn -0.953857382546047 0.30026004356624625 0
vn -0.953857382546047 0.30026004356624625 0
vn -0.953857382546047 0.30026004356624625 0
vn -0.953857382546047 0.30026004356624625 0
vn -0.9583515577042634 0.28559112704321155 0
vn -0.9583515577042634 0.28559112704321155 0
vn -0.9583515577042634 0.28559112704321155 0
vn -0.9583515577042634 0.28559112704321155 0
vn -0.9583515577042634 0.28559112704321155 0
vn -0.9583515577042634 0.28559112704321155 0
vn -0.9627252978550366 0.2704810545489854 0
vn -0.9627252978550366 0.2704810545489854 0
vn -0.9627252978550366 0.2704810545489854 0
vn -0.9627252978550366 0.2704810545489854 0
vn -0.9627252978550366 0.2704810545489854 0
vn -0.9627252978550366 0.2704810545489854 0
vn -0.9669635835686615 0.2549145504910459 0
vn -0.9669635835686615 0.2549145504910459 0
vn -0.9669635835686615 0.2549145504910459 0
vn -0.9669635835686615 0.2549145504910459 0
vn -0.9669635835686615 0.2549145504910459 0
vn -0.9669635835686615 0.2549145504910459 0
vn -0.9710468714218382 0.23888904014596388 0
vn -0.9710468714218382 0.23888904014596388 0
vn -0.9710468714218382 0.23888904014596388 0
vn -0.9710468714218382 0.23888904014596388 0
vn -0.9710468714218382 0.23888904014596388 0
vn -0.9710468714218382 0.23888904014596388 0
vn -0.9749567037164492 0.22239475236245154 0
vn -0.9749567037164492 0.22239475236245154 0
vn -0.9749567037164492 0.22239475236245154 0
vn -0.9749567037164492 0.22239475236245154 0
vn -0.9749567037164492 0.22239475236245154 0
vn -0.9749567037164492 0.22239475236245154 0
vn -0.9786715548623945 0.20543122377872117 0
vn -0.9786715548623945 0.20543122377872117 0
vn -0.9786715548623945 0.20543122377872117 0
vn -0.9786715548623945 0.20543122377872117 0
vn -0.9786715548623945 0.20543122377872117 0
vn -0.9786715548623945 0.20543122377872117 0
vn -0.9819573328753819 0.18910260815828592 0
vn -0.9819573328753819 0.18910260815828592 0
vn -0.9819573328753819 0.18910260815828592 0
vn -0.9819573328753819 0.18910260815828592 0
vn -0.9819573328753819 0.18910260815828592 0
vn -0.9819573328753819 0.18910260815828592 0
vn -0.9848138689879877 0.17361348867213763 0
vn -0.9848138689879877 0.17361348867213763 0
vn -0.9848138689879877 0.17361348867213763 0
vn -0.9848138689879877 0.17361348867213763 0
vn -0.9848138689879877 0.17361348867213763 0
vn -0.9848138689879877 0.17361348867213763 0
vn -0.9874533621589399 0.1579109165352589 0
vn -0.9874533621589399 0.1579109165352589 0
vn -0.9874533621589399 0.1579109165352589 0
vn -0.9874533621589399 0.1579109165352589 0
vn -0.9874533621589399 0.1579109165352589 0
vn -0.9874533621589399 0.1579109165352589 0
vn -0.9898660630563788 0.14200414504254852 0
vn -0.9898660630563788 0.14200414504254852 0
vn -0.9898660630563788 0.14200414504254852 0
vn -0.9898660630563788 0.14200414504254852 0
vn -0.9898660630563788 0.14200414504254852 0
vn -0.9898660630563788 0.14200414504254852 0
vn -0.9920424063835785 0.12590418554074614 0
vn -0.9920424063835785 0.12590418554074614 0
vn -0.9920424063835785 0.12590418554074614 0
vn -0.9920424063835785 0.12590418554074614 0
vn -0.9920424063835785 0.12590418554074614 0
vn -0.9920424063835785 0.12590418554074614 0
vn -0.9939740284775235 0.10961583239734687 0
vn -0.9939740284775235 0.10961583239734687 0
vn -0.9939740284775235 0.10961583239734687 0
vn -0.9939740284775235 0.10961583239734687 0
vn -0.9939740284775235 0.10961583239734687 0
vn -0.9939740284775235 0.10961583239734687 0
vn -0.9956516374352639 0.09315480058739854 0
vn -0.9956516374352639 0.09315480058739854 0
vn -0.9956516374352639 0.09315480058739854 0
vn -0.9956516374352639 0.09315480058739854 0
vn -0.9956516374352639 0.09315480058739854 0
vn -0.9956516374352639 0.09315480058739854 0
vn -0.9970674749759183 0.07652744831200506 0
vn -0.9970674749759183 0.07652744831200506 0
vn -0.9970674749759183 0.07652744831200506 0
vn -0.9970674749759183 0.07652744831200506 0
vn -0.9970674749759183 0.07652744831200506 0
vn -0.9970674749759183 0.07652744831200506 0
vn -0.9982135344846356 0.05974729760994626 0
vn -0.9982135344846356 0.05974729760994626 0
vn -0.9982135344846356 0.05974729760994626 0
vn -0.9982135344846356 0.05974729760994626 0
vn -0.9982135344846356 0.05974729760994626 0
vn -0.9982135344846356 0.05974729760994626 0
vn -0.9990824388363633 0.04282849995953882 0
vn -0.9990824388363633 0.04282849995953882 0
vn -0.9990824388363633 0.04282849995953882 0
vn -0.9990824388363633 0.04282849995953882 0
vn -0.9990824388363633 0.04282849995953882 0
vn -0.9990824388363633 0.04282849995953882 0
vn -0.9996676309278839 0.025780373834221385 0
vn -0.9996676309278839 0.025780373834221385 0
vn -0.9996676309278839 0.025780373834221385 0
vn -0.9996676309278839 0.025780373834221385 0
vn -0.9996676309278839 0.025780373834221385 0
vn -0.9996676309278839 0.025780373834221385 0
vn -0.9999628612749717 0.008618356616644996 0
vn -0.9999628612749717 0.008618356616644996 0
vn -0.9999628612749717 0.008618356616644996 0
vn -0.9999628612749717 0.008618356616644996 0
vn -0.9999628612749717 0.008618356616644996 0
vn -0.9999628612749717 0.008618356616644996 0
vn 0 -1 0
vn 0 -1 0
vn 0 -1 0
vn 0 -1 0
vn 0 -1 0
vn 0 -1 0
vn 0.999954554765133 -0.009533541024443096 0
vn 0.999954554765133 -0.009533541024443096 0
vn 0.999954554765133 -0.009533541024443096 0
vn 0.999954554765133 -0.009533541024443096 0
vn 0.999954554765133 -0.009533541024443096 0
vn 0.999954554765133 -0.009533541024443096 0
vn 0.9995865860964216 -0.028751641624456842 0
vn 0.9995865860964216 -0.028751641624456842 0
vn 0.9995865860964216 -0.028751641624456842 0
vn 0.9995865860964216 -0.028751641624456842 0
vn 0.9995865860964216 -0.028751641624456842 0
vn 0.9995865860964216 -0.028751641624456842 0
vn 0.9988399312871543 -0.048153833349719864 0
vn 0.9988399312871543 -0.048153833349719864 0
vn 0.9988399312871543 -0.048153833349719864 0
vn 0.9988399312871543 -0.048153833349719864 0
vn 0.9988399312871543 -0.048153833349719864 0
vn 0.9988399312871543 -0.048153833349719864 0
vn 0.9977043327020096 -0.06772048809361797 0
vn 0.9977043327020096 -0.06772048809361797 0
vn 0.9977043327020096 -0.06772048809361797 0
vn 0.9977043327020096 -0.06772048809361797 0
vn 0.9977043327020096 -0.06772048809361797 0
vn 0.9977043327020096 -0.06772048809361797 0
vn 0.9961707048166173 -0.0874295537284952 0
vn 0.9961707048166173 -0.0874295537284952 0
vn 0.9961707048166173 -0.0874295537284952 0
vn 0.9961707048166173 -0.0874295537284952 0
vn 0.9961707048166173 -0.0874295537284952 0
vn 0.9961707048166173 -0.0874295537284952 0
vn 0.9942308066193514 -0.10726184395689785 0
vn 0.9942308066193514 -0.10726184395689785 0
vn 0.9942308066193514 -0.10726184395689785 0
vn 0.9942308066193514 -0.10726184395689785 0
vn 0.9942308066193514 -0.10726184395689785 0
vn 0.9942308066193514 -0.10726184395689785 0
vn 0.9918779503942787 -0.12719328410590286 0
vn 0.9918779503942787 -0.12719328410590286 0
vn 0.9918779503942787 -0.12719328410590286 0
vn 0.9918779503942787 -0.12719328410590286 0
vn 0.9918779503942787 -0.12719328410590286 0
vn 0.9918779503942787 -0.12719328410590286 0
vn 0.9891067234629576 -0.14720016847942846 0
vn 0.9891067234629576 -0.14720016847942846 0
vn 0.9891067234629576 -0.14720016847942846 0
vn 0.9891067234629576 -0.14720016847942846 0
vn 0.9891067234629576 -0.14720016847942846 0
vn 0.9891067234629576 -0.14720016847942846 0
vn 0.985913377554428 -0.16725672470552536 0
vn 0.985913377554428 -0.16725672470552536 0
vn 0.985913377554428 -0.16725672470552536 0
vn 0.985913377554428 -0.16725672470552536 0
vn 0.985913377554428 -0.16725672470552536 0
vn 0.985913377554428 -0.16725672470552536 0
vn 0.9822947650790554 -0.1873419186895528 0
vn 0.9822947650790554 -0.1873419186895528 0
vn 0.9822947650790554 -0.1873419186895528 0
vn 0.9822947650790554 -0.1873419186895528 0
vn 0.9822947650790554 -0.1873419186895528 0
vn 0.9822947650790554 -0.1873419186895528 0
vn 0.9782508788580525 -0.20742521065060507 0
vn 0.9782508788580525 -0.20742521065060507 0
vn 0.9782508788580525 -0.20742521065060507 0
vn 0.9782508788580525 -0.20742521065060507 0
vn 0.9782508788580525 -0.20742521065060507 0
vn 0.9782508788580525 -0.20742521065060507 0
vn 0.973782048242488 -0.22748301589495576 0
vn 0.973782048242488 -0.22748301589495576 0
vn 0.973782048242488 -0.22748301589495576 0
vn 0.973782048242488 -0.22748301589495576 0
vn 0.973782048242488 -0.22748301589495576 0
vn 0.973782048242488 -0.22748301589495576 0
vn 0.9691282257747733 -0.24655725908324053 0
vn 0.9691282257747733 -0.24655725908324053 0
vn 0.9691282257747733 -0.24655725908324053 0
vn 0.9691282257747733 -0.24655725908324053 0
vn 0.9691282257747733 -0.24655725908324053 0
vn 0.9691282257747733 -0.24655725908324053 0
vn 0.9644181361568901 -0.2643816533946147 0
vn 0.9644181361568901 -0.2643816533946147 0
vn 0.9644181361568901 -0.2643816533946147 0
vn 0.9644181361568901 -0.2643816533946147 0
vn 0.9644181361568901 -0.2643816533946147 0
vn 0.9644181361568901 -0.2643816533946147 0
vn 0.95945572930397 -0.2818593683129708 0
vn 0.95945572930397 -0.2818593683129708 0
vn 0.95945572930397 -0.2818593683129708 0
vn 0.95945572930397 -0.2818593683129708 0
vn 0.95945572930397 -0.2818593683129708 0
vn 0.95945572930397 -0.2818593683129708 0
vn 0.9542575959385895 -0.29898568626859634 0
vn 0.9542575959385895 -0.29898568626859634 0
vn 0.9542575959385895 -0.29898568626859634 0
vn 0.9542575959385895 -0.29898568626859634 0
vn 0.9542575959385895 -0.29898568626859634 0
vn 0.9542575959385895 -0.29898568626859634 0
vn 0.9488424681270099 -0.3157498545979779 0
vn 0.9488424681270099 -0.3157498545979779 0
vn 0.9488424681270099 -0.3157498545979779 0
vn 0.9488424681270099 -0.3157498545979779 0
vn 0.9488424681270099 -0.3157498545979779 0
vn 0.9488424681270099 -0.3157498545979779 0
vn 0.9432266804693679 -0.33214970909325997 0
vn 0.9432266804693679 -0.33214970909325997 0
vn 0.9432266804693679 -0.33214970909325997 0
vn 0.9432266804693679 -0.33214970909325997 0
vn 0.9432266804693679 -0.33214970909325997 0
vn 0.9432266804693679 -0.33214970909325997 0
vn 0.9374259523731757 -0.3481846978505009 0
vn 0.9374259523731757 -0.3481846978505009 0
vn 0.9374259523731757 -0.3481846978505009 0
vn 0.9374259523731757 -0.3481846978505009 0
vn 0.9374259523731757 -0.3481846978505009 0
vn 0.9374259523731757 -0.3481846978505009 0
vn 0.9314589147084562 -0.36384652012922286 0
vn 0.9314589147084562 -0.36384652012922286 0
vn 0.9314589147084562 -0.36384652012922286 0
vn 0.9314589147084562 -0.36384652012922286 0
vn 0.9314589147084562 -0.36384652012922286 0
vn 0.9314589147084562 -0.36384652012922286 0
vn 0.9253395211891402 -0.3791395132737455 0
vn 0.9253395211891402 -0.3791395132737455 0
vn 0.9253395211891402 -0.3791395132737455 0
vn 0.9253395211891402 -0.3791395132737455 0
vn 0.9253395211891402 -0.3791395132737455 0
vn 0.9253395211891402 -0.3791395132737455 0
vn 0.9190842084536364 -0.39406118531409934 0
vn 0.9190842084536364 -0.39406118531409934 0
vn 0.9190842084536364 -0.39406118531409934 0
vn 0.9190842084536364 -0.39406118531409934 0
vn 0.9190842084536364 -0.39406118531409934 0
vn 0.9190842084536364 -0.39406118531409934 0
vn 0.9127077412650481 -0.4086129942070541 0
vn 0.9127077412650481 -0.4086129942070541 0
vn 0.9127077412650481 -0.4086129942070541 0
vn 0.9127077412650481 -0.4086129942070541 0
vn 0.9127077412650481 -0.4086129942070541 0
vn 0.9127077412650481 -0.4086129942070541 0
vn 0.9062246936540698 -0.42279641035797316 0
vn 0.9062246936540698 -0.42279641035797316 0
vn 0.9062246936540698 -0.42279641035797316 0
vn 0.9062246936540698 -0.42279641035797316 0
vn 0.9062246936540698 -0.42279641035797316 0
vn 0.9062246936540698 -0.42279641035797316 0
vn 0.9032436631887933 -0.42912805187879477 0
vn 0.9032436631887933 -0.42912805187879477 0
vn 0.9032436631887933 -0.42912805187879477 0
vn 0.9032436631887933 -0.42912805187879477 0
vn 0.9032436631887933 -0.42912805187879477 0
vn 0.9032436631887933 -0.42912805187879477 0
vn 0.8985070034474072 -0.43895918347377244 0
vn 0.8985070034474072 -0.43895918347377244 0
vn 0.8985070034474072 -0.43895918347377244 0
vn 0.8985070034474072 -0.43895918347377244 0
vn 0.8985070034474072 -0.43895918347377244 0
vn 0.8985070034474072 -0.43895918347377244 0
vn 0.8939933259189425 -0.4480802754109884 0
vn 0.8939933259189425 -0.4480802754109884 0
vn 0.8939933259189425 -0.4480802754109884 0
vn 0.8939933259189425 -0.4480802754109884 0
vn 0.8939933259189425 -0.4480802754109884 0
vn 0.8939933259189425 -0.4480802754109884 0
vn 0.8896912996829314 -0.4565625819846566 0
vn 0.8896912996829314 -0.4565625819846566 0
vn 0.8896912996829314 -0.4565625819846566 0
vn 0.8896912996829314 -0.4565625819846566 0
vn 0.8896912996829314 -0.4565625819846566 0
vn 0.8896912996829314 -0.4565625819846566 0
vn 0.8855869046052305 -0.46447371765442896 0
vn 0.8855869046052305 -0.46447371765442896 0
vn 0.8855869046052305 -0.46447371765442896 0
vn 0.8855869046052305 -0.46447371765442896 0
vn 0.8855869046052305 -0.46447371765442896 0
vn 0.8855869046052305 -0.46447371765442896 0
vn 0.8816729693215724 -0.4718609701677833 0
vn 0.8816729693215724 -0.4718609701677833 0
vn 0.8816729693215724 -0.4718609701677833 0
vn 0.8816729693215724 -0.4718609701677833 0
vn 0.8816729693215724 -0.4718609701677833 0
vn 0.8816729693215724 -0.4718609701677833 0
vn 0.8779343293821784 -0.4787810703153004 0
vn 0.8779343293821784 -0.4787810703153004 0
vn 0.8779343293821784 -0.4787810703153004 0
vn 0.8779343293821784 -0.4787810703153004 0
vn 0.8779343293821784 -0.4787810703153004 0
vn 0.8779343293821784 -0.4787810703153004 0
vn 0.8743670689158847 -0.48526511186715726 0
vn 0.8743670689158847 -0.48526511186715726 0
vn 0.8743670689158847 -0.48526511186715726 0
vn 0.8743670689158847 -0.48526511186715726 0
vn 0.8743670689158847 -0.48526511186715726 0
vn 0.8743670689158847 -0.48526511186715726 0
vn 0.8709546860451978 -0.4913633430119822 0
vn 0.8709546860451978 -0.4913633430119822 0
vn 0.8709546860451978 -0.4913633430119822 0
vn 0.8709546860451978 -0.4913633430119822 0
vn 0.8709546860451978 -0.4913633430119822 0
vn 0.8709546860451978 -0.4913633430119822 0
vn 0.8676941333082859 -0.4970984721585678 0
vn 0.8676941333082859 -0.4970984721585678 0
vn 0.8676941333082859 -0.4970984721585678 0
vn 0.8676941333082859 -0.4970984721585678 0
vn 0.8676941333082859 -0.4970984721585678 0
vn 0.8676941333082859 -0.4970984721585678 0
vn 0.8645732707366298 -0.5025067756038383 0
vn 0.8645732707366298 -0.5025067756038383 0
vn 0.8645732707366298 -0.5025067756038383 0
vn 0.8645732707366298 -0.5025067756038383 0
vn 0.8645732707366298 -0.5025067756038383 0
vn 0.8645732707366298 -0.5025067756038383 0
vn 0.8615840662382918 -0.5076149099507332 0
vn 0.8615840662382918 -0.5076149099507332 0
vn 0.8615840662382918 -0.5076149099507332 0
vn 0.8615840662382918 -0.5076149099507332 0
vn 0.8615840662382918 -0.5076149099507332 0
vn 0.8615840662382918 -0.5076149099507332 0
vn 0.8588935336818329 -0.5121541738573786 0
vn 0.8588935336818329 -0.5121541738573786 0
vn 0.8588935336818329 -0.5121541738573786 0
vn 0.8588935336818329 -0.5121541738573786 0
vn 0.8588935336818329 -0.5121541738573786 0
vn 0.8588935336818329 -0.5121541738573786 0
vn 0.8565261210223674 -0.5161036756373443 0
vn 0.8565261210223674 -0.5161036756373443 0
vn 0.8565261210223674 -0.5161036756373443 0
vn 0.8565261210223674 -0.5161036756373443 0
vn 0.8565261210223674 -0.5161036756373443 0
vn 0.8565261210223674 -0.5161036756373443 0
vn 0.8542584886990608 -0.51984847262024 0
vn 0.8542584886990608 -0.51984847262024 0
vn 0.8542584886990608 -0.51984847262024 0
vn 0.8542584886990608 -0.51984847262024 0
vn 0.8542584886990608 -0.51984847262024 0
vn 0.8542584886990608 -0.51984847262024 0
vn 0.8520826719117807 -0.5234072221776088 0
vn 0.8520826719117807 -0.5234072221776088 0
vn 0.8520826719117807 -0.5234072221776088 0
vn 0.8520826719117807 -0.5234072221776088 0
vn 0.8520826719117807 -0.5234072221776088 0
vn 0.8520826719117807 -0.5234072221776088 0
vn 0.8499982543072093 -0.5267855044272732 0
vn 0.8499982543072093 -0.5267855044272732 0
vn 0.8499982543072093 -0.5267855044272732 0
vn 0.8499982543072093 -0.5267855044272732 0
vn 0.8499982543072093 -0.5267855044272732 0
vn 0.8499982543072093 -0.5267855044272732 0
vn 0.847996030314556 -0.5300025778906691 0
vn 0.847996030314556 -0.5300025778906691 0
vn 0.847996030314556 -0.5300025778906691 0
vn 0.847996030314556 -0.5300025778906691 0
vn 0.847996030314556 -0.5300025778906691 0
vn 0.847996030314556 -0.5300025778906691 0
vn 0.8460703655746198 -0.5330712302276587 0
vn 0.8460703655746198 -0.5330712302276587 0
vn 0.8460703655746198 -0.5330712302276587 0
vn 0.8460703655746198 -0.5330712302276587 0
vn 0.8460703655746198 -0.5330712302276587 0
vn 0.8460703655746198 -0.5330712302276587 0
vn 0.8442211852682321 -0.5359949536556304 0
vn 0.8442211852682321 -0.5359949536556304 0
vn 0.8442211852682321 -0.5359949536556304 0
vn 0.8442211852682321 -0.5359949536556304 0
vn 0.8442211852682321 -0.5359949536556304 0
vn 0.8442211852682321 -0.5359949536556304 0
vn 0.842439683663054 -0.5387906637922503 0
vn 0.842439683663054 -0.5387906637922503 0
vn 0.842439683663054 -0.5387906637922503 0
vn 0.842439683663054 -0.5387906637922503 0
vn 0.842439683663054 -0.5387906637922503 0
vn 0.842439683663054 -0.5387906637922503 0
vn 0.8407262574836515 -0.5414603955761982 0
vn 0.8407262574836515 -0.5414603955761982 0
vn 0.8407262574836515 -0.5414603955761982 0
vn 0.8407262574836515 -0.5414603955761982 0
vn 0.8407262574836515 -0.5414603955761982 0
vn 0.8407262574836515 -0.5414603955761982 0
vn 0.8390755270570236 -0.544014944550219 0
vn 0.8390755270570236 -0.544014944550219 0
vn 0.8390755270570236 -0.544014944550219 0
vn 0.8390755270570236 -0.544014944550219 0
vn 0.8390755270570236 -0.544014944550219 0
vn 0.8390755270570236 -0.544014944550219 0
vn 0.8374829734098493 -0.5464634198632125 0
vn 0.8374829734098493 -0.5464634198632125 0
vn 0.8374829734098493 -0.5464634198632125 0
vn 0.8374829734098493 -0.5464634198632125 0
vn 0.8374829734098493 -0.5464634198632125 0
vn 0.8374829734098493 -0.5464634198632125 0
vn 1 0 0
vn 1 0 0
vn 1 0 0
vn 1 0 0
vn 1 0 0
vn 1 0 0
f 1/1/1 2/2/2 3/3/3
f 4/4/4 5/5/5 6/6/6
f 7/7/7 8/8/8 9/9/9
f 10/10/10 11/11/11 12/12/12
f 13/13/13 14/14/14 15/15/15
f 16/16/16 17/17/17 18/18/18
f 19/19/19 20/20/20 21/21/21
f 22/22/22 23/23/23 24/24/24
f 25/25/25 26/26/26 27/27/27
f 28/28/28 29/29/29 30/30/30
f 31/31/31 32/32/32 33/33/33
f 34/34/34 35/35/35 36/36/36
f 37/37/37 38/38/38 39/39/39
f 40/40/40 41/41/41 42/42/42
f 43/43/43 44/44/44 45/45/45
f 46/46/46 47/47/47 48/48/48
f 49/49/49 50/50/50 51/51/51
f 52/52/52 53/53/53 54/54/54
f 55/55/55 56/56/56 57/57/57
f 58/58/58 59/59/59 60/60/60
f 61/61/61 62/62/62 63/63/63
f 64/64/64 65/65/65 66/66/66
f 67/67/67 68/68/68 69/69/69
f 70/70/70 71/71/71 72/72/72
f 73/73/73 74/74/74 75/75/75
f 76/76/76 77/77/77 78/78/78
f 79/79/79 80/80/80 81/81/81
f 82/82/82 83/83/83 84/84/84
f 85/85/85 86/86/86 87/87/87
f 88/88/88 89/89/89 90/90/90
f 91/91/91 92/92/92 93/93/93
f 94/94/94 95/95/95 96/96/96
f 97/97/97 98/98/98 99/99/99
f 100/100/100 101/101/101 102/102/102
f 103/103/103 104/104/104 105/105/105
f 106/106/106 107/107/107 108/108/108
f 109/109/109 110/110/110 111/111/111
f 112/112/112 113/113/113 114/114/114
f 115/115/115 116/116/116 117/117/117
f 118/118/118 119/119/119 120/120/120
f 121/121/121 122/122/122 123/123/123
f 124/124/124 125/125/125 126/126/126
f 127/127/127 128/128/128 129/129/129
f 130/130/130 131/131/131 132/132/132
f 133/133/133 134/134/134 135/135/135
f 136/136/136 137/137/137 138/138/138
f 139/139/139 140/140/140 141/141/141
f 142/142/142 143/143/143 144/144/144
f 145/145/145 146/146/146 147/147/147
f 148/148/148 149/149/149 150/150/150
f 151/151/151 152/152/152 153/153/153
f 154/154/154 155/155/155 156/156/156
f 157/157/157 158/158/158 159/159/159
f 160/160/160 161/161/161 162/162/162
f 163/163/163 164/164/164 165/165/165
f 166/166/166 167/167/167 168/168/168
f 169/169/169 170/170/170 171/171/171
f 172/172/172 173/173/173 174/174/174
f 175/175/175 176/176/176 177/177/177
f 178/178/178 179/179/179 180/180/180
f 181/181/181 182/182/182 183/183/183
f 184/184/184 185/185/185 186/186/186
f 187/187/187 188/188/188 189/189/189
f 190/190/190 191/191/191 192/192/192
f 193/193/193 194/194/194 195/195/195
f 196/196/196 197/197/197 198/198/198
f 199/199/199 200/200/200 201/201/201
f 202/202/202 203/203/203 204/204/204
f 205/205/205 206/206/206 207/207/207
f 208/208/208 209/209/209 210/210/210
f 211/211/211 212/212/212 213/213/213
f 214/214/214 215/215/215 216/216/216
f 217/217/217 218/218/218 219/219/219
f 220/220/220 221/221/221 222/222/222
f 223/223/223 224/224/224 225/225/225
f 226/226/226 227/227/227 228/228/228
f 229/229/229 230/230/230 231/231/231
f 232/232/232 233/233/233 234/234/234
f 235/235/235 236/236/236 237/237/237
f 238/238/238 239/239/239 240/240/240
f 241/241/241 242/242/242 243/243/243
f 244/244/244 245/245/245 246/246/246
f 247/247/247 248/248/248 249/249/249
f 250/250/250 251/251/251 252/252/252
f 253/253/253 254/254/254 255/255/255
f 256/256/256 257/257/257 258/258/258
f 259/259/259 260/260/260 261/261/261
f 262/262/262 263/263/263 264/264/264
f 265/265/265 266/266/266 267/267/267
f 268/268/268 269/269/269 270/270/270
f 271/271/271 272/272/272 273/273/273
f 274/274/274 275/275/275 276/276/276
f 277/277/277 278/278/278 279/279/279
f 280/280/280 281/281/281 282/282/282
f 283/283/283 284/284/284 285/285/285
f 286/286/286 287/287/287 288/288/288
f 289/289/289 290/290/290 291/291/291
f 292/292/292 293/293/293 294/294/294
f 295/295/295 296/296/296 297/297/297
f 298/298/298 299/299/299 300/300/300
f 301/301/301 302/302/302 303/303/303
f 304/304/304 305/305/305 306/306/306
f 307/307/307 308/308/308 309/309/309
f 310/310/310 311/311/311 312/312/312
f 313/313/313 314/314/314 315/315/315
f 316/316/316 317/317/317 318/318/318
f 319/319/319 320/320/320 321/321/321
f 322/322/322 323/323/323 324/324/324
f 325/325/325 326/326/326 327/327/327
f 328/328/328 329/329/329 330/330/330
f 331/331/331 332/332/332 333/333/333
f 334/334/334 335/335/335 336/336/336
f 337/337/337 338/338/338 339/339/339
f 340/340/340 341/341/341 342/342/342
f 343/343/343 344/344/344 345/345/345
f 346/346/346 347/347/347 348/348/348
f 349/349/349 350/350/350 351/351/351
f 352/352/352 353/353/353 354/354/354
f 355/355/355 356/356/356 357/357/357
f 358/358/358 359/359/359 360/360/360
f 361/361/361 362/362/362 363/363/363
f 364/364/364 365/365/365 366/366/366
f 367/367/367 368/368/368 369/369/369
f 370/370/370 371/371/371 372/372/372
f 373/373/373 374/374/374 375/375/375
f 376/376/376 377/377/377 378/378/378
f 379/379/379 380/380/380 381/381/381
f 382/382/382 383/383/383 384/384/384
f 385/385/385 386/386/386 387/387/387
f 388/388/388 389/389/389 390/390/390
f 391/391/391 392/392/392 393/393/393
f 394/394/394 395/395/395 396/396/396
f 397/397/397 398/398/398 399/399/399
f 400/400/400 401/401/401 402/402/402
f 403/403/403 404/404/404 405/405/405
f 406/406/406 407/407/407 408/408/408
f 409/409/409 410/410/410 411/411/411
f 412/412/412 413/413/413 414/414/414
f 415/415/415 416/416/416 417/417/417
f 418/418/418 419/419/419 420/420/420
f 421/421/421 422/422/422 423/423/423
f 424/424/424 425/425/425 426/426/426
f 427/427/427 428/428/428 429/429/429
f 430/430/430 431/431/431 432/432/432
f 433/433/433 434/434/434 435/435/435
f 436/436/436 437/437/437 438/438/438
f 439/439/439 440/440/440 441/441/441
f 442/442/442 443/443/443 444/444/444
f 445/445/445 446/446/446 447/447/447
f 448/448/448 449/449/449 450/450/450
f 451/451/451 452/452/452 453/453/453
f 454/454/454 455/455/455 456/456/456
f 457/457/457 458/458/458 459/459/459
f 460/460/460 461/461/461 462/462/462
f 463/463/463 464/464/464 465/465/465
f 466/466/466 467/467/467 468/468/468
f 469/469/469 470/470/470 471/471/471
f 472/472/472 473/473/473 474/474/474
f 475/475/475 476/476/476 477/477/477
f 478/478/478 479/479/479 480/480/480
f 481/481/481 482/482/482 483/483/483
f 484/484/484 485/485/485 486/486/486
f 487/487/487 488/488/488 489/489/489
f 490/490/490 491/491/491 492/492/492
f 493/493/493 494/494/494 495/495/495
f 496/496/496 497/497/497 498/498/498
f 499/499/499 500/500/500 501/501/501
f 502/502/502 503/503/503 504/504/504
f 505/505/505 506/506/506 507/507/507
f 508/508/508 509/509/509 510/510/510
f 511/511/511 512/512/512 513/513/513
f 514/514/514 515/515/515 516/516/516
f 517/517/517 518/518/518 519/519/519
f 520/520/520 521/521/521 522/522/522
f 523/523/523 524/524/524 525/525/525
f 526/526/526 527/527/527 528/528/528
f 529/529/529 530/530/530 531/531/531
f 532/532/532 533/533/533 534/534/534
f 535/535/535 536/536/536 537/537/537
f 538/538/538 539/539/539 540/540/540
f 541/541/541 542/542/542 543/543/543
f 544/544/544 545/545/545 546/546/546
f 547/547/547 548/548/548 549/549/549
f 550/550/550 551/551/551 552/552/552
f 553/553/553 554/554/554 555/555/555
f 556/556/556 557/557/557 558/558/558
f 559/559/559 560/560/560 561/561/561
f 562/562/562 563/563/563 564/564/564
f 565/565/565 566/566/566 567/567/567
f 568/568/568 569/569/569 570/570/570
f 571/571/571 572/572/572 573/573/573
f 574/574/574 575/575/575 576/576/576
f 577/577/577 578/578/578 579/579/579
f 580/580/580 581/581/581 582/582/582
f 583/583/583 584/584/584 585/585/585
f 586/586/586 587/587/587 588/588/588
f 589/589/589 590/590/590 591/591/591
f 592/592/592 593/593/593 594/594/594
f 595/595/595 596/596/596 597/597/597
f 598/598/598 599/599/599 600/600/600
f 601/601/601 602/602/602 603/603/603
f 604/604/604 605/605/605 606/606/606
f 607/607/607 608/608/608 609/609/609
f 610/610/610 611/611/611 612/612/612
f 613/613/613 614/614/614 615/615/615
f 616/616/616 617/617/617 618/618/618
f 619/619/619 620/620/620 621/621/621
f 622/622/622 623/623/623 624/624/624
f 625/625/625 626/626/626 627/627/627
f 628/628/628 629/629/629 630/630/630
f 631/631/631 632/632/632 633/633/633
f 634/634/634 635/635/635 636/636/636
f 637/637/637 638/638/638 639/639/639
f 640/640/640 641/641/641 642/642/642
f 643/643/643 644/644/644 645/645/645
f 646/646/646 647/647/647 648/648/648
f 649/649/649 650/650/650 651/651/651
f 652/652/652 653/653/653 654/654/654
f 655/655/655 656/656/656 657/657/657
f 658/658/658 659/659/659 660/660/660
f 661/661/661 662/662/662 663/663/663
f 664/664/664 665/665/665 666/666/666
f 667/667/667 668/668/668 669/669/669
f 670/670/670 671/671/671 672/672/672
f 673/673/673 674/674/674 675/675/675
f 676/676/676 677/677/677 678/678/678
f 679/679/679 680/680/680 681/681/681
f 682/682/682 683/683/683 684/684/684
f 685/685/685 686/686/686 687/687/687
f 688/688/688 689/689/689 690/690/690
f 691/691/691 692/692/692 693/693/693
f 694/694/694 695/695/695 696/696/696
f 697/697/697 698/698/698 699/699/699
f 700/700/700 701/701/701 702/702/702
f 703/703/703 704/704/704 705/705/705
f 706/706/706 707/707/707 708/708/708
f 709/709/709 710/710/710 711/711/711
f 712/712/712 713/713/713 714/714/714
f 715/715/715 716/716/716 717/717/717
f 718/718/718 719/719/719 720/720/720
f 721/721/721 722/722/722 723/723/723
f 724/724/724 725/725/725 726/726/726
f 727/727/727 728/728/728 729/729/729
f 730/730/730 731/731/731 732/732/732
f 733/733/733 734/734/734 735/735/735
f 736/736/736 737/737/737 738/738/738
f 739/739/739 740/740/740 741/741/741
f 742/742/742 743/743/743 744/744/744
f 745/745/745 746/746/746 747/747/747
f 748/748/748 749/749/749 750/750/750
f 751/751/751 752/752/752 753/753/753
f 754/754/754 755/755/755 756/756/756
f 757/757/757 758/758/758 759/759/759
f 760/760/760 761/761/761 762/762/762
f 763/763/763 764/764/764 765/765/765
f 766/766/766 767/767/767 768/768/768
f 769/769/769 770/770/770 771/771/771
f 772/772/772 773/773/773 774/774/774
f 775/775/775 776/776/776 777/777/777
f 778/778/778 779/779/779 780/780/780
f 781/781/781 782/782/782 783/783/783
f 784/784/784 785/785/785 786/786/786
f 787/787/787 788/788/788 789/789/789
f 790/790/790 791/791/791 792/792/792
f 793/793/793 794/794/794 795/795/795
f 796/796/796 797/797/797 798/798/798
f 799/799/799 800/800/800 801/801/801
f 802/802/802 803/803/803 804/804/804
f 805/805/805 806/806/806 807/807/807
f 808/808/808 809/809/809 810/810/810
f 811/811/811 812/812/812 813/813/813
f 814/814/814 815/815/815 816/816/816
f 817/817/817 818/818/818 819/819/819
f 820/820/820 821/821/821 822/822/822
f 823/823/823 824/824/824 825/825/825
f 826/826/826 827/827/827 828/828/828
f 829/829/829 830/830/830 831/831/831
f 832/832/832 833/833/833 834/834/834
f 835/835/835 836/836/836 837/837/837
f 838/838/838 839/839/839 840/840/840
f 841/841/841 842/842/842 843/843/843
f 844/844/844 845/845/845 846/846/846
f 847/847/847 848/848/848 849/849/849
f 850/850/850 851/851/851 852/852/852
f 853/853/853 854/854/854 855/855/855
f 856/856/856 857/857/857 858/858/858
f 859/859/859 860/860/860 861/861/861
f 862/862/862 863/863/863 864/864/864
f 865/865/865 866/866/866 867/867/867
f 868/868/868 869/869/869 870/870/870
f 871/871/871 872/872/872 873/873/873
f 874/874/874 875/875/875 876/876/876
f 877/877/877 878/878/878 879/879/879
f 880/880/880 881/881/881 882/882/882
f 883/883/883 884/884/884 885/885/885
f 886/886/886 887/887/887 888/888/888
f 889/889/889 890/890/890 891/891/891
f 892/892/892 893/893/893 894/894/894
f 895/895/895 896/896/896 897/897/897
f 898/898/898 899/899/899 900/900/900
f 901/901/901 902/902/902 903/903/903
f 904/904/904 905/905/905 906/906/906
f 907/907/907 908/908/908 909/909/909
f 910/910/910 911/911/911 912/912/912
f 913/913/913 914/914/914 915/915/915
f 916/916/916 917/917/917 918/918/918
f 919/919/919 920/920/920 921/921/921
f 922/922/922 923/923/923 924/924/924
f 925/925/925 926/926/926 927/927/927
f 928/928/928 929/929/929 930/930/930
f 931/931/931 932/932/932 933/933/933
f 934/934/934 935/935/935 936/936/936
f 937/937/937 938/938/938 939/939/939
f 940/940/940 941/941/941 942/942/942
f 943/943/943 944/944/944 945/945/945
f 946/946/946 947/947/947 948/948/948
f 949/949/949 950/950/950 951/951/951
f 952/952/952 953/953/953 954/954/954
f 955/955/955 956/956/956 957/957/957
f 958/958/958 959/959/959 960/960/960
f 961/961/961 962/962/962 963/963/963
f 964/964/964 965/965/965 966/966/966
f 967/967/967 968/968/968 969/969/969
f 970/970/970 971/971/971 972/972/972
f 973/973/973 974/974/974 975/975/975
f 976/976/976 977/977/977 978/978/978
f 979/979/979 980/980/980 981/981/981
f 982/982/982 983/983/983 984/984/984
f 985/985/985 986/986/986 987/987/987
f 988/988/988 989/989/989 990/990/990
f 991/991/991 992/992/992 993/993/993
f 994/994/994 995/995/995 996/996/996
f 997/997/997 998/998/998 999/999/999
f 1000/1000/1000 1001/1001/1001 1002/1002/1002
f 1003/1003/1003 1004/1004/1004 1005/1005/1005
f 1006/1006/1006 1007/1007/1007 1008/1008/1008
f 1009/1009/1009 1010/1010/1010 1011/1011/1011
f 1012/1012/1012 1013/1013/1013 1014/1014/1014
f 1015/1015/1015 1016/1016/1016 1017/1017/1017
f 1018/1018/1018 1019/1019/1019 1020/1020/1020
f 1021/1021/1021 1022/1022/1022 1023/1023/1023
f 1024/1024/1024 1025/1025/1025 1026/1026/1026
f 1027/1027/1027 1028/1028/1028 1029/1029/1029
f 1030/1030/1030 1031/1031/1031 1032/1032/1032
f 1033/1033/1033 1034/1034/1034 1035/1035/1035
f 1036/1036/1036 1037/1037/1037 1038/1038/1038
f 1039/1039/1039 1040/1040/1040 1041/1041/1041
f 1042/1042/1042 1043/1043/1043 1044/1044/1044
f 1045/1045/1045 1046/1046/1046 1047/1047/1047
f 1048/1048/1048 1049/1049/1049 1050/1050/1050
f 1051/1051/1051 1052/1052/1052 1053/1053/1053
f 1054/1054/1054 1055/1055/1055 1056/1056/1056
f 1057/1057/1057 1058/1058/1058 1059/1059/1059
f 1060/1060/1060 1061/1061/1061 1062/1062/1062
f 1063/1063/1063 1064/1064/1064 1065/1065/1065
f 1066/1066/1066 1067/1067/1067 1068/1068/1068
f 1069/1069/1069 1070/1070/1070 1071/1071/1071
f 1072/1072/1072 1073/1073/1073 1074/1074/1074
f 1075/1075/1075 1076/1076/1076 1077/1077/1077
f 1078/1078/1078 1079/1079/1079 1080/1080/1080
f 1081/1081/1081 1082/1082/1082 1083/1083/1083
f 1084/1084/1084 1085/1085/1085 1086/1086/1086
f 1087/1087/1087 1088/1088/1088 1089/1089/1089
f 1090/1090/1090 1091/1091/1091 1092/1092/1092
f 1093/1093/1093 1094/1094/1094 1095/1095/1095
f 1096/1096/1096 1097/1097/1097 1098/1098/1098
f 1099/1099/1099 1100/1100/1100 1101/1101/1101
f 1102/1102/1102 1103/1103/1103 1104/1104/1104
f 1105/1105/1105 1106/1106/1106 1107/1107/1107
f 1108/1108/1108 1109/1109/1109 1110/1110/1110
f 1111/1111/1111 1112/1112/1112 1113/1113/1113
f 1114/1114/1114 1115/1115/1115 1116/1116/1116
f 1117/1117/1117 1118/1118/1118 1119/1119/1119
f 1120/1120/1120 1121/1121/1121 1122/1122/1122
f 1123/1123/1123 1124/1124/1124 1125/1125/1125
f 1126/1126/1126 1127/1127/1127 1128/1128/1128
f 1129/1129/1129 1130/1130/1130 1131/1131/1131
f 1132/1132/1132 1133/1133/1133 1134/1134/1134
f 1135/1135/1135 1136/1136/1136 1137/1137/1137
f 1138/1138/1138 1139/1139/1139 1140/1140/1140
f 1141/1141/1141 1142/1142/1142 1143/1143/1143
f 1144/1144/1144 1145/1145/1145 1146/1146/1146
f 1147/1147/1147 1148/1148/1148 1149/1149/1149
f 1150/1150/1150 1151/1151/1151 1152/1152/1152
f 1153/1153/1153 1154/1154/1154 1155/1155/1155
f 1156/1156/1156 1157/1157/1157 1158/1158/1158
f 1159/1159/1159 1160/1160/1160 1161/1161/1161
f 1162/1162/1162 1163/1163/1163 1164/1164/1164
f 1165/1165/1165 1166/1166/1166 1167/1167/1167
f 1168/1168/1168 1169/1169/1169 1170/1170/1170
f 1171/1171/1171 1172/1172/1172 1173/1173/1173
f 1174/1174/1174 1175/1175/1175 1176/1176/1176
f 1177/1177/1177 1178/1178/1178 1179/1179/1179
f 1180/1180/1180 1181/1181/1181 1182/1182/1182
f 1183/1183/1183 1184/1184/1184 1185/1185/1185
f 1186/1186/1186 1187/1187/1187 1188/1188/1188
f 1189/1189/1189 1190/1190/1190 1191/1191/1191
f 1192/1192/1192 1193/1193/1193 1194/1194/1194
f 1195/1195/1195 1196/1196/1196 1197/1197/1197
f 1198/1198/1198 1199/1199/1199 1200/1200/1200
